Beginning geometry optimization...
Iteration: 0, x = [-9.47011809e-01 -1.51178400e-07 -1.79372586e-01 -3.39075955e+00
  1.12060989e-05 -1.69694158e+00  3.37174469e+00  1.43618633e+00
  9.26837902e-01  3.37173454e+00 -1.43622165e+00  9.26812012e-01
 -2.75958050e+00 -2.45664900e-06 -2.11145202e-03  2.76874517e+00
 -7.19987130e-06  1.98421650e-03], f(x) = -0.00792159909482333
Iteration: 1, x = [-9.47011809e-01 -1.51178400e-07 -1.79372586e-01 -3.39075955e+00
  1.12060989e-05 -1.69694158e+00  3.37174469e+00  1.43618633e+00
  9.26837902e-01  3.37173454e+00 -1.43622165e+00  9.26812012e-01
 -2.75958050e+00 -2.45664900e-06 -2.11145202e-03  2.76874517e+00
 -7.19987130e-06  1.98421650e-03], f(x) = -0.00792159909482333
Iteration: 2, x = [-9.47011809e-01 -1.51178400e-07 -1.79372586e-01 -3.39075955e+00
  1.12060989e-05 -1.69694158e+00  3.37174469e+00  1.43618633e+00
  9.26837902e-01  3.37173454e+00 -1.43622165e+00  9.26812012e-01
 -2.75958050e+00 -2.45664900e-06 -2.11145202e-03  2.76874517e+00
 -7.19987130e-06  1.98421650e-03], f(x) = -0.00792159909482333
Iteration: 3, x = [-9.47011809e-01 -1.51178400e-07 -1.79372586e-01 -3.39075955e+00
  1.12060989e-05 -1.69694158e+00  3.37174469e+00  1.43618633e+00
  9.26837902e-01  3.37173454e+00 -1.43622165e+00  9.26812012e-01
 -2.75958050e+00 -2.45664900e-06 -2.11145202e-03  2.76874517e+00
 -7.19987130e-06  1.98421650e-03], f(x) = -0.00792159909482333
Iteration: 4, x = [-9.47011809e-01 -1.51178400e-07 -1.79372586e-01 -3.39075955e+00
  1.12060989e-05 -1.69694158e+00  3.37174469e+00  1.43618633e+00
  9.26837902e-01  3.37173454e+00 -1.43622165e+00  9.26812012e-01
 -2.75958050e+00 -2.45664900e-06 -2.11145202e-03  2.76874517e+00
 -7.19987130e-06  1.98421650e-03], f(x) = -0.00792159909482333
Iteration: 5, x = [-9.47011809e-01 -1.51178400e-07 -1.79372586e-01 -3.39075955e+00
  1.12060989e-05 -1.69694158e+00  3.37174469e+00  1.43618633e+00
  9.26837902e-01  3.37173454e+00 -1.43622165e+00  9.26812012e-01
 -2.75958050e+00 -2.45664900e-06 -2.11145202e-03  2.76874517e+00
 -7.19987130e-06  1.98421650e-03], f(x) = -0.00792159909482333
Iteration: 6, x = [-9.47011809e-01 -1.51178400e-07 -1.79372586e-01 -3.39075955e+00
  1.12060989e-05 -1.69694158e+00  3.37174469e+00  1.43618633e+00
  9.26837902e-01  3.37173454e+00 -1.43622165e+00  9.26812012e-01
 -2.75958050e+00 -2.45664900e-06 -2.11145202e-03  2.76874517e+00
 -7.19987130e-06  1.98421650e-03], f(x) = -0.00792159909482333
Iteration: 7, x = [-9.47011809e-01 -1.51178400e-07 -1.79372586e-01 -3.39075955e+00
  1.12060989e-05 -1.69694158e+00  3.37174469e+00  1.43618633e+00
  9.26837902e-01  3.37173454e+00 -1.43622165e+00  9.26812012e-01
 -2.75958050e+00 -2.45664900e-06 -2.11145202e-03  2.76874517e+00
 -7.19987130e-06  1.98421650e-03], f(x) = -0.00792159909482333
Iteration: 8, x = [-9.47011809e-01 -1.51178400e-07 -1.79372586e-01 -3.39075955e+00
  1.12060989e-05 -1.69694158e+00  3.37174469e+00  1.43618633e+00
  9.26837902e-01  3.37173454e+00 -1.43622165e+00  9.26812012e-01
 -2.75958050e+00 -2.45664900e-06 -2.11145202e-03  2.76874517e+00
 -7.19987130e-06  1.98421650e-03], f(x) = -0.00792159909482333
Iteration: 9, x = [-9.47011809e-01 -1.51178400e-07 -1.79372586e-01 -3.39075955e+00
  1.12060989e-05 -1.69694158e+00  3.37174469e+00  1.43618633e+00
  9.26837902e-01  3.37173454e+00 -1.43622165e+00  9.26812012e-01
 -2.75958050e+00 -2.45664900e-06 -2.11145202e-03  2.76874517e+00
 -7.19987130e-06  1.98421650e-03], f(x) = -0.00792159909482333
Iteration: 10, x = [-9.47011809e-01 -1.51178400e-07 -1.79372586e-01 -3.39075955e+00
  1.12060989e-05 -1.69694158e+00  3.37174469e+00  1.43618633e+00
  9.26837902e-01  3.37173454e+00 -1.43622165e+00  9.26812012e-01
 -2.75958050e+00 -2.45664900e-06 -2.11145202e-03  2.76874517e+00
 -7.19987130e-06  1.98421650e-03], f(x) = -0.00792159909482333
Iteration: 11, x = [-9.47011809e-01 -1.51178400e-07 -1.79372586e-01 -3.39075955e+00
  1.12060989e-05 -1.69694158e+00  3.37174469e+00  1.43618633e+00
  9.26837902e-01  3.37173454e+00 -1.43622165e+00  9.26812012e-01
 -2.75958050e+00 -2.45664900e-06 -2.11145202e-03  2.76874517e+00
 -7.19987130e-06  1.98421650e-03], f(x) = -0.00792159909482333
Iteration: 12, x = [-9.47011809e-01 -1.51178400e-07 -1.79372586e-01 -3.39075955e+00
  1.12060989e-05 -1.69694158e+00  3.37174469e+00  1.43618633e+00
  9.26837902e-01  3.37173454e+00 -1.43622165e+00  9.26812012e-01
 -2.75958050e+00 -2.45664900e-06 -2.11145202e-03  2.76874517e+00
 -7.19987130e-06  1.98421650e-03], f(x) = -0.00792159909482333
Iteration: 13, x = [-9.47011809e-01 -1.51178400e-07 -1.79372586e-01 -3.39075955e+00
  1.12060989e-05 -1.69694158e+00  3.37174469e+00  1.43618633e+00
  9.26837902e-01  3.37173454e+00 -1.43622165e+00  9.26812012e-01
 -2.75958050e+00 -2.45664900e-06 -2.11145202e-03  2.76874517e+00
 -7.19987130e-06  1.98421650e-03], f(x) = -0.00792159909482333
Iteration: 14, x = [-9.47011809e-01 -1.51178400e-07 -1.79372586e-01 -3.39075955e+00
  1.12060989e-05 -1.69694158e+00  3.37174469e+00  1.43618633e+00
  9.26837902e-01  3.37173454e+00 -1.43622165e+00  9.26812012e-01
 -2.75958050e+00 -2.45664900e-06 -2.11145202e-03  2.76874517e+00
 -7.19987130e-06  1.98421650e-03], f(x) = -0.00792159909482333
Iteration: 15, x = [-9.47011809e-01 -1.51178400e-07 -1.79372586e-01 -3.39075955e+00
  1.12060989e-05 -1.69694158e+00  3.37174469e+00  1.43618633e+00
  9.26837902e-01  3.37173454e+00 -1.43622165e+00  9.26812012e-01
 -2.75958050e+00 -2.45664900e-06 -2.11145202e-03  2.76874517e+00
 -7.19987130e-06  1.98421650e-03], f(x) = -0.00792159909482333
Iteration: 16, x = [-9.47011809e-01 -1.51178400e-07 -1.79372586e-01 -3.39075955e+00
  1.12060989e-05 -1.69694158e+00  3.37174469e+00  1.43618633e+00
  9.26837902e-01  3.37173454e+00 -1.43622165e+00  9.26812012e-01
 -2.75958050e+00 -2.45664900e-06 -2.11145202e-03  2.76874517e+00
 -7.19987130e-06  1.98421650e-03], f(x) = -0.00792159909482333
Iteration: 17, x = [-9.47011809e-01 -1.51178400e-07 -1.79372586e-01 -3.39075955e+00
  1.12060989e-05 -1.69694158e+00  3.37174469e+00  1.43618633e+00
  9.26837902e-01  3.37173454e+00 -1.43622165e+00  9.26812012e-01
 -2.75958050e+00 -2.45664900e-06 -2.11145202e-03  2.76874517e+00
 -7.19987130e-06  1.98421650e-03], f(x) = -0.00792159909482333
Iteration: 18, x = [-9.47011809e-01 -1.51178400e-07 -1.79372586e-01 -3.39075955e+00
  1.12060989e-05 -1.69694158e+00  3.37174469e+00  1.43618633e+00
  9.26837902e-01  3.37173454e+00 -1.43622165e+00  9.26812012e-01
 -2.75958050e+00 -2.45664900e-06 -2.11145202e-03  2.76874517e+00
 -7.19987130e-06  1.98421650e-03], f(x) = -0.00792159909482333
Iteration: 19, x = [-9.47011809e-01 -1.51178400e-07 -1.79372586e-01 -3.39075955e+00
  1.12060989e-05 -1.69694158e+00  3.37174469e+00  1.43618633e+00
  9.26837902e-01  3.37173454e+00 -1.43622165e+00  9.26812012e-01
 -2.75958050e+00 -2.45664900e-06 -2.11145202e-03  2.76874517e+00
 -7.19987130e-06  1.98421650e-03], f(x) = -0.00792159909482333
Iteration: 20, x = [-9.47011809e-01 -1.51178400e-07 -1.79372586e-01 -3.39075955e+00
  1.12060989e-05 -1.69694158e+00  3.37174469e+00  1.43618633e+00
  9.26837902e-01  3.37173454e+00 -1.43622165e+00  9.26812012e-01
 -2.75958050e+00 -2.45664900e-06 -2.11145202e-03  2.76874517e+00
 -7.19987130e-06  1.98421650e-03], f(x) = -0.00792159909482333
Iteration: 21, x = [-9.47011809e-01 -1.51178400e-07 -1.79372586e-01 -3.39075955e+00
  1.12060989e-05 -1.69694158e+00  3.37174469e+00  1.43618633e+00
  9.26837902e-01  3.37173454e+00 -1.43622165e+00  9.26812012e-01
 -2.75958050e+00 -2.45664900e-06 -2.11145202e-03  2.76874517e+00
 -7.19987130e-06  1.98421650e-03], f(x) = -0.00792159909482333
Iteration: 22, x = [-9.47011809e-01 -1.51178400e-07 -1.79372586e-01 -3.39075955e+00
  1.12060989e-05 -1.69694158e+00  3.37174469e+00  1.43618633e+00
  9.26837902e-01  3.37173454e+00 -1.43622165e+00  9.26812012e-01
 -2.75958050e+00 -2.45664900e-06 -2.11145202e-03  2.76874517e+00
 -7.19987130e-06  1.98421650e-03], f(x) = -0.00792159909482333
Iteration: 23, x = [-9.47011809e-01 -1.51178400e-07 -1.79372586e-01 -3.39075955e+00
  1.12060989e-05 -1.69694158e+00  3.37174469e+00  1.43618633e+00
  9.26837902e-01  3.37173454e+00 -1.43622165e+00  9.26812012e-01
 -2.75958050e+00 -2.45664900e-06 -2.11145202e-03  2.76874517e+00
 -7.19987130e-06  1.98421650e-03], f(x) = -0.00792159909482333
Iteration: 24, x = [-9.47011809e-01 -1.51178400e-07 -1.79372586e-01 -3.39075955e+00
  1.12060989e-05 -1.69694158e+00  3.37174469e+00  1.43618633e+00
  9.26837902e-01  3.37173454e+00 -1.43622165e+00  9.26812012e-01
 -2.75958050e+00 -2.45664900e-06 -2.11145202e-03  2.76874517e+00
 -7.19987130e-06  1.98421650e-03], f(x) = -0.00792159909482333
Iteration: 25, x = [-9.47011809e-01 -1.51178400e-07 -1.79372586e-01 -3.39075955e+00
  1.12060989e-05 -1.69694158e+00  3.37174469e+00  1.43618633e+00
  9.26837902e-01  3.37173454e+00 -1.43622165e+00  9.26812012e-01
 -2.75958050e+00 -2.45664900e-06 -2.11145202e-03  2.76874517e+00
 -7.19987130e-06  1.98421650e-03], f(x) = -0.00792159909482333
Iteration: 26, x = [-9.47011809e-01 -1.51178400e-07 -1.79372586e-01 -3.39075955e+00
  1.12060989e-05 -1.69694158e+00  3.37174469e+00  1.43618633e+00
  9.26837902e-01  3.37173454e+00 -1.43622165e+00  9.26812012e-01
 -2.75958050e+00 -2.45664900e-06 -2.11145202e-03  2.76874517e+00
 -7.19987130e-06  1.98421650e-03], f(x) = -0.00792159909482333
Iteration: 27, x = [-9.47011809e-01 -1.51178400e-07 -1.79372586e-01 -3.39075955e+00
  1.12060989e-05 -1.69694158e+00  3.37174469e+00  1.43618633e+00
  9.26837902e-01  3.37173454e+00 -1.43622165e+00  9.26812012e-01
 -2.75958050e+00 -2.45664900e-06 -2.11145202e-03  2.76874517e+00
 -7.19987130e-06  1.98421650e-03], f(x) = -0.00792159909482333
Iteration: 28, x = [-9.47011809e-01 -1.51178400e-07 -1.79372586e-01 -3.39075955e+00
  1.12060989e-05 -1.69694158e+00  3.37174469e+00  1.43618633e+00
  9.26837902e-01  3.37173454e+00 -1.43622165e+00  9.26812012e-01
 -2.75958050e+00 -2.45664900e-06 -2.11145202e-03  2.76874517e+00
 -7.19987130e-06  1.98421650e-03], f(x) = -0.00792159909482333
Iteration: 29, x = [-9.47011809e-01 -1.51178400e-07 -1.79372586e-01 -3.39075955e+00
  1.12060989e-05 -1.69694158e+00  3.37174469e+00  1.43618633e+00
  9.26837902e-01  3.37173454e+00 -1.43622165e+00  9.26812012e-01
 -2.75958050e+00 -2.45664900e-06 -2.11145202e-03  2.76874517e+00
 -7.19987130e-06  1.98421650e-03], f(x) = -0.00792159909482333
Iteration: 30, x = [-9.47011809e-01 -1.51178400e-07 -1.79372586e-01 -3.39075955e+00
  1.12060989e-05 -1.69694158e+00  3.37174469e+00  1.43618633e+00
  9.26837902e-01  3.37173454e+00 -1.43622165e+00  9.26812012e-01
 -2.75958050e+00 -2.45664900e-06 -2.11145202e-03  2.76874517e+00
 -7.19987130e-06  1.98421650e-03], f(x) = -0.00792159909482333
Iteration: 31, x = [-9.47011809e-01 -1.51178400e-07 -1.79372586e-01 -3.39075955e+00
  1.12060989e-05 -1.69694158e+00  3.37174469e+00  1.43618633e+00
  9.26837902e-01  3.37173454e+00 -1.43622165e+00  9.26812012e-01
 -2.75958050e+00 -2.45664900e-06 -2.11145202e-03  2.76874517e+00
 -7.19987130e-06  1.98421650e-03], f(x) = -0.00792159909482333
Iteration: 32, x = [-9.47011809e-01 -1.51178400e-07 -1.79372586e-01 -3.39075955e+00
  1.12060989e-05 -1.69694158e+00  3.37174469e+00  1.43618633e+00
  9.26837902e-01  3.37173454e+00 -1.43622165e+00  9.26812012e-01
 -2.75958050e+00 -2.45664900e-06 -2.11145202e-03  2.76874517e+00
 -7.19987130e-06  1.98421650e-03], f(x) = -0.00792159909482333
Iteration: 33, x = [-9.47011809e-01 -1.51178400e-07 -1.79372586e-01 -3.39075955e+00
  1.12060989e-05 -1.69694158e+00  3.37174469e+00  1.43618633e+00
  9.26837902e-01  3.37173454e+00 -1.43622165e+00  9.26812012e-01
 -2.75958050e+00 -2.45664900e-06 -2.11145202e-03  2.76874517e+00
 -7.19987130e-06  1.98421650e-03], f(x) = -0.00792159909482333
Iteration: 34, x = [-9.47011809e-01 -1.51178400e-07 -1.79372586e-01 -3.39075955e+00
  1.12060989e-05 -1.69694158e+00  3.37174469e+00  1.43618633e+00
  9.26837902e-01  3.37173454e+00 -1.43622165e+00  9.26812012e-01
 -2.75958050e+00 -2.45664900e-06 -2.11145202e-03  2.76874517e+00
 -7.19987130e-06  1.98421650e-03], f(x) = -0.00792159909482333
Iteration: 35, x = [-9.47011809e-01 -1.51178400e-07 -1.79372586e-01 -3.39075955e+00
  1.12060989e-05 -1.69694158e+00  3.37174469e+00  1.43618633e+00
  9.26837902e-01  3.37173454e+00 -1.43622165e+00  9.26812012e-01
 -2.75958050e+00 -2.45664900e-06 -2.11145202e-03  2.76874517e+00
 -7.19987130e-06  1.98421650e-03], f(x) = -0.00792159909482333
Iteration: 36, x = [-9.47011809e-01 -1.51178400e-07 -1.79372586e-01 -3.39075955e+00
  1.12060989e-05 -1.69694158e+00  3.37174469e+00  1.43618633e+00
  9.26837902e-01  3.37173454e+00 -1.43622165e+00  9.26812012e-01
 -2.75958050e+00 -2.45664900e-06 -2.11145202e-03  2.76874517e+00
 -7.19987130e-06  1.98421650e-03], f(x) = -0.00792159909482333
Iteration: 37, x = [-9.47011809e-01 -1.51178400e-07 -1.79372586e-01 -3.39075955e+00
  1.12060989e-05 -1.69694158e+00  3.37174469e+00  1.43618633e+00
  9.26837902e-01  3.37173454e+00 -1.43622165e+00  9.26812012e-01
 -2.75958050e+00 -2.45664900e-06 -2.11145202e-03  2.76874517e+00
 -7.19987130e-06  1.98421650e-03], f(x) = -0.00792159909482333
Iteration: 38, x = [-9.47011809e-01 -1.51178400e-07 -1.79372586e-01 -3.39075955e+00
  1.12060989e-05 -1.69694158e+00  3.37174469e+00  1.43618633e+00
  9.26837902e-01  3.37173454e+00 -1.43622165e+00  9.26812012e-01
 -2.75958050e+00 -2.45664900e-06 -2.11145202e-03  2.76874517e+00
 -7.19987130e-06  1.98421650e-03], f(x) = -0.00792159909482333
Iteration: 39, x = [-9.47011809e-01 -1.51178400e-07 -1.79372586e-01 -3.39075955e+00
  1.12060989e-05 -1.69694158e+00  3.37174469e+00  1.43618633e+00
  9.26837902e-01  3.37173454e+00 -1.43622165e+00  9.26812012e-01
 -2.75958050e+00 -2.45664900e-06 -2.11145202e-03  2.76874517e+00
 -7.19987130e-06  1.98421650e-03], f(x) = -0.00792159909482333
Iteration: 40, x = [-9.47011809e-01 -1.51178400e-07 -1.79372586e-01 -3.39075955e+00
  1.12060989e-05 -1.69694158e+00  3.37174469e+00  1.43618633e+00
  9.26837902e-01  3.37173454e+00 -1.43622165e+00  9.26812012e-01
 -2.75958050e+00 -2.45664900e-06 -2.11145202e-03  2.76874517e+00
 -7.19987130e-06  1.98421650e-03], f(x) = -0.00792159909482333
Iteration: 41, x = [-9.47011809e-01 -1.51178400e-07 -1.79372586e-01 -3.39075955e+00
  1.12060989e-05 -1.69694158e+00  3.37174469e+00  1.43618633e+00
  9.26837902e-01  3.37173454e+00 -1.43622165e+00  9.26812012e-01
 -2.75958050e+00 -2.45664900e-06 -2.11145202e-03  2.76874517e+00
 -7.19987130e-06  1.98421650e-03], f(x) = -0.00792159909482333
Iteration: 42, x = [-9.47011809e-01 -1.51178400e-07 -1.79372586e-01 -3.39075955e+00
  1.12060989e-05 -1.69694158e+00  3.37174469e+00  1.43618633e+00
  9.26837902e-01  3.37173454e+00 -1.43622165e+00  9.26812012e-01
 -2.75958050e+00 -2.45664900e-06 -2.11145202e-03  2.76874517e+00
 -7.19987130e-06  1.98421650e-03], f(x) = -0.00792159909482333
Iteration: 43, x = [-9.47011809e-01 -1.51178400e-07 -1.79372586e-01 -3.39075955e+00
  1.12060989e-05 -1.69694158e+00  3.37174469e+00  1.43618633e+00
  9.26837902e-01  3.37173454e+00 -1.43622165e+00  9.26812012e-01
 -2.75958050e+00 -2.45664900e-06 -2.11145202e-03  2.76874517e+00
 -7.19987130e-06  1.98421650e-03], f(x) = -0.00792159909482333
Iteration: 44, x = [-9.47011809e-01 -1.51178400e-07 -1.79372586e-01 -3.39075955e+00
  1.12060989e-05 -1.69694158e+00  3.37174469e+00  1.43618633e+00
  9.26837902e-01  3.37173454e+00 -1.43622165e+00  9.26812012e-01
 -2.75958050e+00 -2.45664900e-06 -2.11145202e-03  2.76874517e+00
 -7.19987130e-06  1.98421650e-03], f(x) = -0.00792159909482333
Iteration: 45, x = [-9.47011809e-01 -1.51178400e-07 -1.79372586e-01 -3.39075955e+00
  1.12060989e-05 -1.69694158e+00  3.37174469e+00  1.43618633e+00
  9.26837902e-01  3.37173454e+00 -1.43622165e+00  9.26812012e-01
 -2.75958050e+00 -2.45664900e-06 -2.11145202e-03  2.76874517e+00
 -7.19987130e-06  1.98421650e-03], f(x) = -0.00792159909482333
Iteration: 46, x = [-9.47011809e-01 -1.51178400e-07 -1.79372586e-01 -3.39075955e+00
  1.12060989e-05 -1.69694158e+00  3.37174469e+00  1.43618633e+00
  9.26837902e-01  3.37173454e+00 -1.43622165e+00  9.26812012e-01
 -2.75958050e+00 -2.45664900e-06 -2.11145202e-03  2.76874517e+00
 -7.19987130e-06  1.98421650e-03], f(x) = -0.00792159909482333
Iteration: 47, x = [-9.47011809e-01 -1.51178400e-07 -1.79372586e-01 -3.39075955e+00
  1.12060989e-05 -1.69694158e+00  3.37174469e+00  1.43618633e+00
  9.26837902e-01  3.37173454e+00 -1.43622165e+00  9.26812012e-01
 -2.75958050e+00 -2.45664900e-06 -2.11145202e-03  2.76874517e+00
 -7.19987130e-06  1.98421650e-03], f(x) = -0.00792159909482333
Iteration: 48, x = [-9.47011809e-01 -1.51178400e-07 -1.79372586e-01 -3.39075955e+00
  1.12060989e-05 -1.69694158e+00  3.37174469e+00  1.43618633e+00
  9.26837902e-01  3.37173454e+00 -1.43622165e+00  9.26812012e-01
 -2.75958050e+00 -2.45664900e-06 -2.11145202e-03  2.76874517e+00
 -7.19987130e-06  1.98421650e-03], f(x) = -0.00792159909482333
Iteration: 49, x = [-9.47011809e-01 -1.51178400e-07 -1.79372586e-01 -3.39075955e+00
  1.12060989e-05 -1.69694158e+00  3.37174469e+00  1.43618633e+00
  9.26837902e-01  3.37173454e+00 -1.43622165e+00  9.26812012e-01
 -2.75958050e+00 -2.45664900e-06 -2.11145202e-03  2.76874517e+00
 -7.19987130e-06  1.98421650e-03], f(x) = -0.00792159909482333
Iteration: 50, x = [-9.47011809e-01 -1.51178400e-07 -1.79372586e-01 -3.39075955e+00
  1.12060989e-05 -1.69694158e+00  3.37174469e+00  1.43618633e+00
  9.26837902e-01  3.37173454e+00 -1.43622165e+00  9.26812012e-01
 -2.75958050e+00 -2.45664900e-06 -2.11145202e-03  2.76874517e+00
 -7.19987130e-06  1.98421650e-03], f(x) = -0.00792159909482333
Iteration: 51, x = [-9.47011809e-01 -1.51178400e-07 -1.79372586e-01 -3.39075955e+00
  1.12060989e-05 -1.69694158e+00  3.37174469e+00  1.43618633e+00
  9.26837902e-01  3.37173454e+00 -1.43622165e+00  9.26812012e-01
 -2.75958050e+00 -2.45664900e-06 -2.11145202e-03  2.76874517e+00
 -7.19987130e-06  1.98421650e-03], f(x) = -0.00792159909482333
Iteration: 52, x = [-9.47011809e-01 -1.51178400e-07 -1.79372586e-01 -3.39075955e+00
  1.12060989e-05 -1.69694158e+00  3.37174469e+00  1.43618633e+00
  9.26837902e-01  3.37173454e+00 -1.43622165e+00  9.26812012e-01
 -2.75958050e+00 -2.45664900e-06 -2.11145202e-03  2.76874517e+00
 -7.19987130e-06  1.98421650e-03], f(x) = -0.00792159909482333
Iteration: 53, x = [-9.47011809e-01 -1.51178400e-07 -1.79372586e-01 -3.39075955e+00
  1.12060989e-05 -1.69694158e+00  3.37174469e+00  1.43618633e+00
  9.26837902e-01  3.37173454e+00 -1.43622165e+00  9.26812012e-01
 -2.75958050e+00 -2.45664900e-06 -2.11145202e-03  2.76874517e+00
 -7.19987130e-06  1.98421650e-03], f(x) = -0.00792159909482333
Iteration: 54, x = [-9.47011809e-01 -1.51178400e-07 -1.79372586e-01 -3.39075955e+00
  1.12060989e-05 -1.69694158e+00  3.37174469e+00  1.43618633e+00
  9.26837902e-01  3.37173454e+00 -1.43622165e+00  9.26812012e-01
 -2.75958050e+00 -2.45664900e-06 -2.11145202e-03  2.76874517e+00
 -7.19987130e-06  1.98421650e-03], f(x) = -0.00792159909482333
Iteration: 55, x = [-9.47011809e-01 -1.51178400e-07 -1.79372586e-01 -3.39075955e+00
  1.12060989e-05 -1.69694158e+00  3.37174469e+00  1.43618633e+00
  9.26837902e-01  3.37173454e+00 -1.43622165e+00  9.26812012e-01
 -2.75958050e+00 -2.45664900e-06 -2.11145202e-03  2.76874517e+00
 -7.19987130e-06  1.98421650e-03], f(x) = -0.00792159909482333
Iteration: 56, x = [-9.47011809e-01 -1.51178400e-07 -1.79372586e-01 -3.39075955e+00
  1.12060989e-05 -1.69694158e+00  3.37174469e+00  1.43618633e+00
  9.26837902e-01  3.37173454e+00 -1.43622165e+00  9.26812012e-01
 -2.75958050e+00 -2.45664900e-06 -2.11145202e-03  2.76874517e+00
 -7.19987130e-06  1.98421650e-03], f(x) = -0.00792159909482333
Iteration: 57, x = [-9.47011809e-01 -1.51178400e-07 -1.79372586e-01 -3.39075955e+00
  1.12060989e-05 -1.69694158e+00  3.37174469e+00  1.43618633e+00
  9.26837902e-01  3.37173454e+00 -1.43622165e+00  9.26812012e-01
 -2.75958050e+00 -2.45664900e-06 -2.11145202e-03  2.76874517e+00
 -7.19987130e-06  1.98421650e-03], f(x) = -0.00792159909482333
Iteration: 58, x = [-9.47011809e-01 -1.51178400e-07 -1.79372586e-01 -3.39075955e+00
  1.12060989e-05 -1.69694158e+00  3.37174469e+00  1.43618633e+00
  9.26837902e-01  3.37173454e+00 -1.43622165e+00  9.26812012e-01
 -2.75958050e+00 -2.45664900e-06 -2.11145202e-03  2.76874517e+00
 -7.19987130e-06  1.98421650e-03], f(x) = -0.00792159909482333
Iteration: 59, x = [-9.47011809e-01 -1.51178400e-07 -1.79372586e-01 -3.39075955e+00
  1.12060989e-05 -1.69694158e+00  3.37174469e+00  1.43618633e+00
  9.26837902e-01  3.37173454e+00 -1.43622165e+00  9.26812012e-01
 -2.75958050e+00 -2.45664900e-06 -2.11145202e-03  2.76874517e+00
 -7.19987130e-06  1.98421650e-03], f(x) = -0.00792159909482333
Iteration: 60, x = [-9.47011809e-01 -1.51178400e-07 -1.79372586e-01 -3.39075955e+00
  1.12060989e-05 -1.69694158e+00  3.37174469e+00  1.43618633e+00
  9.26837902e-01  3.37173454e+00 -1.43622165e+00  9.26812012e-01
 -2.75958050e+00 -2.45664900e-06 -2.11145202e-03  2.76874517e+00
 -7.19987130e-06  1.98421650e-03], f(x) = -0.00792159909482333
Iteration: 61, x = [-9.46647103e-01 -1.52194089e-07 -1.80577697e-01 -3.39145424e+00
  1.12813869e-05 -1.69659995e+00  3.37052292e+00  1.43577308e+00
  9.24512453e-01  3.37044546e+00 -1.43621101e+00  9.27448210e-01
 -2.75970311e+00 -2.47315395e-06 -2.12563777e-03  2.76722696e+00
 -7.24824351e-06  1.90242612e-03], f(x) = -0.007921653229905262
Iteration: 62, x = [-9.46647103e-01 -1.52194089e-07 -1.80577697e-01 -3.39145424e+00
  1.12813869e-05 -1.69659995e+00  3.37052292e+00  1.43577308e+00
  9.24512453e-01  3.37044546e+00 -1.43621101e+00  9.27448210e-01
 -2.75970311e+00 -2.47315395e-06 -2.12563777e-03  2.76722696e+00
 -7.24824351e-06  1.90242612e-03], f(x) = -0.007921653229905262
Iteration: 63, x = [-9.46647103e-01 -1.52194089e-07 -1.80577697e-01 -3.39145424e+00
  1.12813869e-05 -1.69659995e+00  3.37052292e+00  1.43577308e+00
  9.24512453e-01  3.37044546e+00 -1.43621101e+00  9.27448210e-01
 -2.75970311e+00 -2.47315395e-06 -2.12563777e-03  2.76722696e+00
 -7.24824351e-06  1.90242612e-03], f(x) = -0.007921653229905262
Iteration: 64, x = [-9.46647103e-01 -1.52194089e-07 -1.80577697e-01 -3.39145424e+00
  1.12813869e-05 -1.69659995e+00  3.37052292e+00  1.43577308e+00
  9.24512453e-01  3.37044546e+00 -1.43621101e+00  9.27448210e-01
 -2.75970311e+00 -2.47315395e-06 -2.12563777e-03  2.76722696e+00
 -7.24824351e-06  1.90242612e-03], f(x) = -0.007921653229905262
Iteration: 65, x = [-9.46647103e-01 -1.52194089e-07 -1.80577697e-01 -3.39145424e+00
  1.12813869e-05 -1.69659995e+00  3.37052292e+00  1.43577308e+00
  9.24512453e-01  3.37044546e+00 -1.43621101e+00  9.27448210e-01
 -2.75970311e+00 -2.47315395e-06 -2.12563777e-03  2.76722696e+00
 -7.24824351e-06  1.90242612e-03], f(x) = -0.007921653229905262
Iteration: 66, x = [-9.46824958e-01 -1.52156225e-07 -1.80397635e-01 -3.39161058e+00
  1.12785802e-05 -1.69785604e+00  3.37121099e+00  1.43585952e+00
  9.26585896e-01  3.37103686e+00 -1.43645441e+00  9.26435547e-01
 -2.76003813e+00 -2.47253866e-06 -2.12510894e-03  2.76697208e+00
 -7.24644023e-06  1.90195282e-03], f(x) = -0.007921728416411353
Iteration: 67, x = [-9.46667234e-01 -1.52219520e-07 -1.80468980e-01 -3.39160163e+00
  1.12832719e-05 -1.69664650e+00  3.37049806e+00  1.43570465e+00
  9.26912327e-01  3.37045559e+00 -1.43621800e+00  9.24515459e-01
 -2.75974578e+00 -2.47356720e-06 -2.12599295e-03  2.76706960e+00
 -7.24945463e-06  1.90274400e-03], f(x) = -0.007921978446746109
Iteration: 68, x = [-9.46667234e-01 -1.52219520e-07 -1.80468980e-01 -3.39160163e+00
  1.12832719e-05 -1.69664650e+00  3.37049806e+00  1.43570465e+00
  9.26912327e-01  3.37045559e+00 -1.43621800e+00  9.24515459e-01
 -2.75974578e+00 -2.47356720e-06 -2.12599295e-03  2.76706960e+00
 -7.24945463e-06  1.90274400e-03], f(x) = -0.007921978446746109
Iteration: 69, x = [-9.46667234e-01 -1.52219520e-07 -1.80468980e-01 -3.39160163e+00
  1.12832719e-05 -1.69664650e+00  3.37049806e+00  1.43570465e+00
  9.26912327e-01  3.37045559e+00 -1.43621800e+00  9.24515459e-01
 -2.75974578e+00 -2.47356720e-06 -2.12599295e-03  2.76706960e+00
 -7.24945463e-06  1.90274400e-03], f(x) = -0.007921978446746109
Iteration: 70, x = [-9.46667234e-01 -1.52219520e-07 -1.80468980e-01 -3.39160163e+00
  1.12832719e-05 -1.69664650e+00  3.37049806e+00  1.43570465e+00
  9.26912327e-01  3.37045559e+00 -1.43621800e+00  9.24515459e-01
 -2.75974578e+00 -2.47356720e-06 -2.12599295e-03  2.76706960e+00
 -7.24945463e-06  1.90274400e-03], f(x) = -0.007921978446746109
Iteration: 71, x = [-9.46520737e-01 -1.52183747e-07 -1.80397882e-01 -3.39013936e+00
  1.12806202e-05 -1.69690049e+00  3.36952626e+00  1.43575181e+00
  9.27697902e-01  3.36952471e+00 -1.43579630e+00  9.27743101e-01
 -2.75933541e+00 -2.47298589e-06 -2.12549332e-03  2.76466829e+00
 -7.24775095e-06  1.90229684e-03], f(x) = -0.007922163922979552
Iteration: 72, x = [-9.46520737e-01 -1.52183747e-07 -1.80397882e-01 -3.39013936e+00
  1.12806202e-05 -1.69690049e+00  3.36952626e+00  1.43575181e+00
  9.27697902e-01  3.36952471e+00 -1.43579630e+00  9.27743101e-01
 -2.75933541e+00 -2.47298589e-06 -2.12549332e-03  2.76466829e+00
 -7.24775095e-06  1.90229684e-03], f(x) = -0.007922163922979552
Iteration: 73, x = [-9.46520737e-01 -1.52183747e-07 -1.80397882e-01 -3.39013936e+00
  1.12806202e-05 -1.69690049e+00  3.36952626e+00  1.43575181e+00
  9.27697902e-01  3.36952471e+00 -1.43579630e+00  9.27743101e-01
 -2.75933541e+00 -2.47298589e-06 -2.12549332e-03  2.76466829e+00
 -7.24775095e-06  1.90229684e-03], f(x) = -0.007922163922979552
Iteration: 74, x = [-9.46520737e-01 -1.52183747e-07 -1.80397882e-01 -3.39013936e+00
  1.12806202e-05 -1.69690049e+00  3.36952626e+00  1.43575181e+00
  9.27697902e-01  3.36952471e+00 -1.43579630e+00  9.27743101e-01
 -2.75933541e+00 -2.47298589e-06 -2.12549332e-03  2.76466829e+00
 -7.24775095e-06  1.90229684e-03], f(x) = -0.007922163922979552
Iteration: 75, x = [-9.46520737e-01 -1.52183747e-07 -1.80397882e-01 -3.39013936e+00
  1.12806202e-05 -1.69690049e+00  3.36952626e+00  1.43575181e+00
  9.27697902e-01  3.36952471e+00 -1.43579630e+00  9.27743101e-01
 -2.75933541e+00 -2.47298589e-06 -2.12549332e-03  2.76466829e+00
 -7.24775095e-06  1.90229684e-03], f(x) = -0.007922163922979552
Iteration: 76, x = [-9.46520737e-01 -1.52183747e-07 -1.80397882e-01 -3.39013936e+00
  1.12806202e-05 -1.69690049e+00  3.36952626e+00  1.43575181e+00
  9.27697902e-01  3.36952471e+00 -1.43579630e+00  9.27743101e-01
 -2.75933541e+00 -2.47298589e-06 -2.12549332e-03  2.76466829e+00
 -7.24775095e-06  1.90229684e-03], f(x) = -0.007922163922979552
Iteration: 77, x = [-9.46586625e-01 -1.54412677e-07 -1.81710223e-01 -3.39268658e+00
  1.14458397e-05 -1.69663205e+00  3.37130258e+00  1.43560019e+00
  9.25856800e-01  3.37044971e+00 -1.43584228e+00  9.25977501e-01
 -2.75980784e+00 -2.50920601e-06 -1.92788333e-03  2.76505902e+00
 -7.35390376e-06  1.93015847e-03], f(x) = -0.007922427365373588
Iteration: 78, x = [-9.46586625e-01 -1.54412677e-07 -1.81710223e-01 -3.39268658e+00
  1.14458397e-05 -1.69663205e+00  3.37130258e+00  1.43560019e+00
  9.25856800e-01  3.37044971e+00 -1.43584228e+00  9.25977501e-01
 -2.75980784e+00 -2.50920601e-06 -1.92788333e-03  2.76505902e+00
 -7.35390376e-06  1.93015847e-03], f(x) = -0.007922427365373588
Iteration: 79, x = [-9.46586625e-01 -1.54412677e-07 -1.81710223e-01 -3.39268658e+00
  1.14458397e-05 -1.69663205e+00  3.37130258e+00  1.43560019e+00
  9.25856800e-01  3.37044971e+00 -1.43584228e+00  9.25977501e-01
 -2.75980784e+00 -2.50920601e-06 -1.92788333e-03  2.76505902e+00
 -7.35390376e-06  1.93015847e-03], f(x) = -0.007922427365373588
Iteration: 80, x = [-9.46399405e-01 -1.55836824e-07 -1.82739553e-01 -3.39353511e+00
  1.03374106e-05 -1.69649575e+00  3.37110791e+00  1.43534209e+00
  9.25424792e-01  3.36988397e+00 -1.43567523e+00  9.25610041e-01
 -2.75990795e+00 -2.48432748e-06 -2.10772575e-03  2.76343590e+00
 -7.42172876e-06  1.94796030e-03], f(x) = -0.007922598749204956
Iteration: 81, x = [-9.46399405e-01 -1.55836824e-07 -1.82739553e-01 -3.39353511e+00
  1.03374106e-05 -1.69649575e+00  3.37110791e+00  1.43534209e+00
  9.25424792e-01  3.36988397e+00 -1.43567523e+00  9.25610041e-01
 -2.75990795e+00 -2.48432748e-06 -2.10772575e-03  2.76343590e+00
 -7.42172876e-06  1.94796030e-03], f(x) = -0.007922598749204956
Iteration: 82, x = [-9.46399405e-01 -1.55836824e-07 -1.82739553e-01 -3.39353511e+00
  1.03374106e-05 -1.69649575e+00  3.37110791e+00  1.43534209e+00
  9.25424792e-01  3.36988397e+00 -1.43567523e+00  9.25610041e-01
 -2.75990795e+00 -2.48432748e-06 -2.10772575e-03  2.76343590e+00
 -7.42172876e-06  1.94796030e-03], f(x) = -0.007922598749204956
Iteration: 83, x = [-9.46399405e-01 -1.55836824e-07 -1.82739553e-01 -3.39353511e+00
  1.03374106e-05 -1.69649575e+00  3.37110791e+00  1.43534209e+00
  9.25424792e-01  3.36988397e+00 -1.43567523e+00  9.25610041e-01
 -2.75990795e+00 -2.48432748e-06 -2.10772575e-03  2.76343590e+00
 -7.42172876e-06  1.94796030e-03], f(x) = -0.007922598749204956
Iteration: 84, x = [-9.46399405e-01 -1.55836824e-07 -1.82739553e-01 -3.39353511e+00
  1.03374106e-05 -1.69649575e+00  3.37110791e+00  1.43534209e+00
  9.25424792e-01  3.36988397e+00 -1.43567523e+00  9.25610041e-01
 -2.75990795e+00 -2.48432748e-06 -2.10772575e-03  2.76343590e+00
 -7.42172876e-06  1.94796030e-03], f(x) = -0.007922598749204956
Iteration: 85, x = [-9.46399405e-01 -1.55836824e-07 -1.82739553e-01 -3.39353511e+00
  1.03374106e-05 -1.69649575e+00  3.37110791e+00  1.43534209e+00
  9.25424792e-01  3.36988397e+00 -1.43567523e+00  9.25610041e-01
 -2.75990795e+00 -2.48432748e-06 -2.10772575e-03  2.76343590e+00
 -7.42172876e-06  1.94796030e-03], f(x) = -0.007922598749204956
Iteration: 86, x = [-9.46399405e-01 -1.55836824e-07 -1.82739553e-01 -3.39353511e+00
  1.03374106e-05 -1.69649575e+00  3.37110791e+00  1.43534209e+00
  9.25424792e-01  3.36988397e+00 -1.43567523e+00  9.25610041e-01
 -2.75990795e+00 -2.48432748e-06 -2.10772575e-03  2.76343590e+00
 -7.42172876e-06  1.94796030e-03], f(x) = -0.007922598749204956
Iteration: 87, x = [-9.46399405e-01 -1.55836824e-07 -1.82739553e-01 -3.39353511e+00
  1.03374106e-05 -1.69649575e+00  3.37110791e+00  1.43534209e+00
  9.25424792e-01  3.36988397e+00 -1.43567523e+00  9.25610041e-01
 -2.75990795e+00 -2.48432748e-06 -2.10772575e-03  2.76343590e+00
 -7.42172876e-06  1.94796030e-03], f(x) = -0.007922598749204956
Iteration: 88, x = [-9.46399405e-01 -1.55836824e-07 -1.82739553e-01 -3.39353511e+00
  1.03374106e-05 -1.69649575e+00  3.37110791e+00  1.43534209e+00
  9.25424792e-01  3.36988397e+00 -1.43567523e+00  9.25610041e-01
 -2.75990795e+00 -2.48432748e-06 -2.10772575e-03  2.76343590e+00
 -7.42172876e-06  1.94796030e-03], f(x) = -0.007922598749204956
Iteration: 89, x = [-9.46399405e-01 -1.55836824e-07 -1.82739553e-01 -3.39353511e+00
  1.03374106e-05 -1.69649575e+00  3.37110791e+00  1.43534209e+00
  9.25424792e-01  3.36988397e+00 -1.43567523e+00  9.25610041e-01
 -2.75990795e+00 -2.48432748e-06 -2.10772575e-03  2.76343590e+00
 -7.42172876e-06  1.94796030e-03], f(x) = -0.007922598749204956
Iteration: 90, x = [-9.46399405e-01 -1.55836824e-07 -1.82739553e-01 -3.39353511e+00
  1.03374106e-05 -1.69649575e+00  3.37110791e+00  1.43534209e+00
  9.25424792e-01  3.36988397e+00 -1.43567523e+00  9.25610041e-01
 -2.75990795e+00 -2.48432748e-06 -2.10772575e-03  2.76343590e+00
 -7.42172876e-06  1.94796030e-03], f(x) = -0.007922598749204956
Iteration: 91, x = [-9.46399405e-01 -1.55836824e-07 -1.82739553e-01 -3.39353511e+00
  1.03374106e-05 -1.69649575e+00  3.37110791e+00  1.43534209e+00
  9.25424792e-01  3.36988397e+00 -1.43567523e+00  9.25610041e-01
 -2.75990795e+00 -2.48432748e-06 -2.10772575e-03  2.76343590e+00
 -7.42172876e-06  1.94796030e-03], f(x) = -0.007922598749204956
Iteration: 92, x = [-9.46138997e-01 -1.54336859e-07 -1.81603692e-01 -3.39359125e+00
  1.11729090e-05 -1.69624901e+00  3.36934841e+00  1.43514956e+00
  9.25288754e-01  3.36960658e+00 -1.43549905e+00  9.25370023e-01
 -2.75977804e+00 -2.46667331e-06 -2.05698554e-03  2.76190161e+00
 -7.32789124e-06  1.93450246e-03], f(x) = -0.007922865662780268
Iteration: 93, x = [-9.46189875e-01 -1.54340813e-07 -1.83454666e-01 -3.39288573e+00
  1.11435009e-05 -1.69646773e+00  3.36854222e+00  1.43527205e+00
  9.25937744e-01  3.36686874e+00 -1.43561669e+00  9.25995196e-01
 -2.75982222e+00 -2.46214861e-06 -2.04608750e-03  2.76225300e+00
 -7.32559050e-06  1.93513986e-03], f(x) = -0.007922939591804614
Iteration: 94, x = [-9.46189875e-01 -1.54340813e-07 -1.83454666e-01 -3.39288573e+00
  1.11435009e-05 -1.69646773e+00  3.36854222e+00  1.43527205e+00
  9.25937744e-01  3.36686874e+00 -1.43561669e+00  9.25995196e-01
 -2.75982222e+00 -2.46214861e-06 -2.04608750e-03  2.76225300e+00
 -7.32559050e-06  1.93513986e-03], f(x) = -0.007922939591804614
Iteration: 95, x = [-9.46189875e-01 -1.54340813e-07 -1.83454666e-01 -3.39288573e+00
  1.11435009e-05 -1.69646773e+00  3.36854222e+00  1.43527205e+00
  9.25937744e-01  3.36686874e+00 -1.43561669e+00  9.25995196e-01
 -2.75982222e+00 -2.46214861e-06 -2.04608750e-03  2.76225300e+00
 -7.32559050e-06  1.93513986e-03], f(x) = -0.007922939591804614
Iteration: 96, x = [-9.46189875e-01 -1.54340813e-07 -1.83454666e-01 -3.39288573e+00
  1.11435009e-05 -1.69646773e+00  3.36854222e+00  1.43527205e+00
  9.25937744e-01  3.36686874e+00 -1.43561669e+00  9.25995196e-01
 -2.75982222e+00 -2.46214861e-06 -2.04608750e-03  2.76225300e+00
 -7.32559050e-06  1.93513986e-03], f(x) = -0.007922939591804614
Iteration: 97, x = [-9.46189875e-01 -1.54340813e-07 -1.83454666e-01 -3.39288573e+00
  1.11435009e-05 -1.69646773e+00  3.36854222e+00  1.43527205e+00
  9.25937744e-01  3.36686874e+00 -1.43561669e+00  9.25995196e-01
 -2.75982222e+00 -2.46214861e-06 -2.04608750e-03  2.76225300e+00
 -7.32559050e-06  1.93513986e-03], f(x) = -0.007922939591804614
Iteration: 98, x = [-9.46189875e-01 -1.54340813e-07 -1.83454666e-01 -3.39288573e+00
  1.11435009e-05 -1.69646773e+00  3.36854222e+00  1.43527205e+00
  9.25937744e-01  3.36686874e+00 -1.43561669e+00  9.25995196e-01
 -2.75982222e+00 -2.46214861e-06 -2.04608750e-03  2.76225300e+00
 -7.32559050e-06  1.93513986e-03], f(x) = -0.007922939591804614
Iteration: 99, x = [-9.46189875e-01 -1.54340813e-07 -1.83454666e-01 -3.39288573e+00
  1.11435009e-05 -1.69646773e+00  3.36854222e+00  1.43527205e+00
  9.25937744e-01  3.36686874e+00 -1.43561669e+00  9.25995196e-01
 -2.75982222e+00 -2.46214861e-06 -2.04608750e-03  2.76225300e+00
 -7.32559050e-06  1.93513986e-03], f(x) = -0.007922939591804614
Iteration: 100, x = [-9.46189875e-01 -1.54340813e-07 -1.83454666e-01 -3.39288573e+00
  1.11435009e-05 -1.69646773e+00  3.36854222e+00  1.43527205e+00
  9.25937744e-01  3.36686874e+00 -1.43561669e+00  9.25995196e-01
 -2.75982222e+00 -2.46214861e-06 -2.04608750e-03  2.76225300e+00
 -7.32559050e-06  1.93513986e-03], f(x) = -0.007922939591804614
Iteration: 101, x = [-9.46189875e-01 -1.54340813e-07 -1.83454666e-01 -3.39288573e+00
  1.11435009e-05 -1.69646773e+00  3.36854222e+00  1.43527205e+00
  9.25937744e-01  3.36686874e+00 -1.43561669e+00  9.25995196e-01
 -2.75982222e+00 -2.46214861e-06 -2.04608750e-03  2.76225300e+00
 -7.32559050e-06  1.93513986e-03], f(x) = -0.007922939591804614
Iteration: 102, x = [-9.46189875e-01 -1.54340813e-07 -1.83454666e-01 -3.39288573e+00
  1.11435009e-05 -1.69646773e+00  3.36854222e+00  1.43527205e+00
  9.25937744e-01  3.36686874e+00 -1.43561669e+00  9.25995196e-01
 -2.75982222e+00 -2.46214861e-06 -2.04608750e-03  2.76225300e+00
 -7.32559050e-06  1.93513986e-03], f(x) = -0.007922939591804614
Iteration: 103, x = [-9.46189875e-01 -1.54340813e-07 -1.83454666e-01 -3.39288573e+00
  1.11435009e-05 -1.69646773e+00  3.36854222e+00  1.43527205e+00
  9.25937744e-01  3.36686874e+00 -1.43561669e+00  9.25995196e-01
 -2.75982222e+00 -2.46214861e-06 -2.04608750e-03  2.76225300e+00
 -7.32559050e-06  1.93513986e-03], f(x) = -0.007922939591804614
Iteration: 104, x = [-9.46189875e-01 -1.54340813e-07 -1.83454666e-01 -3.39288573e+00
  1.11435009e-05 -1.69646773e+00  3.36854222e+00  1.43527205e+00
  9.25937744e-01  3.36686874e+00 -1.43561669e+00  9.25995196e-01
 -2.75982222e+00 -2.46214861e-06 -2.04608750e-03  2.76225300e+00
 -7.32559050e-06  1.93513986e-03], f(x) = -0.007922939591804614
Iteration: 105, x = [-9.46189875e-01 -1.54340813e-07 -1.83454666e-01 -3.39288573e+00
  1.11435009e-05 -1.69646773e+00  3.36854222e+00  1.43527205e+00
  9.25937744e-01  3.36686874e+00 -1.43561669e+00  9.25995196e-01
 -2.75982222e+00 -2.46214861e-06 -2.04608750e-03  2.76225300e+00
 -7.32559050e-06  1.93513986e-03], f(x) = -0.007922939591804614
Iteration: 106, x = [-9.46189875e-01 -1.54340813e-07 -1.83454666e-01 -3.39288573e+00
  1.11435009e-05 -1.69646773e+00  3.36854222e+00  1.43527205e+00
  9.25937744e-01  3.36686874e+00 -1.43561669e+00  9.25995196e-01
 -2.75982222e+00 -2.46214861e-06 -2.04608750e-03  2.76225300e+00
 -7.32559050e-06  1.93513986e-03], f(x) = -0.007922939591804614
Iteration: 107, x = [-9.46189875e-01 -1.54340813e-07 -1.83454666e-01 -3.39288573e+00
  1.11435009e-05 -1.69646773e+00  3.36854222e+00  1.43527205e+00
  9.25937744e-01  3.36686874e+00 -1.43561669e+00  9.25995196e-01
 -2.75982222e+00 -2.46214861e-06 -2.04608750e-03  2.76225300e+00
 -7.32559050e-06  1.93513986e-03], f(x) = -0.007922939591804614
Iteration: 108, x = [-9.45698116e-01 -1.50624666e-07 -1.84964547e-01 -3.39506410e+00
  1.06058176e-05 -1.69540950e+00  3.36857592e+00  1.43450262e+00
  9.24819205e-01  3.36742443e+00 -1.43530257e+00  9.24735391e-01
 -2.75941118e+00 -2.47840119e-06 -2.01926124e-03  2.75916817e+00
 -7.95748834e-06  1.90233491e-03], f(x) = -0.007923082651716536
Iteration: 109, x = [-9.45698116e-01 -1.50624666e-07 -1.84964547e-01 -3.39506410e+00
  1.06058176e-05 -1.69540950e+00  3.36857592e+00  1.43450262e+00
  9.24819205e-01  3.36742443e+00 -1.43530257e+00  9.24735391e-01
 -2.75941118e+00 -2.47840119e-06 -2.01926124e-03  2.75916817e+00
 -7.95748834e-06  1.90233491e-03], f(x) = -0.007923082651716536
Iteration: 110, x = [-9.45698116e-01 -1.50624666e-07 -1.84964547e-01 -3.39506410e+00
  1.06058176e-05 -1.69540950e+00  3.36857592e+00  1.43450262e+00
  9.24819205e-01  3.36742443e+00 -1.43530257e+00  9.24735391e-01
 -2.75941118e+00 -2.47840119e-06 -2.01926124e-03  2.75916817e+00
 -7.95748834e-06  1.90233491e-03], f(x) = -0.007923082651716536
Iteration: 111, x = [-9.45792336e-01 -1.51702459e-07 -1.84179432e-01 -3.39475343e+00
  1.03916770e-05 -1.69532221e+00  3.36868028e+00  1.43482635e+00
  9.24988716e-01  3.36742125e+00 -1.43555382e+00  9.24777068e-01
 -2.75923236e+00 -2.47368084e-06 -2.01020256e-03  2.75995276e+00
 -7.38444426e-06  2.09977304e-03], f(x) = -0.00792335757314881
Iteration: 112, x = [-9.45792336e-01 -1.51702459e-07 -1.84179432e-01 -3.39475343e+00
  1.03916770e-05 -1.69532221e+00  3.36868028e+00  1.43482635e+00
  9.24988716e-01  3.36742125e+00 -1.43555382e+00  9.24777068e-01
 -2.75923236e+00 -2.47368084e-06 -2.01020256e-03  2.75995276e+00
 -7.38444426e-06  2.09977304e-03], f(x) = -0.00792335757314881
Iteration: 113, x = [-9.45792336e-01 -1.51702459e-07 -1.84179432e-01 -3.39475343e+00
  1.03916770e-05 -1.69532221e+00  3.36868028e+00  1.43482635e+00
  9.24988716e-01  3.36742125e+00 -1.43555382e+00  9.24777068e-01
 -2.75923236e+00 -2.47368084e-06 -2.01020256e-03  2.75995276e+00
 -7.38444426e-06  2.09977304e-03], f(x) = -0.00792335757314881
Iteration: 114, x = [-9.45792336e-01 -1.51702459e-07 -1.84179432e-01 -3.39475343e+00
  1.03916770e-05 -1.69532221e+00  3.36868028e+00  1.43482635e+00
  9.24988716e-01  3.36742125e+00 -1.43555382e+00  9.24777068e-01
 -2.75923236e+00 -2.47368084e-06 -2.01020256e-03  2.75995276e+00
 -7.38444426e-06  2.09977304e-03], f(x) = -0.00792335757314881
Iteration: 115, x = [-9.45792336e-01 -1.51702459e-07 -1.84179432e-01 -3.39475343e+00
  1.03916770e-05 -1.69532221e+00  3.36868028e+00  1.43482635e+00
  9.24988716e-01  3.36742125e+00 -1.43555382e+00  9.24777068e-01
 -2.75923236e+00 -2.47368084e-06 -2.01020256e-03  2.75995276e+00
 -7.38444426e-06  2.09977304e-03], f(x) = -0.00792335757314881
Iteration: 116, x = [-9.45792336e-01 -1.51702459e-07 -1.84179432e-01 -3.39475343e+00
  1.03916770e-05 -1.69532221e+00  3.36868028e+00  1.43482635e+00
  9.24988716e-01  3.36742125e+00 -1.43555382e+00  9.24777068e-01
 -2.75923236e+00 -2.47368084e-06 -2.01020256e-03  2.75995276e+00
 -7.38444426e-06  2.09977304e-03], f(x) = -0.00792335757314881
Iteration: 117, x = [-9.45792336e-01 -1.51702459e-07 -1.84179432e-01 -3.39475343e+00
  1.03916770e-05 -1.69532221e+00  3.36868028e+00  1.43482635e+00
  9.24988716e-01  3.36742125e+00 -1.43555382e+00  9.24777068e-01
 -2.75923236e+00 -2.47368084e-06 -2.01020256e-03  2.75995276e+00
 -7.38444426e-06  2.09977304e-03], f(x) = -0.00792335757314881
Iteration: 118, x = [-9.45792336e-01 -1.51702459e-07 -1.84179432e-01 -3.39475343e+00
  1.03916770e-05 -1.69532221e+00  3.36868028e+00  1.43482635e+00
  9.24988716e-01  3.36742125e+00 -1.43555382e+00  9.24777068e-01
 -2.75923236e+00 -2.47368084e-06 -2.01020256e-03  2.75995276e+00
 -7.38444426e-06  2.09977304e-03], f(x) = -0.00792335757314881
Iteration: 119, x = [-9.45792336e-01 -1.51702459e-07 -1.84179432e-01 -3.39475343e+00
  1.03916770e-05 -1.69532221e+00  3.36868028e+00  1.43482635e+00
  9.24988716e-01  3.36742125e+00 -1.43555382e+00  9.24777068e-01
 -2.75923236e+00 -2.47368084e-06 -2.01020256e-03  2.75995276e+00
 -7.38444426e-06  2.09977304e-03], f(x) = -0.00792335757314881
Iteration: 120, x = [-9.45792336e-01 -1.51702459e-07 -1.84179432e-01 -3.39475343e+00
  1.03916770e-05 -1.69532221e+00  3.36868028e+00  1.43482635e+00
  9.24988716e-01  3.36742125e+00 -1.43555382e+00  9.24777068e-01
 -2.75923236e+00 -2.47368084e-06 -2.01020256e-03  2.75995276e+00
 -7.38444426e-06  2.09977304e-03], f(x) = -0.00792335757314881
Iteration: 121, x = [-9.45792336e-01 -1.51702459e-07 -1.84179432e-01 -3.39475343e+00
  1.03916770e-05 -1.69532221e+00  3.36868028e+00  1.43482635e+00
  9.24988716e-01  3.36742125e+00 -1.43555382e+00  9.24777068e-01
 -2.75923236e+00 -2.47368084e-06 -2.01020256e-03  2.75995276e+00
 -7.38444426e-06  2.09977304e-03], f(x) = -0.00792335757314881
Iteration: 122, x = [-9.45792336e-01 -1.51702459e-07 -1.84179432e-01 -3.39475343e+00
  1.03916770e-05 -1.69532221e+00  3.36868028e+00  1.43482635e+00
  9.24988716e-01  3.36742125e+00 -1.43555382e+00  9.24777068e-01
 -2.75923236e+00 -2.47368084e-06 -2.01020256e-03  2.75995276e+00
 -7.38444426e-06  2.09977304e-03], f(x) = -0.00792335757314881
Iteration: 123, x = [-9.45861658e-01 -1.53555482e-07 -1.84374637e-01 -3.39534029e+00
  1.03841790e-05 -1.69492419e+00  3.36662889e+00  1.43437394e+00
  9.24529703e-01  3.36598270e+00 -1.43502073e+00  9.24148087e-01
 -2.75917951e+00 -2.28952453e-06 -2.09758964e-03  2.75738771e+00
 -7.65774807e-06  1.99391424e-03], f(x) = -0.007923537831745412
Iteration: 124, x = [-9.45861658e-01 -1.53555482e-07 -1.84374637e-01 -3.39534029e+00
  1.03841790e-05 -1.69492419e+00  3.36662889e+00  1.43437394e+00
  9.24529703e-01  3.36598270e+00 -1.43502073e+00  9.24148087e-01
 -2.75917951e+00 -2.28952453e-06 -2.09758964e-03  2.75738771e+00
 -7.65774807e-06  1.99391424e-03], f(x) = -0.007923537831745412
Iteration: 125, x = [-9.45861658e-01 -1.53555482e-07 -1.84374637e-01 -3.39534029e+00
  1.03841790e-05 -1.69492419e+00  3.36662889e+00  1.43437394e+00
  9.24529703e-01  3.36598270e+00 -1.43502073e+00  9.24148087e-01
 -2.75917951e+00 -2.28952453e-06 -2.09758964e-03  2.75738771e+00
 -7.65774807e-06  1.99391424e-03], f(x) = -0.007923537831745412
Iteration: 126, x = [-9.45861658e-01 -1.53555482e-07 -1.84374637e-01 -3.39534029e+00
  1.03841790e-05 -1.69492419e+00  3.36662889e+00  1.43437394e+00
  9.24529703e-01  3.36598270e+00 -1.43502073e+00  9.24148087e-01
 -2.75917951e+00 -2.28952453e-06 -2.09758964e-03  2.75738771e+00
 -7.65774807e-06  1.99391424e-03], f(x) = -0.007923537831745412
Iteration: 127, x = [-9.45861658e-01 -1.53555482e-07 -1.84374637e-01 -3.39534029e+00
  1.03841790e-05 -1.69492419e+00  3.36662889e+00  1.43437394e+00
  9.24529703e-01  3.36598270e+00 -1.43502073e+00  9.24148087e-01
 -2.75917951e+00 -2.28952453e-06 -2.09758964e-03  2.75738771e+00
 -7.65774807e-06  1.99391424e-03], f(x) = -0.007923537831745412
Iteration: 128, x = [-9.45861658e-01 -1.53555482e-07 -1.84374637e-01 -3.39534029e+00
  1.03841790e-05 -1.69492419e+00  3.36662889e+00  1.43437394e+00
  9.24529703e-01  3.36598270e+00 -1.43502073e+00  9.24148087e-01
 -2.75917951e+00 -2.28952453e-06 -2.09758964e-03  2.75738771e+00
 -7.65774807e-06  1.99391424e-03], f(x) = -0.007923537831745412
Iteration: 129, x = [-9.45492230e-01 -1.54823742e-07 -1.85651256e-01 -3.39626514e+00
  1.03629108e-05 -1.69430594e+00  3.36420199e+00  1.43418999e+00
  9.24504336e-01  3.36326313e+00 -1.43510599e+00  9.23817839e-01
 -2.75899106e+00 -2.52122309e-06 -1.72444278e-03  2.75474767e+00
 -8.02914430e-06  2.05225448e-03], f(x) = -0.00792373078020103
Iteration: 130, x = [-9.45492230e-01 -1.54823742e-07 -1.85651256e-01 -3.39626514e+00
  1.03629108e-05 -1.69430594e+00  3.36420199e+00  1.43418999e+00
  9.24504336e-01  3.36326313e+00 -1.43510599e+00  9.23817839e-01
 -2.75899106e+00 -2.52122309e-06 -1.72444278e-03  2.75474767e+00
 -8.02914430e-06  2.05225448e-03], f(x) = -0.00792373078020103
Iteration: 131, x = [-9.45492230e-01 -1.54823742e-07 -1.85651256e-01 -3.39626514e+00
  1.03629108e-05 -1.69430594e+00  3.36420199e+00  1.43418999e+00
  9.24504336e-01  3.36326313e+00 -1.43510599e+00  9.23817839e-01
 -2.75899106e+00 -2.52122309e-06 -1.72444278e-03  2.75474767e+00
 -8.02914430e-06  2.05225448e-03], f(x) = -0.00792373078020103
Iteration: 132, x = [-9.45492230e-01 -1.54823742e-07 -1.85651256e-01 -3.39626514e+00
  1.03629108e-05 -1.69430594e+00  3.36420199e+00  1.43418999e+00
  9.24504336e-01  3.36326313e+00 -1.43510599e+00  9.23817839e-01
 -2.75899106e+00 -2.52122309e-06 -1.72444278e-03  2.75474767e+00
 -8.02914430e-06  2.05225448e-03], f(x) = -0.00792373078020103
Iteration: 133, x = [-9.46020708e-01 -1.59438872e-07 -1.83846677e-01 -3.39436771e+00
  1.05548226e-05 -1.69487149e+00  3.36503982e+00  1.43532767e+00
  9.24819241e-01  3.36586975e+00 -1.43544848e+00  9.24413226e-01
 -2.75903493e+00 -2.43631334e-06 -2.04744702e-03  2.75763491e+00
 -6.72175245e-06  2.13067028e-03], f(x) = -0.007923956145638903
Iteration: 134, x = [-9.46020708e-01 -1.59438872e-07 -1.83846677e-01 -3.39436771e+00
  1.05548226e-05 -1.69487149e+00  3.36503982e+00  1.43532767e+00
  9.24819241e-01  3.36586975e+00 -1.43544848e+00  9.24413226e-01
 -2.75903493e+00 -2.43631334e-06 -2.04744702e-03  2.75763491e+00
 -6.72175245e-06  2.13067028e-03], f(x) = -0.007923956145638903
Iteration: 135, x = [-9.46020708e-01 -1.59438872e-07 -1.83846677e-01 -3.39436771e+00
  1.05548226e-05 -1.69487149e+00  3.36503982e+00  1.43532767e+00
  9.24819241e-01  3.36586975e+00 -1.43544848e+00  9.24413226e-01
 -2.75903493e+00 -2.43631334e-06 -2.04744702e-03  2.75763491e+00
 -6.72175245e-06  2.13067028e-03], f(x) = -0.007923956145638903
Iteration: 136, x = [-9.46020708e-01 -1.59438872e-07 -1.83846677e-01 -3.39436771e+00
  1.05548226e-05 -1.69487149e+00  3.36503982e+00  1.43532767e+00
  9.24819241e-01  3.36586975e+00 -1.43544848e+00  9.24413226e-01
 -2.75903493e+00 -2.43631334e-06 -2.04744702e-03  2.75763491e+00
 -6.72175245e-06  2.13067028e-03], f(x) = -0.007923956145638903
Iteration: 137, x = [-9.46020708e-01 -1.59438872e-07 -1.83846677e-01 -3.39436771e+00
  1.05548226e-05 -1.69487149e+00  3.36503982e+00  1.43532767e+00
  9.24819241e-01  3.36586975e+00 -1.43544848e+00  9.24413226e-01
 -2.75903493e+00 -2.43631334e-06 -2.04744702e-03  2.75763491e+00
 -6.72175245e-06  2.13067028e-03], f(x) = -0.007923956145638903
Iteration: 138, x = [-9.46020708e-01 -1.59438872e-07 -1.83846677e-01 -3.39436771e+00
  1.05548226e-05 -1.69487149e+00  3.36503982e+00  1.43532767e+00
  9.24819241e-01  3.36586975e+00 -1.43544848e+00  9.24413226e-01
 -2.75903493e+00 -2.43631334e-06 -2.04744702e-03  2.75763491e+00
 -6.72175245e-06  2.13067028e-03], f(x) = -0.007923956145638903
Iteration: 139, x = [-9.46020708e-01 -1.59438872e-07 -1.83846677e-01 -3.39436771e+00
  1.05548226e-05 -1.69487149e+00  3.36503982e+00  1.43532767e+00
  9.24819241e-01  3.36586975e+00 -1.43544848e+00  9.24413226e-01
 -2.75903493e+00 -2.43631334e-06 -2.04744702e-03  2.75763491e+00
 -6.72175245e-06  2.13067028e-03], f(x) = -0.007923956145638903
Iteration: 140, x = [-9.46020708e-01 -1.59438872e-07 -1.83846677e-01 -3.39436771e+00
  1.05548226e-05 -1.69487149e+00  3.36503982e+00  1.43532767e+00
  9.24819241e-01  3.36586975e+00 -1.43544848e+00  9.24413226e-01
 -2.75903493e+00 -2.43631334e-06 -2.04744702e-03  2.75763491e+00
 -6.72175245e-06  2.13067028e-03], f(x) = -0.007923956145638903
Iteration: 141, x = [-9.46020708e-01 -1.59438872e-07 -1.83846677e-01 -3.39436771e+00
  1.05548226e-05 -1.69487149e+00  3.36503982e+00  1.43532767e+00
  9.24819241e-01  3.36586975e+00 -1.43544848e+00  9.24413226e-01
 -2.75903493e+00 -2.43631334e-06 -2.04744702e-03  2.75763491e+00
 -6.72175245e-06  2.13067028e-03], f(x) = -0.007923956145638903
Iteration: 142, x = [-9.45534394e-01 -1.56811290e-07 -1.85196674e-01 -3.39663065e+00
  8.52849739e-06 -1.69348457e+00  3.36304215e+00  1.43441512e+00
  9.23999329e-01  3.36251920e+00 -1.43521664e+00  9.23491451e-01
 -2.75841303e+00 -2.35590296e-06 -1.98861349e-03  2.75307296e+00
 -8.10464613e-06  2.23059659e-03], f(x) = -0.007924080740112579
Iteration: 143, x = [-9.45534394e-01 -1.56811290e-07 -1.85196674e-01 -3.39663065e+00
  8.52849739e-06 -1.69348457e+00  3.36304215e+00  1.43441512e+00
  9.23999329e-01  3.36251920e+00 -1.43521664e+00  9.23491451e-01
 -2.75841303e+00 -2.35590296e-06 -1.98861349e-03  2.75307296e+00
 -8.10464613e-06  2.23059659e-03], f(x) = -0.007924080740112579
Iteration: 144, x = [-9.45534394e-01 -1.56811290e-07 -1.85196674e-01 -3.39663065e+00
  8.52849739e-06 -1.69348457e+00  3.36304215e+00  1.43441512e+00
  9.23999329e-01  3.36251920e+00 -1.43521664e+00  9.23491451e-01
 -2.75841303e+00 -2.35590296e-06 -1.98861349e-03  2.75307296e+00
 -8.10464613e-06  2.23059659e-03], f(x) = -0.007924080740112579
Iteration: 145, x = [-9.45534394e-01 -1.56811290e-07 -1.85196674e-01 -3.39663065e+00
  8.52849739e-06 -1.69348457e+00  3.36304215e+00  1.43441512e+00
  9.23999329e-01  3.36251920e+00 -1.43521664e+00  9.23491451e-01
 -2.75841303e+00 -2.35590296e-06 -1.98861349e-03  2.75307296e+00
 -8.10464613e-06  2.23059659e-03], f(x) = -0.007924080740112579
Iteration: 146, x = [-9.45534394e-01 -1.56811290e-07 -1.85196674e-01 -3.39663065e+00
  8.52849739e-06 -1.69348457e+00  3.36304215e+00  1.43441512e+00
  9.23999329e-01  3.36251920e+00 -1.43521664e+00  9.23491451e-01
 -2.75841303e+00 -2.35590296e-06 -1.98861349e-03  2.75307296e+00
 -8.10464613e-06  2.23059659e-03], f(x) = -0.007924080740112579
Iteration: 147, x = [-9.45534394e-01 -1.56811290e-07 -1.85196674e-01 -3.39663065e+00
  8.52849739e-06 -1.69348457e+00  3.36304215e+00  1.43441512e+00
  9.23999329e-01  3.36251920e+00 -1.43521664e+00  9.23491451e-01
 -2.75841303e+00 -2.35590296e-06 -1.98861349e-03  2.75307296e+00
 -8.10464613e-06  2.23059659e-03], f(x) = -0.007924080740112579
Iteration: 148, x = [-9.45303796e-01 -1.54532933e-07 -1.85166260e-01 -3.39646251e+00
  9.92896716e-06 -1.69301250e+00  3.36128447e+00  1.43479159e+00
  9.24757662e-01  3.36106925e+00 -1.43566702e+00  9.23920635e-01
 -2.75776639e+00 -2.27771024e-06 -1.77461765e-03  2.75357744e+00
 -7.67088072e-06  2.22684235e-03], f(x) = -0.007924279105048379
Iteration: 149, x = [-9.45303796e-01 -1.54532933e-07 -1.85166260e-01 -3.39646251e+00
  9.92896716e-06 -1.69301250e+00  3.36128447e+00  1.43479159e+00
  9.24757662e-01  3.36106925e+00 -1.43566702e+00  9.23920635e-01
 -2.75776639e+00 -2.27771024e-06 -1.77461765e-03  2.75357744e+00
 -7.67088072e-06  2.22684235e-03], f(x) = -0.007924279105048379
Iteration: 150, x = [-9.45303796e-01 -1.54532933e-07 -1.85166260e-01 -3.39646251e+00
  9.92896716e-06 -1.69301250e+00  3.36128447e+00  1.43479159e+00
  9.24757662e-01  3.36106925e+00 -1.43566702e+00  9.23920635e-01
 -2.75776639e+00 -2.27771024e-06 -1.77461765e-03  2.75357744e+00
 -7.67088072e-06  2.22684235e-03], f(x) = -0.007924279105048379
Iteration: 151, x = [-9.45303796e-01 -1.54532933e-07 -1.85166260e-01 -3.39646251e+00
  9.92896716e-06 -1.69301250e+00  3.36128447e+00  1.43479159e+00
  9.24757662e-01  3.36106925e+00 -1.43566702e+00  9.23920635e-01
 -2.75776639e+00 -2.27771024e-06 -1.77461765e-03  2.75357744e+00
 -7.67088072e-06  2.22684235e-03], f(x) = -0.007924279105048379
Iteration: 152, x = [-9.45195175e-01 -1.55774460e-07 -1.86011699e-01 -3.39644709e+00
  1.00067707e-05 -1.69318518e+00  3.36123644e+00  1.43512331e+00
  9.24892741e-01  3.36017825e+00 -1.43614965e+00  9.24230378e-01
 -2.75783059e+00 -2.61493122e-06 -1.70658293e-03  2.75335950e+00
 -7.57196866e-06  2.26331607e-03], f(x) = -0.007924599581950987
Iteration: 153, x = [-9.45195175e-01 -1.55774460e-07 -1.86011699e-01 -3.39644709e+00
  1.00067707e-05 -1.69318518e+00  3.36123644e+00  1.43512331e+00
  9.24892741e-01  3.36017825e+00 -1.43614965e+00  9.24230378e-01
 -2.75783059e+00 -2.61493122e-06 -1.70658293e-03  2.75335950e+00
 -7.57196866e-06  2.26331607e-03], f(x) = -0.007924599581950987
Iteration: 154, x = [-9.45195175e-01 -1.55774460e-07 -1.86011699e-01 -3.39644709e+00
  1.00067707e-05 -1.69318518e+00  3.36123644e+00  1.43512331e+00
  9.24892741e-01  3.36017825e+00 -1.43614965e+00  9.24230378e-01
 -2.75783059e+00 -2.61493122e-06 -1.70658293e-03  2.75335950e+00
 -7.57196866e-06  2.26331607e-03], f(x) = -0.007924599581950987
Iteration: 155, x = [-9.45195175e-01 -1.55774460e-07 -1.86011699e-01 -3.39644709e+00
  1.00067707e-05 -1.69318518e+00  3.36123644e+00  1.43512331e+00
  9.24892741e-01  3.36017825e+00 -1.43614965e+00  9.24230378e-01
 -2.75783059e+00 -2.61493122e-06 -1.70658293e-03  2.75335950e+00
 -7.57196866e-06  2.26331607e-03], f(x) = -0.007924599581950987
Iteration: 156, x = [-9.45195175e-01 -1.55774460e-07 -1.86011699e-01 -3.39644709e+00
  1.00067707e-05 -1.69318518e+00  3.36123644e+00  1.43512331e+00
  9.24892741e-01  3.36017825e+00 -1.43614965e+00  9.24230378e-01
 -2.75783059e+00 -2.61493122e-06 -1.70658293e-03  2.75335950e+00
 -7.57196866e-06  2.26331607e-03], f(x) = -0.007924599581950987
Iteration: 157, x = [-9.45195175e-01 -1.55774460e-07 -1.86011699e-01 -3.39644709e+00
  1.00067707e-05 -1.69318518e+00  3.36123644e+00  1.43512331e+00
  9.24892741e-01  3.36017825e+00 -1.43614965e+00  9.24230378e-01
 -2.75783059e+00 -2.61493122e-06 -1.70658293e-03  2.75335950e+00
 -7.57196866e-06  2.26331607e-03], f(x) = -0.007924599581950987
Iteration: 158, x = [-9.45195175e-01 -1.55774460e-07 -1.86011699e-01 -3.39644709e+00
  1.00067707e-05 -1.69318518e+00  3.36123644e+00  1.43512331e+00
  9.24892741e-01  3.36017825e+00 -1.43614965e+00  9.24230378e-01
 -2.75783059e+00 -2.61493122e-06 -1.70658293e-03  2.75335950e+00
 -7.57196866e-06  2.26331607e-03], f(x) = -0.007924599581950987
Iteration: 159, x = [-9.45195175e-01 -1.55774460e-07 -1.86011699e-01 -3.39644709e+00
  1.00067707e-05 -1.69318518e+00  3.36123644e+00  1.43512331e+00
  9.24892741e-01  3.36017825e+00 -1.43614965e+00  9.24230378e-01
 -2.75783059e+00 -2.61493122e-06 -1.70658293e-03  2.75335950e+00
 -7.57196866e-06  2.26331607e-03], f(x) = -0.007924599581950987
Iteration: 160, x = [-9.45195175e-01 -1.55774460e-07 -1.86011699e-01 -3.39644709e+00
  1.00067707e-05 -1.69318518e+00  3.36123644e+00  1.43512331e+00
  9.24892741e-01  3.36017825e+00 -1.43614965e+00  9.24230378e-01
 -2.75783059e+00 -2.61493122e-06 -1.70658293e-03  2.75335950e+00
 -7.57196866e-06  2.26331607e-03], f(x) = -0.007924599581950987
Iteration: 161, x = [-9.45195175e-01 -1.55774460e-07 -1.86011699e-01 -3.39644709e+00
  1.00067707e-05 -1.69318518e+00  3.36123644e+00  1.43512331e+00
  9.24892741e-01  3.36017825e+00 -1.43614965e+00  9.24230378e-01
 -2.75783059e+00 -2.61493122e-06 -1.70658293e-03  2.75335950e+00
 -7.57196866e-06  2.26331607e-03], f(x) = -0.007924599581950987
Iteration: 162, x = [-9.45195175e-01 -1.55774460e-07 -1.86011699e-01 -3.39644709e+00
  1.00067707e-05 -1.69318518e+00  3.36123644e+00  1.43512331e+00
  9.24892741e-01  3.36017825e+00 -1.43614965e+00  9.24230378e-01
 -2.75783059e+00 -2.61493122e-06 -1.70658293e-03  2.75335950e+00
 -7.57196866e-06  2.26331607e-03], f(x) = -0.007924599581950987
Iteration: 163, x = [-9.45195175e-01 -1.55774460e-07 -1.86011699e-01 -3.39644709e+00
  1.00067707e-05 -1.69318518e+00  3.36123644e+00  1.43512331e+00
  9.24892741e-01  3.36017825e+00 -1.43614965e+00  9.24230378e-01
 -2.75783059e+00 -2.61493122e-06 -1.70658293e-03  2.75335950e+00
 -7.57196866e-06  2.26331607e-03], f(x) = -0.007924599581950987
Iteration: 164, x = [-9.45195175e-01 -1.55774460e-07 -1.86011699e-01 -3.39644709e+00
  1.00067707e-05 -1.69318518e+00  3.36123644e+00  1.43512331e+00
  9.24892741e-01  3.36017825e+00 -1.43614965e+00  9.24230378e-01
 -2.75783059e+00 -2.61493122e-06 -1.70658293e-03  2.75335950e+00
 -7.57196866e-06  2.26331607e-03], f(x) = -0.007924599581950987
Iteration: 165, x = [-9.45195175e-01 -1.55774460e-07 -1.86011699e-01 -3.39644709e+00
  1.00067707e-05 -1.69318518e+00  3.36123644e+00  1.43512331e+00
  9.24892741e-01  3.36017825e+00 -1.43614965e+00  9.24230378e-01
 -2.75783059e+00 -2.61493122e-06 -1.70658293e-03  2.75335950e+00
 -7.57196866e-06  2.26331607e-03], f(x) = -0.007924599581950987
Iteration: 166, x = [-9.45195175e-01 -1.55774460e-07 -1.86011699e-01 -3.39644709e+00
  1.00067707e-05 -1.69318518e+00  3.36123644e+00  1.43512331e+00
  9.24892741e-01  3.36017825e+00 -1.43614965e+00  9.24230378e-01
 -2.75783059e+00 -2.61493122e-06 -1.70658293e-03  2.75335950e+00
 -7.57196866e-06  2.26331607e-03], f(x) = -0.007924599581950987
Iteration: 167, x = [-9.44762468e-01 -1.56367573e-07 -1.86882327e-01 -3.39688288e+00
  8.10938063e-06 -1.69218642e+00  3.35740674e+00  1.43501642e+00
  9.24485271e-01  3.35694750e+00 -1.43659209e+00  9.23012544e-01
 -2.75753253e+00 -2.37122889e-06 -1.60911635e-03  2.74873207e+00
 -7.54578111e-06  2.68324400e-03], f(x) = -0.00792470004486525
Iteration: 168, x = [-9.44762468e-01 -1.56367573e-07 -1.86882327e-01 -3.39688288e+00
  8.10938063e-06 -1.69218642e+00  3.35740674e+00  1.43501642e+00
  9.24485271e-01  3.35694750e+00 -1.43659209e+00  9.23012544e-01
 -2.75753253e+00 -2.37122889e-06 -1.60911635e-03  2.74873207e+00
 -7.54578111e-06  2.68324400e-03], f(x) = -0.00792470004486525
Iteration: 169, x = [-9.44762468e-01 -1.56367573e-07 -1.86882327e-01 -3.39688288e+00
  8.10938063e-06 -1.69218642e+00  3.35740674e+00  1.43501642e+00
  9.24485271e-01  3.35694750e+00 -1.43659209e+00  9.23012544e-01
 -2.75753253e+00 -2.37122889e-06 -1.60911635e-03  2.74873207e+00
 -7.54578111e-06  2.68324400e-03], f(x) = -0.00792470004486525
Iteration: 170, x = [-9.44916499e-01 -1.55096719e-07 -1.86695206e-01 -3.39613841e+00
  1.13434210e-05 -1.69240227e+00  3.35593144e+00  1.43585032e+00
  9.25143129e-01  3.35603839e+00 -1.43677544e+00  9.23337127e-01
 -2.75750906e+00 -2.40096069e-06 -1.50347613e-03  2.74990978e+00
 -6.90114182e-06  2.36584228e-03], f(x) = -0.007924784489230488
Iteration: 171, x = [-9.44916499e-01 -1.55096719e-07 -1.86695206e-01 -3.39613841e+00
  1.13434210e-05 -1.69240227e+00  3.35593144e+00  1.43585032e+00
  9.25143129e-01  3.35603839e+00 -1.43677544e+00  9.23337127e-01
 -2.75750906e+00 -2.40096069e-06 -1.50347613e-03  2.74990978e+00
 -6.90114182e-06  2.36584228e-03], f(x) = -0.007924784489230488
Iteration: 172, x = [-9.44916499e-01 -1.55096719e-07 -1.86695206e-01 -3.39613841e+00
  1.13434210e-05 -1.69240227e+00  3.35593144e+00  1.43585032e+00
  9.25143129e-01  3.35603839e+00 -1.43677544e+00  9.23337127e-01
 -2.75750906e+00 -2.40096069e-06 -1.50347613e-03  2.74990978e+00
 -6.90114182e-06  2.36584228e-03], f(x) = -0.007924784489230488
Iteration: 173, x = [-9.44916499e-01 -1.55096719e-07 -1.86695206e-01 -3.39613841e+00
  1.13434210e-05 -1.69240227e+00  3.35593144e+00  1.43585032e+00
  9.25143129e-01  3.35603839e+00 -1.43677544e+00  9.23337127e-01
 -2.75750906e+00 -2.40096069e-06 -1.50347613e-03  2.74990978e+00
 -6.90114182e-06  2.36584228e-03], f(x) = -0.007924784489230488
Iteration: 174, x = [-9.44916499e-01 -1.55096719e-07 -1.86695206e-01 -3.39613841e+00
  1.13434210e-05 -1.69240227e+00  3.35593144e+00  1.43585032e+00
  9.25143129e-01  3.35603839e+00 -1.43677544e+00  9.23337127e-01
 -2.75750906e+00 -2.40096069e-06 -1.50347613e-03  2.74990978e+00
 -6.90114182e-06  2.36584228e-03], f(x) = -0.007924784489230488
Iteration: 175, x = [-9.44916499e-01 -1.55096719e-07 -1.86695206e-01 -3.39613841e+00
  1.13434210e-05 -1.69240227e+00  3.35593144e+00  1.43585032e+00
  9.25143129e-01  3.35603839e+00 -1.43677544e+00  9.23337127e-01
 -2.75750906e+00 -2.40096069e-06 -1.50347613e-03  2.74990978e+00
 -6.90114182e-06  2.36584228e-03], f(x) = -0.007924784489230488
Iteration: 176, x = [-9.44916499e-01 -1.55096719e-07 -1.86695206e-01 -3.39613841e+00
  1.13434210e-05 -1.69240227e+00  3.35593144e+00  1.43585032e+00
  9.25143129e-01  3.35603839e+00 -1.43677544e+00  9.23337127e-01
 -2.75750906e+00 -2.40096069e-06 -1.50347613e-03  2.74990978e+00
 -6.90114182e-06  2.36584228e-03], f(x) = -0.007924784489230488
Iteration: 177, x = [-9.44916499e-01 -1.55096719e-07 -1.86695206e-01 -3.39613841e+00
  1.13434210e-05 -1.69240227e+00  3.35593144e+00  1.43585032e+00
  9.25143129e-01  3.35603839e+00 -1.43677544e+00  9.23337127e-01
 -2.75750906e+00 -2.40096069e-06 -1.50347613e-03  2.74990978e+00
 -6.90114182e-06  2.36584228e-03], f(x) = -0.007924784489230488
Iteration: 178, x = [-9.44916499e-01 -1.55096719e-07 -1.86695206e-01 -3.39613841e+00
  1.13434210e-05 -1.69240227e+00  3.35593144e+00  1.43585032e+00
  9.25143129e-01  3.35603839e+00 -1.43677544e+00  9.23337127e-01
 -2.75750906e+00 -2.40096069e-06 -1.50347613e-03  2.74990978e+00
 -6.90114182e-06  2.36584228e-03], f(x) = -0.007924784489230488
Iteration: 179, x = [-9.44916499e-01 -1.55096719e-07 -1.86695206e-01 -3.39613841e+00
  1.13434210e-05 -1.69240227e+00  3.35593144e+00  1.43585032e+00
  9.25143129e-01  3.35603839e+00 -1.43677544e+00  9.23337127e-01
 -2.75750906e+00 -2.40096069e-06 -1.50347613e-03  2.74990978e+00
 -6.90114182e-06  2.36584228e-03], f(x) = -0.007924784489230488
Iteration: 180, x = [-9.44916499e-01 -1.55096719e-07 -1.86695206e-01 -3.39613841e+00
  1.13434210e-05 -1.69240227e+00  3.35593144e+00  1.43585032e+00
  9.25143129e-01  3.35603839e+00 -1.43677544e+00  9.23337127e-01
 -2.75750906e+00 -2.40096069e-06 -1.50347613e-03  2.74990978e+00
 -6.90114182e-06  2.36584228e-03], f(x) = -0.007924784489230488
Iteration: 181, x = [-9.44916499e-01 -1.55096719e-07 -1.86695206e-01 -3.39613841e+00
  1.13434210e-05 -1.69240227e+00  3.35593144e+00  1.43585032e+00
  9.25143129e-01  3.35603839e+00 -1.43677544e+00  9.23337127e-01
 -2.75750906e+00 -2.40096069e-06 -1.50347613e-03  2.74990978e+00
 -6.90114182e-06  2.36584228e-03], f(x) = -0.007924784489230488
Iteration: 182, x = [-9.44916499e-01 -1.55096719e-07 -1.86695206e-01 -3.39613841e+00
  1.13434210e-05 -1.69240227e+00  3.35593144e+00  1.43585032e+00
  9.25143129e-01  3.35603839e+00 -1.43677544e+00  9.23337127e-01
 -2.75750906e+00 -2.40096069e-06 -1.50347613e-03  2.74990978e+00
 -6.90114182e-06  2.36584228e-03], f(x) = -0.007924784489230488
Iteration: 183, x = [-9.44472407e-01 -1.60850217e-07 -1.87603542e-01 -3.39704186e+00
  8.86919542e-06 -1.69150378e+00  3.35323006e+00  1.43541735e+00
  9.24979514e-01  3.35331237e+00 -1.43673630e+00  9.23323077e-01
 -2.75695397e+00 -2.53185669e-06 -1.26395261e-03  2.74613741e+00
 -7.78866456e-06  2.58453562e-03], f(x) = -0.007924853907351943
Iteration: 184, x = [-9.44472407e-01 -1.60850217e-07 -1.87603542e-01 -3.39704186e+00
  8.86919542e-06 -1.69150378e+00  3.35323006e+00  1.43541735e+00
  9.24979514e-01  3.35331237e+00 -1.43673630e+00  9.23323077e-01
 -2.75695397e+00 -2.53185669e-06 -1.26395261e-03  2.74613741e+00
 -7.78866456e-06  2.58453562e-03], f(x) = -0.007924853907351943
Iteration: 185, x = [-9.44472407e-01 -1.60850217e-07 -1.87603542e-01 -3.39704186e+00
  8.86919542e-06 -1.69150378e+00  3.35323006e+00  1.43541735e+00
  9.24979514e-01  3.35331237e+00 -1.43673630e+00  9.23323077e-01
 -2.75695397e+00 -2.53185669e-06 -1.26395261e-03  2.74613741e+00
 -7.78866456e-06  2.58453562e-03], f(x) = -0.007924853907351943
Iteration: 186, x = [-9.44472407e-01 -1.60850217e-07 -1.87603542e-01 -3.39704186e+00
  8.86919542e-06 -1.69150378e+00  3.35323006e+00  1.43541735e+00
  9.24979514e-01  3.35331237e+00 -1.43673630e+00  9.23323077e-01
 -2.75695397e+00 -2.53185669e-06 -1.26395261e-03  2.74613741e+00
 -7.78866456e-06  2.58453562e-03], f(x) = -0.007924853907351943
Iteration: 187, x = [-9.44472407e-01 -1.60850217e-07 -1.87603542e-01 -3.39704186e+00
  8.86919542e-06 -1.69150378e+00  3.35323006e+00  1.43541735e+00
  9.24979514e-01  3.35331237e+00 -1.43673630e+00  9.23323077e-01
 -2.75695397e+00 -2.53185669e-06 -1.26395261e-03  2.74613741e+00
 -7.78866456e-06  2.58453562e-03], f(x) = -0.007924853907351943
Iteration: 188, x = [-9.44472407e-01 -1.60850217e-07 -1.87603542e-01 -3.39704186e+00
  8.86919542e-06 -1.69150378e+00  3.35323006e+00  1.43541735e+00
  9.24979514e-01  3.35331237e+00 -1.43673630e+00  9.23323077e-01
 -2.75695397e+00 -2.53185669e-06 -1.26395261e-03  2.74613741e+00
 -7.78866456e-06  2.58453562e-03], f(x) = -0.007924853907351943
Iteration: 189, x = [-9.44358962e-01 -1.61509617e-07 -1.87726195e-01 -3.39717281e+00
  9.83631540e-06 -1.69250036e+00  3.35358318e+00  1.43491240e+00
  9.25297254e-01  3.35271183e+00 -1.43688390e+00  9.23913169e-01
 -2.75677878e+00 -2.52371101e-06 -1.44064470e-03  2.74644236e+00
 -6.70109527e-06  2.59271518e-03], f(x) = -0.007925048894422576
Iteration: 190, x = [-9.44358962e-01 -1.61509617e-07 -1.87726195e-01 -3.39717281e+00
  9.83631540e-06 -1.69250036e+00  3.35358318e+00  1.43491240e+00
  9.25297254e-01  3.35271183e+00 -1.43688390e+00  9.23913169e-01
 -2.75677878e+00 -2.52371101e-06 -1.44064470e-03  2.74644236e+00
 -6.70109527e-06  2.59271518e-03], f(x) = -0.007925048894422576
Iteration: 191, x = [-9.44358962e-01 -1.61509617e-07 -1.87726195e-01 -3.39717281e+00
  9.83631540e-06 -1.69250036e+00  3.35358318e+00  1.43491240e+00
  9.25297254e-01  3.35271183e+00 -1.43688390e+00  9.23913169e-01
 -2.75677878e+00 -2.52371101e-06 -1.44064470e-03  2.74644236e+00
 -6.70109527e-06  2.59271518e-03], f(x) = -0.007925048894422576
Iteration: 192, x = [-9.44358962e-01 -1.61509617e-07 -1.87726195e-01 -3.39717281e+00
  9.83631540e-06 -1.69250036e+00  3.35358318e+00  1.43491240e+00
  9.25297254e-01  3.35271183e+00 -1.43688390e+00  9.23913169e-01
 -2.75677878e+00 -2.52371101e-06 -1.44064470e-03  2.74644236e+00
 -6.70109527e-06  2.59271518e-03], f(x) = -0.007925048894422576
Iteration: 193, x = [-9.44358962e-01 -1.61509617e-07 -1.87726195e-01 -3.39717281e+00
  9.83631540e-06 -1.69250036e+00  3.35358318e+00  1.43491240e+00
  9.25297254e-01  3.35271183e+00 -1.43688390e+00  9.23913169e-01
 -2.75677878e+00 -2.52371101e-06 -1.44064470e-03  2.74644236e+00
 -6.70109527e-06  2.59271518e-03], f(x) = -0.007925048894422576
Iteration: 194, x = [-9.44358962e-01 -1.61509617e-07 -1.87726195e-01 -3.39717281e+00
  9.83631540e-06 -1.69250036e+00  3.35358318e+00  1.43491240e+00
  9.25297254e-01  3.35271183e+00 -1.43688390e+00  9.23913169e-01
 -2.75677878e+00 -2.52371101e-06 -1.44064470e-03  2.74644236e+00
 -6.70109527e-06  2.59271518e-03], f(x) = -0.007925048894422576
Iteration: 195, x = [-9.44358962e-01 -1.61509617e-07 -1.87726195e-01 -3.39717281e+00
  9.83631540e-06 -1.69250036e+00  3.35358318e+00  1.43491240e+00
  9.25297254e-01  3.35271183e+00 -1.43688390e+00  9.23913169e-01
 -2.75677878e+00 -2.52371101e-06 -1.44064470e-03  2.74644236e+00
 -6.70109527e-06  2.59271518e-03], f(x) = -0.007925048894422576
Iteration: 196, x = [-9.44358962e-01 -1.61509617e-07 -1.87726195e-01 -3.39717281e+00
  9.83631540e-06 -1.69250036e+00  3.35358318e+00  1.43491240e+00
  9.25297254e-01  3.35271183e+00 -1.43688390e+00  9.23913169e-01
 -2.75677878e+00 -2.52371101e-06 -1.44064470e-03  2.74644236e+00
 -6.70109527e-06  2.59271518e-03], f(x) = -0.007925048894422576
Iteration: 197, x = [-9.44358962e-01 -1.61509617e-07 -1.87726195e-01 -3.39717281e+00
  9.83631540e-06 -1.69250036e+00  3.35358318e+00  1.43491240e+00
  9.25297254e-01  3.35271183e+00 -1.43688390e+00  9.23913169e-01
 -2.75677878e+00 -2.52371101e-06 -1.44064470e-03  2.74644236e+00
 -6.70109527e-06  2.59271518e-03], f(x) = -0.007925048894422576
Iteration: 198, x = [-9.44358962e-01 -1.61509617e-07 -1.87726195e-01 -3.39717281e+00
  9.83631540e-06 -1.69250036e+00  3.35358318e+00  1.43491240e+00
  9.25297254e-01  3.35271183e+00 -1.43688390e+00  9.23913169e-01
 -2.75677878e+00 -2.52371101e-06 -1.44064470e-03  2.74644236e+00
 -6.70109527e-06  2.59271518e-03], f(x) = -0.007925048894422576
Iteration: 199, x = [-9.44358962e-01 -1.61509617e-07 -1.87726195e-01 -3.39717281e+00
  9.83631540e-06 -1.69250036e+00  3.35358318e+00  1.43491240e+00
  9.25297254e-01  3.35271183e+00 -1.43688390e+00  9.23913169e-01
 -2.75677878e+00 -2.52371101e-06 -1.44064470e-03  2.74644236e+00
 -6.70109527e-06  2.59271518e-03], f(x) = -0.007925048894422576
Iteration: 200, x = [-9.44358962e-01 -1.61509617e-07 -1.87726195e-01 -3.39717281e+00
  9.83631540e-06 -1.69250036e+00  3.35358318e+00  1.43491240e+00
  9.25297254e-01  3.35271183e+00 -1.43688390e+00  9.23913169e-01
 -2.75677878e+00 -2.52371101e-06 -1.44064470e-03  2.74644236e+00
 -6.70109527e-06  2.59271518e-03], f(x) = -0.007925048894422576
Iteration: 201, x = [-9.44358962e-01 -1.61509617e-07 -1.87726195e-01 -3.39717281e+00
  9.83631540e-06 -1.69250036e+00  3.35358318e+00  1.43491240e+00
  9.25297254e-01  3.35271183e+00 -1.43688390e+00  9.23913169e-01
 -2.75677878e+00 -2.52371101e-06 -1.44064470e-03  2.74644236e+00
 -6.70109527e-06  2.59271518e-03], f(x) = -0.007925048894422576
Iteration: 202, x = [-9.44358962e-01 -1.61509617e-07 -1.87726195e-01 -3.39717281e+00
  9.83631540e-06 -1.69250036e+00  3.35358318e+00  1.43491240e+00
  9.25297254e-01  3.35271183e+00 -1.43688390e+00  9.23913169e-01
 -2.75677878e+00 -2.52371101e-06 -1.44064470e-03  2.74644236e+00
 -6.70109527e-06  2.59271518e-03], f(x) = -0.007925048894422576
Iteration: 203, x = [-9.44358962e-01 -1.61509617e-07 -1.87726195e-01 -3.39717281e+00
  9.83631540e-06 -1.69250036e+00  3.35358318e+00  1.43491240e+00
  9.25297254e-01  3.35271183e+00 -1.43688390e+00  9.23913169e-01
 -2.75677878e+00 -2.52371101e-06 -1.44064470e-03  2.74644236e+00
 -6.70109527e-06  2.59271518e-03], f(x) = -0.007925048894422576
Iteration: 204, x = [-9.44358962e-01 -1.61509617e-07 -1.87726195e-01 -3.39717281e+00
  9.83631540e-06 -1.69250036e+00  3.35358318e+00  1.43491240e+00
  9.25297254e-01  3.35271183e+00 -1.43688390e+00  9.23913169e-01
 -2.75677878e+00 -2.52371101e-06 -1.44064470e-03  2.74644236e+00
 -6.70109527e-06  2.59271518e-03], f(x) = -0.007925048894422576
Iteration: 205, x = [-9.44358962e-01 -1.61509617e-07 -1.87726195e-01 -3.39717281e+00
  9.83631540e-06 -1.69250036e+00  3.35358318e+00  1.43491240e+00
  9.25297254e-01  3.35271183e+00 -1.43688390e+00  9.23913169e-01
 -2.75677878e+00 -2.52371101e-06 -1.44064470e-03  2.74644236e+00
 -6.70109527e-06  2.59271518e-03], f(x) = -0.007925048894422576
Iteration: 206, x = [-9.44358962e-01 -1.61509617e-07 -1.87726195e-01 -3.39717281e+00
  9.83631540e-06 -1.69250036e+00  3.35358318e+00  1.43491240e+00
  9.25297254e-01  3.35271183e+00 -1.43688390e+00  9.23913169e-01
 -2.75677878e+00 -2.52371101e-06 -1.44064470e-03  2.74644236e+00
 -6.70109527e-06  2.59271518e-03], f(x) = -0.007925048894422576
Iteration: 207, x = [-9.44358962e-01 -1.61509617e-07 -1.87726195e-01 -3.39717281e+00
  9.83631540e-06 -1.69250036e+00  3.35358318e+00  1.43491240e+00
  9.25297254e-01  3.35271183e+00 -1.43688390e+00  9.23913169e-01
 -2.75677878e+00 -2.52371101e-06 -1.44064470e-03  2.74644236e+00
 -6.70109527e-06  2.59271518e-03], f(x) = -0.007925048894422576
Iteration: 208, x = [-9.44358962e-01 -1.61509617e-07 -1.87726195e-01 -3.39717281e+00
  9.83631540e-06 -1.69250036e+00  3.35358318e+00  1.43491240e+00
  9.25297254e-01  3.35271183e+00 -1.43688390e+00  9.23913169e-01
 -2.75677878e+00 -2.52371101e-06 -1.44064470e-03  2.74644236e+00
 -6.70109527e-06  2.59271518e-03], f(x) = -0.007925048894422576
Iteration: 209, x = [-9.44358962e-01 -1.61509617e-07 -1.87726195e-01 -3.39717281e+00
  9.83631540e-06 -1.69250036e+00  3.35358318e+00  1.43491240e+00
  9.25297254e-01  3.35271183e+00 -1.43688390e+00  9.23913169e-01
 -2.75677878e+00 -2.52371101e-06 -1.44064470e-03  2.74644236e+00
 -6.70109527e-06  2.59271518e-03], f(x) = -0.007925048894422576
Iteration: 210, x = [-9.44292880e-01 -1.58127008e-07 -1.87781608e-01 -3.39682991e+00
  1.10762938e-05 -1.69219600e+00  3.35144672e+00  1.43595362e+00
  9.25869889e-01  3.35179787e+00 -1.43723572e+00  9.24356708e-01
 -2.75669046e+00 -2.58868108e-06 -1.24993187e-03  2.74680966e+00
 -7.07542717e-06  2.44261019e-03], f(x) = -0.007925123915708572
Iteration: 211, x = [-9.44292880e-01 -1.58127008e-07 -1.87781608e-01 -3.39682991e+00
  1.10762938e-05 -1.69219600e+00  3.35144672e+00  1.43595362e+00
  9.25869889e-01  3.35179787e+00 -1.43723572e+00  9.24356708e-01
 -2.75669046e+00 -2.58868108e-06 -1.24993187e-03  2.74680966e+00
 -7.07542717e-06  2.44261019e-03], f(x) = -0.007925123915708572
Iteration: 212, x = [-9.44292880e-01 -1.58127008e-07 -1.87781608e-01 -3.39682991e+00
  1.10762938e-05 -1.69219600e+00  3.35144672e+00  1.43595362e+00
  9.25869889e-01  3.35179787e+00 -1.43723572e+00  9.24356708e-01
 -2.75669046e+00 -2.58868108e-06 -1.24993187e-03  2.74680966e+00
 -7.07542717e-06  2.44261019e-03], f(x) = -0.007925123915708572
Iteration: 213, x = [-9.44292880e-01 -1.58127008e-07 -1.87781608e-01 -3.39682991e+00
  1.10762938e-05 -1.69219600e+00  3.35144672e+00  1.43595362e+00
  9.25869889e-01  3.35179787e+00 -1.43723572e+00  9.24356708e-01
 -2.75669046e+00 -2.58868108e-06 -1.24993187e-03  2.74680966e+00
 -7.07542717e-06  2.44261019e-03], f(x) = -0.007925123915708572
Iteration: 214, x = [-9.44292880e-01 -1.58127008e-07 -1.87781608e-01 -3.39682991e+00
  1.10762938e-05 -1.69219600e+00  3.35144672e+00  1.43595362e+00
  9.25869889e-01  3.35179787e+00 -1.43723572e+00  9.24356708e-01
 -2.75669046e+00 -2.58868108e-06 -1.24993187e-03  2.74680966e+00
 -7.07542717e-06  2.44261019e-03], f(x) = -0.007925123915708572
Iteration: 215, x = [-9.44292880e-01 -1.58127008e-07 -1.87781608e-01 -3.39682991e+00
  1.10762938e-05 -1.69219600e+00  3.35144672e+00  1.43595362e+00
  9.25869889e-01  3.35179787e+00 -1.43723572e+00  9.24356708e-01
 -2.75669046e+00 -2.58868108e-06 -1.24993187e-03  2.74680966e+00
 -7.07542717e-06  2.44261019e-03], f(x) = -0.007925123915708572
Iteration: 216, x = [-9.44292880e-01 -1.58127008e-07 -1.87781608e-01 -3.39682991e+00
  1.10762938e-05 -1.69219600e+00  3.35144672e+00  1.43595362e+00
  9.25869889e-01  3.35179787e+00 -1.43723572e+00  9.24356708e-01
 -2.75669046e+00 -2.58868108e-06 -1.24993187e-03  2.74680966e+00
 -7.07542717e-06  2.44261019e-03], f(x) = -0.007925123915708572
Iteration: 217, x = [-9.44292880e-01 -1.58127008e-07 -1.87781608e-01 -3.39682991e+00
  1.10762938e-05 -1.69219600e+00  3.35144672e+00  1.43595362e+00
  9.25869889e-01  3.35179787e+00 -1.43723572e+00  9.24356708e-01
 -2.75669046e+00 -2.58868108e-06 -1.24993187e-03  2.74680966e+00
 -7.07542717e-06  2.44261019e-03], f(x) = -0.007925123915708572
Iteration: 218, x = [-9.44292880e-01 -1.58127008e-07 -1.87781608e-01 -3.39682991e+00
  1.10762938e-05 -1.69219600e+00  3.35144672e+00  1.43595362e+00
  9.25869889e-01  3.35179787e+00 -1.43723572e+00  9.24356708e-01
 -2.75669046e+00 -2.58868108e-06 -1.24993187e-03  2.74680966e+00
 -7.07542717e-06  2.44261019e-03], f(x) = -0.007925123915708572
Iteration: 219, x = [-9.44292880e-01 -1.58127008e-07 -1.87781608e-01 -3.39682991e+00
  1.10762938e-05 -1.69219600e+00  3.35144672e+00  1.43595362e+00
  9.25869889e-01  3.35179787e+00 -1.43723572e+00  9.24356708e-01
 -2.75669046e+00 -2.58868108e-06 -1.24993187e-03  2.74680966e+00
 -7.07542717e-06  2.44261019e-03], f(x) = -0.007925123915708572
Iteration: 220, x = [-9.44292880e-01 -1.58127008e-07 -1.87781608e-01 -3.39682991e+00
  1.10762938e-05 -1.69219600e+00  3.35144672e+00  1.43595362e+00
  9.25869889e-01  3.35179787e+00 -1.43723572e+00  9.24356708e-01
 -2.75669046e+00 -2.58868108e-06 -1.24993187e-03  2.74680966e+00
 -7.07542717e-06  2.44261019e-03], f(x) = -0.007925123915708572
Iteration: 221, x = [-9.44292880e-01 -1.58127008e-07 -1.87781608e-01 -3.39682991e+00
  1.10762938e-05 -1.69219600e+00  3.35144672e+00  1.43595362e+00
  9.25869889e-01  3.35179787e+00 -1.43723572e+00  9.24356708e-01
 -2.75669046e+00 -2.58868108e-06 -1.24993187e-03  2.74680966e+00
 -7.07542717e-06  2.44261019e-03], f(x) = -0.007925123915708572
Iteration: 222, x = [-9.44292880e-01 -1.58127008e-07 -1.87781608e-01 -3.39682991e+00
  1.10762938e-05 -1.69219600e+00  3.35144672e+00  1.43595362e+00
  9.25869889e-01  3.35179787e+00 -1.43723572e+00  9.24356708e-01
 -2.75669046e+00 -2.58868108e-06 -1.24993187e-03  2.74680966e+00
 -7.07542717e-06  2.44261019e-03], f(x) = -0.007925123915708572
Iteration: 223, x = [-9.44292880e-01 -1.58127008e-07 -1.87781608e-01 -3.39682991e+00
  1.10762938e-05 -1.69219600e+00  3.35144672e+00  1.43595362e+00
  9.25869889e-01  3.35179787e+00 -1.43723572e+00  9.24356708e-01
 -2.75669046e+00 -2.58868108e-06 -1.24993187e-03  2.74680966e+00
 -7.07542717e-06  2.44261019e-03], f(x) = -0.007925123915708572
Iteration: 224, x = [-9.44292880e-01 -1.58127008e-07 -1.87781608e-01 -3.39682991e+00
  1.10762938e-05 -1.69219600e+00  3.35144672e+00  1.43595362e+00
  9.25869889e-01  3.35179787e+00 -1.43723572e+00  9.24356708e-01
 -2.75669046e+00 -2.58868108e-06 -1.24993187e-03  2.74680966e+00
 -7.07542717e-06  2.44261019e-03], f(x) = -0.007925123915708572
Iteration: 225, x = [-9.44225690e-01 -1.55670288e-07 -1.87191301e-01 -3.39643136e+00
  1.05391152e-05 -1.69245568e+00  3.35232231e+00  1.43572074e+00
  9.26267436e-01  3.35148637e+00 -1.43728523e+00  9.24383732e-01
 -2.75659275e+00 -2.63501460e-06 -1.20747057e-03  2.74700005e+00
 -6.80766428e-06  2.66564840e-03], f(x) = -0.007925173307065141
Iteration: 226, x = [-9.44225690e-01 -1.55670288e-07 -1.87191301e-01 -3.39643136e+00
  1.05391152e-05 -1.69245568e+00  3.35232231e+00  1.43572074e+00
  9.26267436e-01  3.35148637e+00 -1.43728523e+00  9.24383732e-01
 -2.75659275e+00 -2.63501460e-06 -1.20747057e-03  2.74700005e+00
 -6.80766428e-06  2.66564840e-03], f(x) = -0.007925173307065141
Iteration: 227, x = [-9.44225690e-01 -1.55670288e-07 -1.87191301e-01 -3.39643136e+00
  1.05391152e-05 -1.69245568e+00  3.35232231e+00  1.43572074e+00
  9.26267436e-01  3.35148637e+00 -1.43728523e+00  9.24383732e-01
 -2.75659275e+00 -2.63501460e-06 -1.20747057e-03  2.74700005e+00
 -6.80766428e-06  2.66564840e-03], f(x) = -0.007925173307065141
Iteration: 228, x = [-9.44225690e-01 -1.55670288e-07 -1.87191301e-01 -3.39643136e+00
  1.05391152e-05 -1.69245568e+00  3.35232231e+00  1.43572074e+00
  9.26267436e-01  3.35148637e+00 -1.43728523e+00  9.24383732e-01
 -2.75659275e+00 -2.63501460e-06 -1.20747057e-03  2.74700005e+00
 -6.80766428e-06  2.66564840e-03], f(x) = -0.007925173307065141
Iteration: 229, x = [-9.44225690e-01 -1.55670288e-07 -1.87191301e-01 -3.39643136e+00
  1.05391152e-05 -1.69245568e+00  3.35232231e+00  1.43572074e+00
  9.26267436e-01  3.35148637e+00 -1.43728523e+00  9.24383732e-01
 -2.75659275e+00 -2.63501460e-06 -1.20747057e-03  2.74700005e+00
 -6.80766428e-06  2.66564840e-03], f(x) = -0.007925173307065141
Iteration: 230, x = [-9.44225690e-01 -1.55670288e-07 -1.87191301e-01 -3.39643136e+00
  1.05391152e-05 -1.69245568e+00  3.35232231e+00  1.43572074e+00
  9.26267436e-01  3.35148637e+00 -1.43728523e+00  9.24383732e-01
 -2.75659275e+00 -2.63501460e-06 -1.20747057e-03  2.74700005e+00
 -6.80766428e-06  2.66564840e-03], f(x) = -0.007925173307065141
Iteration: 231, x = [-9.44225690e-01 -1.55670288e-07 -1.87191301e-01 -3.39643136e+00
  1.05391152e-05 -1.69245568e+00  3.35232231e+00  1.43572074e+00
  9.26267436e-01  3.35148637e+00 -1.43728523e+00  9.24383732e-01
 -2.75659275e+00 -2.63501460e-06 -1.20747057e-03  2.74700005e+00
 -6.80766428e-06  2.66564840e-03], f(x) = -0.007925173307065141
Iteration: 232, x = [-9.44225690e-01 -1.55670288e-07 -1.87191301e-01 -3.39643136e+00
  1.05391152e-05 -1.69245568e+00  3.35232231e+00  1.43572074e+00
  9.26267436e-01  3.35148637e+00 -1.43728523e+00  9.24383732e-01
 -2.75659275e+00 -2.63501460e-06 -1.20747057e-03  2.74700005e+00
 -6.80766428e-06  2.66564840e-03], f(x) = -0.007925173307065141
Iteration: 233, x = [-9.44225690e-01 -1.55670288e-07 -1.87191301e-01 -3.39643136e+00
  1.05391152e-05 -1.69245568e+00  3.35232231e+00  1.43572074e+00
  9.26267436e-01  3.35148637e+00 -1.43728523e+00  9.24383732e-01
 -2.75659275e+00 -2.63501460e-06 -1.20747057e-03  2.74700005e+00
 -6.80766428e-06  2.66564840e-03], f(x) = -0.007925173307065141
Iteration: 234, x = [-9.44225690e-01 -1.55670288e-07 -1.87191301e-01 -3.39643136e+00
  1.05391152e-05 -1.69245568e+00  3.35232231e+00  1.43572074e+00
  9.26267436e-01  3.35148637e+00 -1.43728523e+00  9.24383732e-01
 -2.75659275e+00 -2.63501460e-06 -1.20747057e-03  2.74700005e+00
 -6.80766428e-06  2.66564840e-03], f(x) = -0.007925173307065141
Iteration: 235, x = [-9.44225690e-01 -1.55670288e-07 -1.87191301e-01 -3.39643136e+00
  1.05391152e-05 -1.69245568e+00  3.35232231e+00  1.43572074e+00
  9.26267436e-01  3.35148637e+00 -1.43728523e+00  9.24383732e-01
 -2.75659275e+00 -2.63501460e-06 -1.20747057e-03  2.74700005e+00
 -6.80766428e-06  2.66564840e-03], f(x) = -0.007925173307065141
Iteration: 236, x = [-9.44225690e-01 -1.55670288e-07 -1.87191301e-01 -3.39643136e+00
  1.05391152e-05 -1.69245568e+00  3.35232231e+00  1.43572074e+00
  9.26267436e-01  3.35148637e+00 -1.43728523e+00  9.24383732e-01
 -2.75659275e+00 -2.63501460e-06 -1.20747057e-03  2.74700005e+00
 -6.80766428e-06  2.66564840e-03], f(x) = -0.007925173307065141
Iteration: 237, x = [-9.44225690e-01 -1.55670288e-07 -1.87191301e-01 -3.39643136e+00
  1.05391152e-05 -1.69245568e+00  3.35232231e+00  1.43572074e+00
  9.26267436e-01  3.35148637e+00 -1.43728523e+00  9.24383732e-01
 -2.75659275e+00 -2.63501460e-06 -1.20747057e-03  2.74700005e+00
 -6.80766428e-06  2.66564840e-03], f(x) = -0.007925173307065141
Iteration: 238, x = [-9.44225690e-01 -1.55670288e-07 -1.87191301e-01 -3.39643136e+00
  1.05391152e-05 -1.69245568e+00  3.35232231e+00  1.43572074e+00
  9.26267436e-01  3.35148637e+00 -1.43728523e+00  9.24383732e-01
 -2.75659275e+00 -2.63501460e-06 -1.20747057e-03  2.74700005e+00
 -6.80766428e-06  2.66564840e-03], f(x) = -0.007925173307065141
Iteration: 239, x = [-9.44225690e-01 -1.55670288e-07 -1.87191301e-01 -3.39643136e+00
  1.05391152e-05 -1.69245568e+00  3.35232231e+00  1.43572074e+00
  9.26267436e-01  3.35148637e+00 -1.43728523e+00  9.24383732e-01
 -2.75659275e+00 -2.63501460e-06 -1.20747057e-03  2.74700005e+00
 -6.80766428e-06  2.66564840e-03], f(x) = -0.007925173307065141
Iteration: 240, x = [-9.43935054e-01 -1.58209979e-07 -1.88038090e-01 -3.39694560e+00
  1.06466915e-05 -1.69242214e+00  3.35232248e+00  1.43550973e+00
  9.26063591e-01  3.35082358e+00 -1.43702693e+00  9.24283956e-01
 -2.75645575e+00 -2.60783151e-06 -1.22078472e-03  2.74593036e+00
 -6.61086229e-06  2.61951867e-03], f(x) = -0.007925182164890717
Iteration: 241, x = [-9.43935054e-01 -1.58209979e-07 -1.88038090e-01 -3.39694560e+00
  1.06466915e-05 -1.69242214e+00  3.35232248e+00  1.43550973e+00
  9.26063591e-01  3.35082358e+00 -1.43702693e+00  9.24283956e-01
 -2.75645575e+00 -2.60783151e-06 -1.22078472e-03  2.74593036e+00
 -6.61086229e-06  2.61951867e-03], f(x) = -0.007925182164890717
Iteration: 242, x = [-9.43935054e-01 -1.58209979e-07 -1.88038090e-01 -3.39694560e+00
  1.06466915e-05 -1.69242214e+00  3.35232248e+00  1.43550973e+00
  9.26063591e-01  3.35082358e+00 -1.43702693e+00  9.24283956e-01
 -2.75645575e+00 -2.60783151e-06 -1.22078472e-03  2.74593036e+00
 -6.61086229e-06  2.61951867e-03], f(x) = -0.007925182164890717
Iteration: 243, x = [-9.43935054e-01 -1.58209979e-07 -1.88038090e-01 -3.39694560e+00
  1.06466915e-05 -1.69242214e+00  3.35232248e+00  1.43550973e+00
  9.26063591e-01  3.35082358e+00 -1.43702693e+00  9.24283956e-01
 -2.75645575e+00 -2.60783151e-06 -1.22078472e-03  2.74593036e+00
 -6.61086229e-06  2.61951867e-03], f(x) = -0.007925182164890717
Iteration: 244, x = [-9.43935054e-01 -1.58209979e-07 -1.88038090e-01 -3.39694560e+00
  1.06466915e-05 -1.69242214e+00  3.35232248e+00  1.43550973e+00
  9.26063591e-01  3.35082358e+00 -1.43702693e+00  9.24283956e-01
 -2.75645575e+00 -2.60783151e-06 -1.22078472e-03  2.74593036e+00
 -6.61086229e-06  2.61951867e-03], f(x) = -0.007925182164890717
Iteration: 245, x = [-9.43935054e-01 -1.58209979e-07 -1.88038090e-01 -3.39694560e+00
  1.06466915e-05 -1.69242214e+00  3.35232248e+00  1.43550973e+00
  9.26063591e-01  3.35082358e+00 -1.43702693e+00  9.24283956e-01
 -2.75645575e+00 -2.60783151e-06 -1.22078472e-03  2.74593036e+00
 -6.61086229e-06  2.61951867e-03], f(x) = -0.007925182164890717
Iteration: 246, x = [-9.43935054e-01 -1.58209979e-07 -1.88038090e-01 -3.39694560e+00
  1.06466915e-05 -1.69242214e+00  3.35232248e+00  1.43550973e+00
  9.26063591e-01  3.35082358e+00 -1.43702693e+00  9.24283956e-01
 -2.75645575e+00 -2.60783151e-06 -1.22078472e-03  2.74593036e+00
 -6.61086229e-06  2.61951867e-03], f(x) = -0.007925182164890717
Iteration: 247, x = [-9.43979505e-01 -1.57843982e-07 -1.87548695e-01 -3.39702401e+00
  1.09982901e-05 -1.69242549e+00  3.35138936e+00  1.43527682e+00
  9.26288595e-01  3.35091098e+00 -1.43708392e+00  9.24395877e-01
 -2.75655115e+00 -2.63992804e-06 -1.19291820e-03  2.74509452e+00
 -6.74387207e-06  2.55356660e-03], f(x) = -0.00792519368804262
Iteration: 248, x = [-9.43979505e-01 -1.57843982e-07 -1.87548695e-01 -3.39702401e+00
  1.09982901e-05 -1.69242549e+00  3.35138936e+00  1.43527682e+00
  9.26288595e-01  3.35091098e+00 -1.43708392e+00  9.24395877e-01
 -2.75655115e+00 -2.63992804e-06 -1.19291820e-03  2.74509452e+00
 -6.74387207e-06  2.55356660e-03], f(x) = -0.00792519368804262
Iteration: 249, x = [-9.43979505e-01 -1.57843982e-07 -1.87548695e-01 -3.39702401e+00
  1.09982901e-05 -1.69242549e+00  3.35138936e+00  1.43527682e+00
  9.26288595e-01  3.35091098e+00 -1.43708392e+00  9.24395877e-01
 -2.75655115e+00 -2.63992804e-06 -1.19291820e-03  2.74509452e+00
 -6.74387207e-06  2.55356660e-03], f(x) = -0.00792519368804262
Iteration: 250, x = [-9.43979505e-01 -1.57843982e-07 -1.87548695e-01 -3.39702401e+00
  1.09982901e-05 -1.69242549e+00  3.35138936e+00  1.43527682e+00
  9.26288595e-01  3.35091098e+00 -1.43708392e+00  9.24395877e-01
 -2.75655115e+00 -2.63992804e-06 -1.19291820e-03  2.74509452e+00
 -6.74387207e-06  2.55356660e-03], f(x) = -0.00792519368804262
Iteration: 251, x = [-9.43979505e-01 -1.57843982e-07 -1.87548695e-01 -3.39702401e+00
  1.09982901e-05 -1.69242549e+00  3.35138936e+00  1.43527682e+00
  9.26288595e-01  3.35091098e+00 -1.43708392e+00  9.24395877e-01
 -2.75655115e+00 -2.63992804e-06 -1.19291820e-03  2.74509452e+00
 -6.74387207e-06  2.55356660e-03], f(x) = -0.00792519368804262
Iteration: 252, x = [-9.43979505e-01 -1.57843982e-07 -1.87548695e-01 -3.39702401e+00
  1.09982901e-05 -1.69242549e+00  3.35138936e+00  1.43527682e+00
  9.26288595e-01  3.35091098e+00 -1.43708392e+00  9.24395877e-01
 -2.75655115e+00 -2.63992804e-06 -1.19291820e-03  2.74509452e+00
 -6.74387207e-06  2.55356660e-03], f(x) = -0.00792519368804262
Iteration: 253, x = [-9.43979505e-01 -1.57843982e-07 -1.87548695e-01 -3.39702401e+00
  1.09982901e-05 -1.69242549e+00  3.35138936e+00  1.43527682e+00
  9.26288595e-01  3.35091098e+00 -1.43708392e+00  9.24395877e-01
 -2.75655115e+00 -2.63992804e-06 -1.19291820e-03  2.74509452e+00
 -6.74387207e-06  2.55356660e-03], f(x) = -0.00792519368804262
Iteration: 254, x = [-9.43979505e-01 -1.57843982e-07 -1.87548695e-01 -3.39702401e+00
  1.09982901e-05 -1.69242549e+00  3.35138936e+00  1.43527682e+00
  9.26288595e-01  3.35091098e+00 -1.43708392e+00  9.24395877e-01
 -2.75655115e+00 -2.63992804e-06 -1.19291820e-03  2.74509452e+00
 -6.74387207e-06  2.55356660e-03], f(x) = -0.00792519368804262
Iteration: 255, x = [-9.43979505e-01 -1.57843982e-07 -1.87548695e-01 -3.39702401e+00
  1.09982901e-05 -1.69242549e+00  3.35138936e+00  1.43527682e+00
  9.26288595e-01  3.35091098e+00 -1.43708392e+00  9.24395877e-01
 -2.75655115e+00 -2.63992804e-06 -1.19291820e-03  2.74509452e+00
 -6.74387207e-06  2.55356660e-03], f(x) = -0.00792519368804262
Iteration: 256, x = [-9.43979505e-01 -1.57843982e-07 -1.87548695e-01 -3.39702401e+00
  1.09982901e-05 -1.69242549e+00  3.35138936e+00  1.43527682e+00
  9.26288595e-01  3.35091098e+00 -1.43708392e+00  9.24395877e-01
 -2.75655115e+00 -2.63992804e-06 -1.19291820e-03  2.74509452e+00
 -6.74387207e-06  2.55356660e-03], f(x) = -0.00792519368804262
Iteration: 257, x = [-9.43971079e-01 -1.60523717e-07 -1.86932009e-01 -3.39623808e+00
  1.11297933e-05 -1.69248619e+00  3.34947989e+00  1.43579941e+00
  9.26900286e-01  3.34867339e+00 -1.43745889e+00  9.25186527e-01
 -2.75629526e+00 -2.59592543e-06 -1.13659838e-03  2.74531672e+00
 -6.42265417e-06  2.65639494e-03], f(x) = -0.007925220035540047
Iteration: 258, x = [-9.43971079e-01 -1.60523717e-07 -1.86932009e-01 -3.39623808e+00
  1.11297933e-05 -1.69248619e+00  3.34947989e+00  1.43579941e+00
  9.26900286e-01  3.34867339e+00 -1.43745889e+00  9.25186527e-01
 -2.75629526e+00 -2.59592543e-06 -1.13659838e-03  2.74531672e+00
 -6.42265417e-06  2.65639494e-03], f(x) = -0.007925220035540047
Iteration: 259, x = [-9.43971079e-01 -1.60523717e-07 -1.86932009e-01 -3.39623808e+00
  1.11297933e-05 -1.69248619e+00  3.34947989e+00  1.43579941e+00
  9.26900286e-01  3.34867339e+00 -1.43745889e+00  9.25186527e-01
 -2.75629526e+00 -2.59592543e-06 -1.13659838e-03  2.74531672e+00
 -6.42265417e-06  2.65639494e-03], f(x) = -0.007925220035540047
Iteration: 260, x = [-9.43971079e-01 -1.60523717e-07 -1.86932009e-01 -3.39623808e+00
  1.11297933e-05 -1.69248619e+00  3.34947989e+00  1.43579941e+00
  9.26900286e-01  3.34867339e+00 -1.43745889e+00  9.25186527e-01
 -2.75629526e+00 -2.59592543e-06 -1.13659838e-03  2.74531672e+00
 -6.42265417e-06  2.65639494e-03], f(x) = -0.007925220035540047
Iteration: 261, x = [-9.43971079e-01 -1.60523717e-07 -1.86932009e-01 -3.39623808e+00
  1.11297933e-05 -1.69248619e+00  3.34947989e+00  1.43579941e+00
  9.26900286e-01  3.34867339e+00 -1.43745889e+00  9.25186527e-01
 -2.75629526e+00 -2.59592543e-06 -1.13659838e-03  2.74531672e+00
 -6.42265417e-06  2.65639494e-03], f(x) = -0.007925220035540047
Iteration: 262, x = [-9.43971079e-01 -1.60523717e-07 -1.86932009e-01 -3.39623808e+00
  1.11297933e-05 -1.69248619e+00  3.34947989e+00  1.43579941e+00
  9.26900286e-01  3.34867339e+00 -1.43745889e+00  9.25186527e-01
 -2.75629526e+00 -2.59592543e-06 -1.13659838e-03  2.74531672e+00
 -6.42265417e-06  2.65639494e-03], f(x) = -0.007925220035540047
Iteration: 263, x = [-9.43971079e-01 -1.60523717e-07 -1.86932009e-01 -3.39623808e+00
  1.11297933e-05 -1.69248619e+00  3.34947989e+00  1.43579941e+00
  9.26900286e-01  3.34867339e+00 -1.43745889e+00  9.25186527e-01
 -2.75629526e+00 -2.59592543e-06 -1.13659838e-03  2.74531672e+00
 -6.42265417e-06  2.65639494e-03], f(x) = -0.007925220035540047
Iteration: 264, x = [-9.44222460e-01 -1.58948687e-07 -1.87250471e-01 -3.39587575e+00
  1.11731927e-05 -1.69298153e+00  3.35231862e+00  1.43556895e+00
  9.26474850e-01  3.35097546e+00 -1.43723194e+00  9.24488598e-01
 -2.75678849e+00 -2.65741022e-06 -1.18109520e-03  2.74652348e+00
 -6.68097201e-06  2.54488419e-03], f(x) = -0.00792522061611622
Iteration: 265, x = [-9.44222460e-01 -1.58948687e-07 -1.87250471e-01 -3.39587575e+00
  1.11731927e-05 -1.69298153e+00  3.35231862e+00  1.43556895e+00
  9.26474850e-01  3.35097546e+00 -1.43723194e+00  9.24488598e-01
 -2.75678849e+00 -2.65741022e-06 -1.18109520e-03  2.74652348e+00
 -6.68097201e-06  2.54488419e-03], f(x) = -0.00792522061611622
Iteration: 266, x = [-9.44222460e-01 -1.58948687e-07 -1.87250471e-01 -3.39587575e+00
  1.11731927e-05 -1.69298153e+00  3.35231862e+00  1.43556895e+00
  9.26474850e-01  3.35097546e+00 -1.43723194e+00  9.24488598e-01
 -2.75678849e+00 -2.65741022e-06 -1.18109520e-03  2.74652348e+00
 -6.68097201e-06  2.54488419e-03], f(x) = -0.00792522061611622
Iteration: 267, x = [-9.44222460e-01 -1.58948687e-07 -1.87250471e-01 -3.39587575e+00
  1.11731927e-05 -1.69298153e+00  3.35231862e+00  1.43556895e+00
  9.26474850e-01  3.35097546e+00 -1.43723194e+00  9.24488598e-01
 -2.75678849e+00 -2.65741022e-06 -1.18109520e-03  2.74652348e+00
 -6.68097201e-06  2.54488419e-03], f(x) = -0.00792522061611622
Iteration: 268, x = [-9.44222460e-01 -1.58948687e-07 -1.87250471e-01 -3.39587575e+00
  1.11731927e-05 -1.69298153e+00  3.35231862e+00  1.43556895e+00
  9.26474850e-01  3.35097546e+00 -1.43723194e+00  9.24488598e-01
 -2.75678849e+00 -2.65741022e-06 -1.18109520e-03  2.74652348e+00
 -6.68097201e-06  2.54488419e-03], f(x) = -0.00792522061611622
Iteration: 269, x = [-9.44222460e-01 -1.58948687e-07 -1.87250471e-01 -3.39587575e+00
  1.11731927e-05 -1.69298153e+00  3.35231862e+00  1.43556895e+00
  9.26474850e-01  3.35097546e+00 -1.43723194e+00  9.24488598e-01
 -2.75678849e+00 -2.65741022e-06 -1.18109520e-03  2.74652348e+00
 -6.68097201e-06  2.54488419e-03], f(x) = -0.00792522061611622
Iteration: 270, x = [-9.44222460e-01 -1.58948687e-07 -1.87250471e-01 -3.39587575e+00
  1.11731927e-05 -1.69298153e+00  3.35231862e+00  1.43556895e+00
  9.26474850e-01  3.35097546e+00 -1.43723194e+00  9.24488598e-01
 -2.75678849e+00 -2.65741022e-06 -1.18109520e-03  2.74652348e+00
 -6.68097201e-06  2.54488419e-03], f(x) = -0.00792522061611622
Iteration: 271, x = [-9.44222460e-01 -1.58948687e-07 -1.87250471e-01 -3.39587575e+00
  1.11731927e-05 -1.69298153e+00  3.35231862e+00  1.43556895e+00
  9.26474850e-01  3.35097546e+00 -1.43723194e+00  9.24488598e-01
 -2.75678849e+00 -2.65741022e-06 -1.18109520e-03  2.74652348e+00
 -6.68097201e-06  2.54488419e-03], f(x) = -0.00792522061611622
Iteration: 272, x = [-9.44222460e-01 -1.58948687e-07 -1.87250471e-01 -3.39587575e+00
  1.11731927e-05 -1.69298153e+00  3.35231862e+00  1.43556895e+00
  9.26474850e-01  3.35097546e+00 -1.43723194e+00  9.24488598e-01
 -2.75678849e+00 -2.65741022e-06 -1.18109520e-03  2.74652348e+00
 -6.68097201e-06  2.54488419e-03], f(x) = -0.00792522061611622
Iteration: 273, x = [-9.44222460e-01 -1.58948687e-07 -1.87250471e-01 -3.39587575e+00
  1.11731927e-05 -1.69298153e+00  3.35231862e+00  1.43556895e+00
  9.26474850e-01  3.35097546e+00 -1.43723194e+00  9.24488598e-01
 -2.75678849e+00 -2.65741022e-06 -1.18109520e-03  2.74652348e+00
 -6.68097201e-06  2.54488419e-03], f(x) = -0.00792522061611622
Iteration: 274, x = [-9.44222460e-01 -1.58948687e-07 -1.87250471e-01 -3.39587575e+00
  1.11731927e-05 -1.69298153e+00  3.35231862e+00  1.43556895e+00
  9.26474850e-01  3.35097546e+00 -1.43723194e+00  9.24488598e-01
 -2.75678849e+00 -2.65741022e-06 -1.18109520e-03  2.74652348e+00
 -6.68097201e-06  2.54488419e-03], f(x) = -0.00792522061611622
Iteration: 275, x = [-9.44079310e-01 -1.60636101e-07 -1.87203523e-01 -3.39642264e+00
  1.12831303e-05 -1.69283260e+00  3.35171111e+00  1.43518064e+00
  9.26521995e-01  3.35037924e+00 -1.43712417e+00  9.24687068e-01
 -2.75659213e+00 -2.59443918e-06 -1.25340735e-03  2.74578420e+00
 -6.39505302e-06  2.56331666e-03], f(x) = -0.007925232368205566
Iteration: 276, x = [-9.44079310e-01 -1.60636101e-07 -1.87203523e-01 -3.39642264e+00
  1.12831303e-05 -1.69283260e+00  3.35171111e+00  1.43518064e+00
  9.26521995e-01  3.35037924e+00 -1.43712417e+00  9.24687068e-01
 -2.75659213e+00 -2.59443918e-06 -1.25340735e-03  2.74578420e+00
 -6.39505302e-06  2.56331666e-03], f(x) = -0.007925232368205566
Iteration: 277, x = [-9.44079310e-01 -1.60636101e-07 -1.87203523e-01 -3.39642264e+00
  1.12831303e-05 -1.69283260e+00  3.35171111e+00  1.43518064e+00
  9.26521995e-01  3.35037924e+00 -1.43712417e+00  9.24687068e-01
 -2.75659213e+00 -2.59443918e-06 -1.25340735e-03  2.74578420e+00
 -6.39505302e-06  2.56331666e-03], f(x) = -0.007925232368205566
Iteration: 278, x = [-9.43981209e-01 -1.58628268e-07 -1.86886770e-01 -3.39622778e+00
  1.15074193e-05 -1.69277263e+00  3.35125085e+00  1.43544200e+00
  9.27073362e-01  3.35010988e+00 -1.43729680e+00  9.25001202e-01
 -2.75654384e+00 -2.59345376e-06 -1.12049460e-03  2.74654978e+00
 -6.54687909e-06  2.57850419e-03], f(x) = -0.007925246306111156
Iteration: 279, x = [-9.43981209e-01 -1.58628268e-07 -1.86886770e-01 -3.39622778e+00
  1.15074193e-05 -1.69277263e+00  3.35125085e+00  1.43544200e+00
  9.27073362e-01  3.35010988e+00 -1.43729680e+00  9.25001202e-01
 -2.75654384e+00 -2.59345376e-06 -1.12049460e-03  2.74654978e+00
 -6.54687909e-06  2.57850419e-03], f(x) = -0.007925246306111156
Iteration: 280, x = [-9.43981209e-01 -1.58628268e-07 -1.86886770e-01 -3.39622778e+00
  1.15074193e-05 -1.69277263e+00  3.35125085e+00  1.43544200e+00
  9.27073362e-01  3.35010988e+00 -1.43729680e+00  9.25001202e-01
 -2.75654384e+00 -2.59345376e-06 -1.12049460e-03  2.74654978e+00
 -6.54687909e-06  2.57850419e-03], f(x) = -0.007925246306111156
Iteration: 281, x = [-9.43981209e-01 -1.58628268e-07 -1.86886770e-01 -3.39622778e+00
  1.15074193e-05 -1.69277263e+00  3.35125085e+00  1.43544200e+00
  9.27073362e-01  3.35010988e+00 -1.43729680e+00  9.25001202e-01
 -2.75654384e+00 -2.59345376e-06 -1.12049460e-03  2.74654978e+00
 -6.54687909e-06  2.57850419e-03], f(x) = -0.007925246306111156
Iteration: 282, x = [-9.43764275e-01 -1.58386534e-07 -1.87521718e-01 -3.39613152e+00
  1.15235935e-05 -1.69260076e+00  3.34964121e+00  1.43553566e+00
  9.27170133e-01  3.34829359e+00 -1.43740819e+00  9.25219215e-01
 -2.75627546e+00 -2.67170767e-06 -1.10516321e-03  2.74486439e+00
 -6.43903142e-06  2.60920110e-03], f(x) = -0.007925260318047737
Iteration: 283, x = [-9.43764275e-01 -1.58386534e-07 -1.87521718e-01 -3.39613152e+00
  1.15235935e-05 -1.69260076e+00  3.34964121e+00  1.43553566e+00
  9.27170133e-01  3.34829359e+00 -1.43740819e+00  9.25219215e-01
 -2.75627546e+00 -2.67170767e-06 -1.10516321e-03  2.74486439e+00
 -6.43903142e-06  2.60920110e-03], f(x) = -0.007925260318047737
Iteration: 284, x = [-9.43764275e-01 -1.58386534e-07 -1.87521718e-01 -3.39613152e+00
  1.15235935e-05 -1.69260076e+00  3.34964121e+00  1.43553566e+00
  9.27170133e-01  3.34829359e+00 -1.43740819e+00  9.25219215e-01
 -2.75627546e+00 -2.67170767e-06 -1.10516321e-03  2.74486439e+00
 -6.43903142e-06  2.60920110e-03], f(x) = -0.007925260318047737
Iteration: 285, x = [-9.43764275e-01 -1.58386534e-07 -1.87521718e-01 -3.39613152e+00
  1.15235935e-05 -1.69260076e+00  3.34964121e+00  1.43553566e+00
  9.27170133e-01  3.34829359e+00 -1.43740819e+00  9.25219215e-01
 -2.75627546e+00 -2.67170767e-06 -1.10516321e-03  2.74486439e+00
 -6.43903142e-06  2.60920110e-03], f(x) = -0.007925260318047737
Iteration: 286, x = [-9.43764275e-01 -1.58386534e-07 -1.87521718e-01 -3.39613152e+00
  1.15235935e-05 -1.69260076e+00  3.34964121e+00  1.43553566e+00
  9.27170133e-01  3.34829359e+00 -1.43740819e+00  9.25219215e-01
 -2.75627546e+00 -2.67170767e-06 -1.10516321e-03  2.74486439e+00
 -6.43903142e-06  2.60920110e-03], f(x) = -0.007925260318047737
Iteration: 287, x = [-9.43764275e-01 -1.58386534e-07 -1.87521718e-01 -3.39613152e+00
  1.15235935e-05 -1.69260076e+00  3.34964121e+00  1.43553566e+00
  9.27170133e-01  3.34829359e+00 -1.43740819e+00  9.25219215e-01
 -2.75627546e+00 -2.67170767e-06 -1.10516321e-03  2.74486439e+00
 -6.43903142e-06  2.60920110e-03], f(x) = -0.007925260318047737
Iteration: 288, x = [-9.43764275e-01 -1.58386534e-07 -1.87521718e-01 -3.39613152e+00
  1.15235935e-05 -1.69260076e+00  3.34964121e+00  1.43553566e+00
  9.27170133e-01  3.34829359e+00 -1.43740819e+00  9.25219215e-01
 -2.75627546e+00 -2.67170767e-06 -1.10516321e-03  2.74486439e+00
 -6.43903142e-06  2.60920110e-03], f(x) = -0.007925260318047737
Iteration: 289, x = [-9.43764275e-01 -1.58386534e-07 -1.87521718e-01 -3.39613152e+00
  1.15235935e-05 -1.69260076e+00  3.34964121e+00  1.43553566e+00
  9.27170133e-01  3.34829359e+00 -1.43740819e+00  9.25219215e-01
 -2.75627546e+00 -2.67170767e-06 -1.10516321e-03  2.74486439e+00
 -6.43903142e-06  2.60920110e-03], f(x) = -0.007925260318047737
Iteration: 290, x = [-9.43764275e-01 -1.58386534e-07 -1.87521718e-01 -3.39613152e+00
  1.15235935e-05 -1.69260076e+00  3.34964121e+00  1.43553566e+00
  9.27170133e-01  3.34829359e+00 -1.43740819e+00  9.25219215e-01
 -2.75627546e+00 -2.67170767e-06 -1.10516321e-03  2.74486439e+00
 -6.43903142e-06  2.60920110e-03], f(x) = -0.007925260318047737
Iteration: 291, x = [-9.44127852e-01 -1.59379849e-07 -1.86269700e-01 -3.39581206e+00
  1.14390596e-05 -1.69313264e+00  3.35142620e+00  1.43532705e+00
  9.26762867e-01  3.35032677e+00 -1.43716839e+00  9.24961743e-01
 -2.75675625e+00 -2.63315805e-06 -1.16991510e-03  2.74581574e+00
 -6.44616029e-06  2.58553241e-03], f(x) = -0.007925262326743324
Iteration: 292, x = [-9.44127852e-01 -1.59379849e-07 -1.86269700e-01 -3.39581206e+00
  1.14390596e-05 -1.69313264e+00  3.35142620e+00  1.43532705e+00
  9.26762867e-01  3.35032677e+00 -1.43716839e+00  9.24961743e-01
 -2.75675625e+00 -2.63315805e-06 -1.16991510e-03  2.74581574e+00
 -6.44616029e-06  2.58553241e-03], f(x) = -0.007925262326743324
Iteration: 293, x = [-9.44127852e-01 -1.59379849e-07 -1.86269700e-01 -3.39581206e+00
  1.14390596e-05 -1.69313264e+00  3.35142620e+00  1.43532705e+00
  9.26762867e-01  3.35032677e+00 -1.43716839e+00  9.24961743e-01
 -2.75675625e+00 -2.63315805e-06 -1.16991510e-03  2.74581574e+00
 -6.44616029e-06  2.58553241e-03], f(x) = -0.007925262326743324
Iteration: 294, x = [-9.44127852e-01 -1.59379849e-07 -1.86269700e-01 -3.39581206e+00
  1.14390596e-05 -1.69313264e+00  3.35142620e+00  1.43532705e+00
  9.26762867e-01  3.35032677e+00 -1.43716839e+00  9.24961743e-01
 -2.75675625e+00 -2.63315805e-06 -1.16991510e-03  2.74581574e+00
 -6.44616029e-06  2.58553241e-03], f(x) = -0.007925262326743324
Iteration: 295, x = [-9.44127852e-01 -1.59379849e-07 -1.86269700e-01 -3.39581206e+00
  1.14390596e-05 -1.69313264e+00  3.35142620e+00  1.43532705e+00
  9.26762867e-01  3.35032677e+00 -1.43716839e+00  9.24961743e-01
 -2.75675625e+00 -2.63315805e-06 -1.16991510e-03  2.74581574e+00
 -6.44616029e-06  2.58553241e-03], f(x) = -0.007925262326743324
Iteration: 296, x = [-9.44127852e-01 -1.59379849e-07 -1.86269700e-01 -3.39581206e+00
  1.14390596e-05 -1.69313264e+00  3.35142620e+00  1.43532705e+00
  9.26762867e-01  3.35032677e+00 -1.43716839e+00  9.24961743e-01
 -2.75675625e+00 -2.63315805e-06 -1.16991510e-03  2.74581574e+00
 -6.44616029e-06  2.58553241e-03], f(x) = -0.007925262326743324
Iteration: 297, x = [-9.44245238e-01 -1.61466904e-07 -1.86147841e-01 -3.39510931e+00
  1.20931007e-05 -1.69319616e+00  3.34961740e+00  1.43575544e+00
  9.27400778e-01  3.34930322e+00 -1.43712373e+00  9.25253386e-01
 -2.75683949e+00 -2.59651601e-06 -1.16474810e-03  2.74587500e+00
 -6.46802923e-06  2.47619292e-03], f(x) = -0.007925306469809117
Iteration: 298, x = [-9.44245238e-01 -1.61466904e-07 -1.86147841e-01 -3.39510931e+00
  1.20931007e-05 -1.69319616e+00  3.34961740e+00  1.43575544e+00
  9.27400778e-01  3.34930322e+00 -1.43712373e+00  9.25253386e-01
 -2.75683949e+00 -2.59651601e-06 -1.16474810e-03  2.74587500e+00
 -6.46802923e-06  2.47619292e-03], f(x) = -0.007925306469809117
Iteration: 299, x = [-9.44245238e-01 -1.61466904e-07 -1.86147841e-01 -3.39510931e+00
  1.20931007e-05 -1.69319616e+00  3.34961740e+00  1.43575544e+00
  9.27400778e-01  3.34930322e+00 -1.43712373e+00  9.25253386e-01
 -2.75683949e+00 -2.59651601e-06 -1.16474810e-03  2.74587500e+00
 -6.46802923e-06  2.47619292e-03], f(x) = -0.007925306469809117
Iteration: 300, x = [-9.44245238e-01 -1.61466904e-07 -1.86147841e-01 -3.39510931e+00
  1.20931007e-05 -1.69319616e+00  3.34961740e+00  1.43575544e+00
  9.27400778e-01  3.34930322e+00 -1.43712373e+00  9.25253386e-01
 -2.75683949e+00 -2.59651601e-06 -1.16474810e-03  2.74587500e+00
 -6.46802923e-06  2.47619292e-03], f(x) = -0.007925306469809117
Iteration: 301, x = [-9.44245238e-01 -1.61466904e-07 -1.86147841e-01 -3.39510931e+00
  1.20931007e-05 -1.69319616e+00  3.34961740e+00  1.43575544e+00
  9.27400778e-01  3.34930322e+00 -1.43712373e+00  9.25253386e-01
 -2.75683949e+00 -2.59651601e-06 -1.16474810e-03  2.74587500e+00
 -6.46802923e-06  2.47619292e-03], f(x) = -0.007925306469809117
Iteration: 302, x = [-9.44245238e-01 -1.61466904e-07 -1.86147841e-01 -3.39510931e+00
  1.20931007e-05 -1.69319616e+00  3.34961740e+00  1.43575544e+00
  9.27400778e-01  3.34930322e+00 -1.43712373e+00  9.25253386e-01
 -2.75683949e+00 -2.59651601e-06 -1.16474810e-03  2.74587500e+00
 -6.46802923e-06  2.47619292e-03], f(x) = -0.007925306469809117
Iteration: 303, x = [-9.44245238e-01 -1.61466904e-07 -1.86147841e-01 -3.39510931e+00
  1.20931007e-05 -1.69319616e+00  3.34961740e+00  1.43575544e+00
  9.27400778e-01  3.34930322e+00 -1.43712373e+00  9.25253386e-01
 -2.75683949e+00 -2.59651601e-06 -1.16474810e-03  2.74587500e+00
 -6.46802923e-06  2.47619292e-03], f(x) = -0.007925306469809117
Iteration: 304, x = [-9.44245238e-01 -1.61466904e-07 -1.86147841e-01 -3.39510931e+00
  1.20931007e-05 -1.69319616e+00  3.34961740e+00  1.43575544e+00
  9.27400778e-01  3.34930322e+00 -1.43712373e+00  9.25253386e-01
 -2.75683949e+00 -2.59651601e-06 -1.16474810e-03  2.74587500e+00
 -6.46802923e-06  2.47619292e-03], f(x) = -0.007925306469809117
Iteration: 305, x = [-9.44245238e-01 -1.61466904e-07 -1.86147841e-01 -3.39510931e+00
  1.20931007e-05 -1.69319616e+00  3.34961740e+00  1.43575544e+00
  9.27400778e-01  3.34930322e+00 -1.43712373e+00  9.25253386e-01
 -2.75683949e+00 -2.59651601e-06 -1.16474810e-03  2.74587500e+00
 -6.46802923e-06  2.47619292e-03], f(x) = -0.007925306469809117
Iteration: 306, x = [-9.44245238e-01 -1.61466904e-07 -1.86147841e-01 -3.39510931e+00
  1.20931007e-05 -1.69319616e+00  3.34961740e+00  1.43575544e+00
  9.27400778e-01  3.34930322e+00 -1.43712373e+00  9.25253386e-01
 -2.75683949e+00 -2.59651601e-06 -1.16474810e-03  2.74587500e+00
 -6.46802923e-06  2.47619292e-03], f(x) = -0.007925306469809117
Iteration: 307, x = [-9.44245238e-01 -1.61466904e-07 -1.86147841e-01 -3.39510931e+00
  1.20931007e-05 -1.69319616e+00  3.34961740e+00  1.43575544e+00
  9.27400778e-01  3.34930322e+00 -1.43712373e+00  9.25253386e-01
 -2.75683949e+00 -2.59651601e-06 -1.16474810e-03  2.74587500e+00
 -6.46802923e-06  2.47619292e-03], f(x) = -0.007925306469809117
Iteration: 308, x = [-9.44245238e-01 -1.61466904e-07 -1.86147841e-01 -3.39510931e+00
  1.20931007e-05 -1.69319616e+00  3.34961740e+00  1.43575544e+00
  9.27400778e-01  3.34930322e+00 -1.43712373e+00  9.25253386e-01
 -2.75683949e+00 -2.59651601e-06 -1.16474810e-03  2.74587500e+00
 -6.46802923e-06  2.47619292e-03], f(x) = -0.007925306469809117
Iteration: 309, x = [-9.44245238e-01 -1.61466904e-07 -1.86147841e-01 -3.39510931e+00
  1.20931007e-05 -1.69319616e+00  3.34961740e+00  1.43575544e+00
  9.27400778e-01  3.34930322e+00 -1.43712373e+00  9.25253386e-01
 -2.75683949e+00 -2.59651601e-06 -1.16474810e-03  2.74587500e+00
 -6.46802923e-06  2.47619292e-03], f(x) = -0.007925306469809117
Iteration: 310, x = [-9.44245238e-01 -1.61466904e-07 -1.86147841e-01 -3.39510931e+00
  1.20931007e-05 -1.69319616e+00  3.34961740e+00  1.43575544e+00
  9.27400778e-01  3.34930322e+00 -1.43712373e+00  9.25253386e-01
 -2.75683949e+00 -2.59651601e-06 -1.16474810e-03  2.74587500e+00
 -6.46802923e-06  2.47619292e-03], f(x) = -0.007925306469809117
Iteration: 311, x = [-9.44245238e-01 -1.61466904e-07 -1.86147841e-01 -3.39510931e+00
  1.20931007e-05 -1.69319616e+00  3.34961740e+00  1.43575544e+00
  9.27400778e-01  3.34930322e+00 -1.43712373e+00  9.25253386e-01
 -2.75683949e+00 -2.59651601e-06 -1.16474810e-03  2.74587500e+00
 -6.46802923e-06  2.47619292e-03], f(x) = -0.007925306469809117
Iteration: 312, x = [-9.44245238e-01 -1.61466904e-07 -1.86147841e-01 -3.39510931e+00
  1.20931007e-05 -1.69319616e+00  3.34961740e+00  1.43575544e+00
  9.27400778e-01  3.34930322e+00 -1.43712373e+00  9.25253386e-01
 -2.75683949e+00 -2.59651601e-06 -1.16474810e-03  2.74587500e+00
 -6.46802923e-06  2.47619292e-03], f(x) = -0.007925306469809117
Iteration: 313, x = [-9.43972494e-01 -1.60864281e-07 -1.85994100e-01 -3.39450147e+00
  1.18682531e-05 -1.69333264e+00  3.34887560e+00  1.43550084e+00
  9.28041440e-01  3.34799138e+00 -1.43726780e+00  9.25828103e-01
 -2.75660268e+00 -2.64109068e-06 -1.07248555e-03  2.74516011e+00
 -6.30355669e-06  2.59739547e-03], f(x) = -0.007925322903583745
Iteration: 314, x = [-9.43972494e-01 -1.60864281e-07 -1.85994100e-01 -3.39450147e+00
  1.18682531e-05 -1.69333264e+00  3.34887560e+00  1.43550084e+00
  9.28041440e-01  3.34799138e+00 -1.43726780e+00  9.25828103e-01
 -2.75660268e+00 -2.64109068e-06 -1.07248555e-03  2.74516011e+00
 -6.30355669e-06  2.59739547e-03], f(x) = -0.007925322903583745
Iteration: 315, x = [-9.43972494e-01 -1.60864281e-07 -1.85994100e-01 -3.39450147e+00
  1.18682531e-05 -1.69333264e+00  3.34887560e+00  1.43550084e+00
  9.28041440e-01  3.34799138e+00 -1.43726780e+00  9.25828103e-01
 -2.75660268e+00 -2.64109068e-06 -1.07248555e-03  2.74516011e+00
 -6.30355669e-06  2.59739547e-03], f(x) = -0.007925322903583745
Iteration: 316, x = [-9.43972494e-01 -1.60864281e-07 -1.85994100e-01 -3.39450147e+00
  1.18682531e-05 -1.69333264e+00  3.34887560e+00  1.43550084e+00
  9.28041440e-01  3.34799138e+00 -1.43726780e+00  9.25828103e-01
 -2.75660268e+00 -2.64109068e-06 -1.07248555e-03  2.74516011e+00
 -6.30355669e-06  2.59739547e-03], f(x) = -0.007925322903583745
Iteration: 317, x = [-9.43972494e-01 -1.60864281e-07 -1.85994100e-01 -3.39450147e+00
  1.18682531e-05 -1.69333264e+00  3.34887560e+00  1.43550084e+00
  9.28041440e-01  3.34799138e+00 -1.43726780e+00  9.25828103e-01
 -2.75660268e+00 -2.64109068e-06 -1.07248555e-03  2.74516011e+00
 -6.30355669e-06  2.59739547e-03], f(x) = -0.007925322903583745
Iteration: 318, x = [-9.43972494e-01 -1.60864281e-07 -1.85994100e-01 -3.39450147e+00
  1.18682531e-05 -1.69333264e+00  3.34887560e+00  1.43550084e+00
  9.28041440e-01  3.34799138e+00 -1.43726780e+00  9.25828103e-01
 -2.75660268e+00 -2.64109068e-06 -1.07248555e-03  2.74516011e+00
 -6.30355669e-06  2.59739547e-03], f(x) = -0.007925322903583745
Iteration: 319, x = [-9.43972494e-01 -1.60864281e-07 -1.85994100e-01 -3.39450147e+00
  1.18682531e-05 -1.69333264e+00  3.34887560e+00  1.43550084e+00
  9.28041440e-01  3.34799138e+00 -1.43726780e+00  9.25828103e-01
 -2.75660268e+00 -2.64109068e-06 -1.07248555e-03  2.74516011e+00
 -6.30355669e-06  2.59739547e-03], f(x) = -0.007925322903583745
Iteration: 320, x = [-9.43972494e-01 -1.60864281e-07 -1.85994100e-01 -3.39450147e+00
  1.18682531e-05 -1.69333264e+00  3.34887560e+00  1.43550084e+00
  9.28041440e-01  3.34799138e+00 -1.43726780e+00  9.25828103e-01
 -2.75660268e+00 -2.64109068e-06 -1.07248555e-03  2.74516011e+00
 -6.30355669e-06  2.59739547e-03], f(x) = -0.007925322903583745
Iteration: 321, x = [-9.43972494e-01 -1.60864281e-07 -1.85994100e-01 -3.39450147e+00
  1.18682531e-05 -1.69333264e+00  3.34887560e+00  1.43550084e+00
  9.28041440e-01  3.34799138e+00 -1.43726780e+00  9.25828103e-01
 -2.75660268e+00 -2.64109068e-06 -1.07248555e-03  2.74516011e+00
 -6.30355669e-06  2.59739547e-03], f(x) = -0.007925322903583745
Iteration: 322, x = [-9.43972494e-01 -1.60864281e-07 -1.85994100e-01 -3.39450147e+00
  1.18682531e-05 -1.69333264e+00  3.34887560e+00  1.43550084e+00
  9.28041440e-01  3.34799138e+00 -1.43726780e+00  9.25828103e-01
 -2.75660268e+00 -2.64109068e-06 -1.07248555e-03  2.74516011e+00
 -6.30355669e-06  2.59739547e-03], f(x) = -0.007925322903583745
Iteration: 323, x = [-9.43972494e-01 -1.60864281e-07 -1.85994100e-01 -3.39450147e+00
  1.18682531e-05 -1.69333264e+00  3.34887560e+00  1.43550084e+00
  9.28041440e-01  3.34799138e+00 -1.43726780e+00  9.25828103e-01
 -2.75660268e+00 -2.64109068e-06 -1.07248555e-03  2.74516011e+00
 -6.30355669e-06  2.59739547e-03], f(x) = -0.007925322903583745
Iteration: 324, x = [-9.44096026e-01 -1.63102463e-07 -1.85833892e-01 -3.39491082e+00
  1.22909195e-05 -1.69335997e+00  3.34865244e+00  1.43540465e+00
  9.27758086e-01  3.34816698e+00 -1.43703282e+00  9.25804023e-01
 -2.75663534e+00 -2.58528586e-06 -1.17321840e-03  2.74493520e+00
 -6.07351085e-06  2.50675968e-03], f(x) = -0.007925324168942798
Iteration: 325, x = [-9.44096026e-01 -1.63102463e-07 -1.85833892e-01 -3.39491082e+00
  1.22909195e-05 -1.69335997e+00  3.34865244e+00  1.43540465e+00
  9.27758086e-01  3.34816698e+00 -1.43703282e+00  9.25804023e-01
 -2.75663534e+00 -2.58528586e-06 -1.17321840e-03  2.74493520e+00
 -6.07351085e-06  2.50675968e-03], f(x) = -0.007925324168942798
Iteration: 326, x = [-9.44096026e-01 -1.63102463e-07 -1.85833892e-01 -3.39491082e+00
  1.22909195e-05 -1.69335997e+00  3.34865244e+00  1.43540465e+00
  9.27758086e-01  3.34816698e+00 -1.43703282e+00  9.25804023e-01
 -2.75663534e+00 -2.58528586e-06 -1.17321840e-03  2.74493520e+00
 -6.07351085e-06  2.50675968e-03], f(x) = -0.007925324168942798
Iteration: 327, x = [-9.44138764e-01 -1.62365422e-07 -1.85603203e-01 -3.39447332e+00
  1.17632608e-05 -1.69350992e+00  3.34778113e+00  1.43548543e+00
  9.27949116e-01  3.34788328e+00 -1.43674121e+00  9.26068010e-01
 -2.75685430e+00 -2.65596756e-06 -1.14846246e-03  2.74429330e+00
 -6.57177853e-06  2.48806049e-03], f(x) = -0.00792533902411329
Iteration: 328, x = [-9.44138764e-01 -1.62365422e-07 -1.85603203e-01 -3.39447332e+00
  1.17632608e-05 -1.69350992e+00  3.34778113e+00  1.43548543e+00
  9.27949116e-01  3.34788328e+00 -1.43674121e+00  9.26068010e-01
 -2.75685430e+00 -2.65596756e-06 -1.14846246e-03  2.74429330e+00
 -6.57177853e-06  2.48806049e-03], f(x) = -0.00792533902411329
Iteration: 329, x = [-9.44138764e-01 -1.62365422e-07 -1.85603203e-01 -3.39447332e+00
  1.17632608e-05 -1.69350992e+00  3.34778113e+00  1.43548543e+00
  9.27949116e-01  3.34788328e+00 -1.43674121e+00  9.26068010e-01
 -2.75685430e+00 -2.65596756e-06 -1.14846246e-03  2.74429330e+00
 -6.57177853e-06  2.48806049e-03], f(x) = -0.00792533902411329
Iteration: 330, x = [-9.44138764e-01 -1.62365422e-07 -1.85603203e-01 -3.39447332e+00
  1.17632608e-05 -1.69350992e+00  3.34778113e+00  1.43548543e+00
  9.27949116e-01  3.34788328e+00 -1.43674121e+00  9.26068010e-01
 -2.75685430e+00 -2.65596756e-06 -1.14846246e-03  2.74429330e+00
 -6.57177853e-06  2.48806049e-03], f(x) = -0.00792533902411329
Iteration: 331, x = [-9.44138764e-01 -1.62365422e-07 -1.85603203e-01 -3.39447332e+00
  1.17632608e-05 -1.69350992e+00  3.34778113e+00  1.43548543e+00
  9.27949116e-01  3.34788328e+00 -1.43674121e+00  9.26068010e-01
 -2.75685430e+00 -2.65596756e-06 -1.14846246e-03  2.74429330e+00
 -6.57177853e-06  2.48806049e-03], f(x) = -0.00792533902411329
Iteration: 332, x = [-9.44138764e-01 -1.62365422e-07 -1.85603203e-01 -3.39447332e+00
  1.17632608e-05 -1.69350992e+00  3.34778113e+00  1.43548543e+00
  9.27949116e-01  3.34788328e+00 -1.43674121e+00  9.26068010e-01
 -2.75685430e+00 -2.65596756e-06 -1.14846246e-03  2.74429330e+00
 -6.57177853e-06  2.48806049e-03], f(x) = -0.00792533902411329
Iteration: 333, x = [-9.44138764e-01 -1.62365422e-07 -1.85603203e-01 -3.39447332e+00
  1.17632608e-05 -1.69350992e+00  3.34778113e+00  1.43548543e+00
  9.27949116e-01  3.34788328e+00 -1.43674121e+00  9.26068010e-01
 -2.75685430e+00 -2.65596756e-06 -1.14846246e-03  2.74429330e+00
 -6.57177853e-06  2.48806049e-03], f(x) = -0.00792533902411329
Iteration: 334, x = [-9.44138764e-01 -1.62365422e-07 -1.85603203e-01 -3.39447332e+00
  1.17632608e-05 -1.69350992e+00  3.34778113e+00  1.43548543e+00
  9.27949116e-01  3.34788328e+00 -1.43674121e+00  9.26068010e-01
 -2.75685430e+00 -2.65596756e-06 -1.14846246e-03  2.74429330e+00
 -6.57177853e-06  2.48806049e-03], f(x) = -0.00792533902411329
Iteration: 335, x = [-9.44092549e-01 -1.61186013e-07 -1.85671728e-01 -3.39477071e+00
  1.19867853e-05 -1.69309366e+00  3.34828166e+00  1.43567366e+00
  9.27637569e-01  3.34809089e+00 -1.43698922e+00  9.25600860e-01
 -2.75666782e+00 -2.56232397e-06 -1.11604620e-03  2.74468884e+00
 -6.43584175e-06  2.53966433e-03], f(x) = -0.007925339080365143
Iteration: 336, x = [-9.44092549e-01 -1.61186013e-07 -1.85671728e-01 -3.39477071e+00
  1.19867853e-05 -1.69309366e+00  3.34828166e+00  1.43567366e+00
  9.27637569e-01  3.34809089e+00 -1.43698922e+00  9.25600860e-01
 -2.75666782e+00 -2.56232397e-06 -1.11604620e-03  2.74468884e+00
 -6.43584175e-06  2.53966433e-03], f(x) = -0.007925339080365143
Iteration: 337, x = [-9.44092549e-01 -1.61186013e-07 -1.85671728e-01 -3.39477071e+00
  1.19867853e-05 -1.69309366e+00  3.34828166e+00  1.43567366e+00
  9.27637569e-01  3.34809089e+00 -1.43698922e+00  9.25600860e-01
 -2.75666782e+00 -2.56232397e-06 -1.11604620e-03  2.74468884e+00
 -6.43584175e-06  2.53966433e-03], f(x) = -0.007925339080365143
Iteration: 338, x = [-9.44103597e-01 -1.62797521e-07 -1.85029793e-01 -3.39405118e+00
  1.26272437e-05 -1.69368834e+00  3.34698592e+00  1.43571180e+00
  9.28400209e-01  3.34737955e+00 -1.43711912e+00  9.26239798e-01
 -2.75677557e+00 -2.61183735e-06 -1.09211583e-03  2.74495132e+00
 -6.15452873e-06  2.48931799e-03], f(x) = -0.007925340983176387
Iteration: 339, x = [-9.44353498e-01 -1.68586186e-07 -1.84228203e-01 -3.39347277e+00
  1.25018131e-05 -1.69364460e+00  3.34615344e+00  1.43563982e+00
  9.28576776e-01  3.34704680e+00 -1.43689539e+00  9.26040976e-01
 -2.75707352e+00 -2.63036175e-06 -1.00465299e-03  2.74413386e+00
 -6.41138002e-06  2.45786153e-03], f(x) = -0.007925370676726842
Iteration: 340, x = [-9.44353498e-01 -1.68586186e-07 -1.84228203e-01 -3.39347277e+00
  1.25018131e-05 -1.69364460e+00  3.34615344e+00  1.43563982e+00
  9.28576776e-01  3.34704680e+00 -1.43689539e+00  9.26040976e-01
 -2.75707352e+00 -2.63036175e-06 -1.00465299e-03  2.74413386e+00
 -6.41138002e-06  2.45786153e-03], f(x) = -0.007925370676726842
Iteration: 341, x = [-9.44353498e-01 -1.68586186e-07 -1.84228203e-01 -3.39347277e+00
  1.25018131e-05 -1.69364460e+00  3.34615344e+00  1.43563982e+00
  9.28576776e-01  3.34704680e+00 -1.43689539e+00  9.26040976e-01
 -2.75707352e+00 -2.63036175e-06 -1.00465299e-03  2.74413386e+00
 -6.41138002e-06  2.45786153e-03], f(x) = -0.007925370676726842
Iteration: 342, x = [-9.44353498e-01 -1.68586186e-07 -1.84228203e-01 -3.39347277e+00
  1.25018131e-05 -1.69364460e+00  3.34615344e+00  1.43563982e+00
  9.28576776e-01  3.34704680e+00 -1.43689539e+00  9.26040976e-01
 -2.75707352e+00 -2.63036175e-06 -1.00465299e-03  2.74413386e+00
 -6.41138002e-06  2.45786153e-03], f(x) = -0.007925370676726842
Iteration: 343, x = [-9.44353498e-01 -1.68586186e-07 -1.84228203e-01 -3.39347277e+00
  1.25018131e-05 -1.69364460e+00  3.34615344e+00  1.43563982e+00
  9.28576776e-01  3.34704680e+00 -1.43689539e+00  9.26040976e-01
 -2.75707352e+00 -2.63036175e-06 -1.00465299e-03  2.74413386e+00
 -6.41138002e-06  2.45786153e-03], f(x) = -0.007925370676726842
Iteration: 344, x = [-9.44353498e-01 -1.68586186e-07 -1.84228203e-01 -3.39347277e+00
  1.25018131e-05 -1.69364460e+00  3.34615344e+00  1.43563982e+00
  9.28576776e-01  3.34704680e+00 -1.43689539e+00  9.26040976e-01
 -2.75707352e+00 -2.63036175e-06 -1.00465299e-03  2.74413386e+00
 -6.41138002e-06  2.45786153e-03], f(x) = -0.007925370676726842
Iteration: 345, x = [-9.44353498e-01 -1.68586186e-07 -1.84228203e-01 -3.39347277e+00
  1.25018131e-05 -1.69364460e+00  3.34615344e+00  1.43563982e+00
  9.28576776e-01  3.34704680e+00 -1.43689539e+00  9.26040976e-01
 -2.75707352e+00 -2.63036175e-06 -1.00465299e-03  2.74413386e+00
 -6.41138002e-06  2.45786153e-03], f(x) = -0.007925370676726842
Iteration: 346, x = [-9.44353498e-01 -1.68586186e-07 -1.84228203e-01 -3.39347277e+00
  1.25018131e-05 -1.69364460e+00  3.34615344e+00  1.43563982e+00
  9.28576776e-01  3.34704680e+00 -1.43689539e+00  9.26040976e-01
 -2.75707352e+00 -2.63036175e-06 -1.00465299e-03  2.74413386e+00
 -6.41138002e-06  2.45786153e-03], f(x) = -0.007925370676726842
Iteration: 347, x = [-9.44353498e-01 -1.68586186e-07 -1.84228203e-01 -3.39347277e+00
  1.25018131e-05 -1.69364460e+00  3.34615344e+00  1.43563982e+00
  9.28576776e-01  3.34704680e+00 -1.43689539e+00  9.26040976e-01
 -2.75707352e+00 -2.63036175e-06 -1.00465299e-03  2.74413386e+00
 -6.41138002e-06  2.45786153e-03], f(x) = -0.007925370676726842
Iteration: 348, x = [-9.44353498e-01 -1.68586186e-07 -1.84228203e-01 -3.39347277e+00
  1.25018131e-05 -1.69364460e+00  3.34615344e+00  1.43563982e+00
  9.28576776e-01  3.34704680e+00 -1.43689539e+00  9.26040976e-01
 -2.75707352e+00 -2.63036175e-06 -1.00465299e-03  2.74413386e+00
 -6.41138002e-06  2.45786153e-03], f(x) = -0.007925370676726842
Iteration: 349, x = [-9.44353498e-01 -1.68586186e-07 -1.84228203e-01 -3.39347277e+00
  1.25018131e-05 -1.69364460e+00  3.34615344e+00  1.43563982e+00
  9.28576776e-01  3.34704680e+00 -1.43689539e+00  9.26040976e-01
 -2.75707352e+00 -2.63036175e-06 -1.00465299e-03  2.74413386e+00
 -6.41138002e-06  2.45786153e-03], f(x) = -0.007925370676726842
Iteration: 350, x = [-9.44353498e-01 -1.68586186e-07 -1.84228203e-01 -3.39347277e+00
  1.25018131e-05 -1.69364460e+00  3.34615344e+00  1.43563982e+00
  9.28576776e-01  3.34704680e+00 -1.43689539e+00  9.26040976e-01
 -2.75707352e+00 -2.63036175e-06 -1.00465299e-03  2.74413386e+00
 -6.41138002e-06  2.45786153e-03], f(x) = -0.007925370676726842
Iteration: 351, x = [-9.44353498e-01 -1.68586186e-07 -1.84228203e-01 -3.39347277e+00
  1.25018131e-05 -1.69364460e+00  3.34615344e+00  1.43563982e+00
  9.28576776e-01  3.34704680e+00 -1.43689539e+00  9.26040976e-01
 -2.75707352e+00 -2.63036175e-06 -1.00465299e-03  2.74413386e+00
 -6.41138002e-06  2.45786153e-03], f(x) = -0.007925370676726842
Iteration: 352, x = [-9.44353498e-01 -1.68586186e-07 -1.84228203e-01 -3.39347277e+00
  1.25018131e-05 -1.69364460e+00  3.34615344e+00  1.43563982e+00
  9.28576776e-01  3.34704680e+00 -1.43689539e+00  9.26040976e-01
 -2.75707352e+00 -2.63036175e-06 -1.00465299e-03  2.74413386e+00
 -6.41138002e-06  2.45786153e-03], f(x) = -0.007925370676726842
Iteration: 353, x = [-9.44353498e-01 -1.68586186e-07 -1.84228203e-01 -3.39347277e+00
  1.25018131e-05 -1.69364460e+00  3.34615344e+00  1.43563982e+00
  9.28576776e-01  3.34704680e+00 -1.43689539e+00  9.26040976e-01
 -2.75707352e+00 -2.63036175e-06 -1.00465299e-03  2.74413386e+00
 -6.41138002e-06  2.45786153e-03], f(x) = -0.007925370676726842
Iteration: 354, x = [-9.44233009e-01 -1.62055734e-07 -1.84416328e-01 -3.39348148e+00
  1.22987131e-05 -1.69376913e+00  3.34676887e+00  1.43564731e+00
  9.28646034e-01  3.34756518e+00 -1.43677033e+00  9.26244436e-01
 -2.75709411e+00 -2.61374653e-06 -1.06483862e-03  2.74457602e+00
 -6.55329652e-06  2.48145525e-03], f(x) = -0.007925373062731701
Iteration: 355, x = [-9.44233009e-01 -1.62055734e-07 -1.84416328e-01 -3.39348148e+00
  1.22987131e-05 -1.69376913e+00  3.34676887e+00  1.43564731e+00
  9.28646034e-01  3.34756518e+00 -1.43677033e+00  9.26244436e-01
 -2.75709411e+00 -2.61374653e-06 -1.06483862e-03  2.74457602e+00
 -6.55329652e-06  2.48145525e-03], f(x) = -0.007925373062731701
Iteration: 356, x = [-9.44233009e-01 -1.62055734e-07 -1.84416328e-01 -3.39348148e+00
  1.22987131e-05 -1.69376913e+00  3.34676887e+00  1.43564731e+00
  9.28646034e-01  3.34756518e+00 -1.43677033e+00  9.26244436e-01
 -2.75709411e+00 -2.61374653e-06 -1.06483862e-03  2.74457602e+00
 -6.55329652e-06  2.48145525e-03], f(x) = -0.007925373062731701
Iteration: 357, x = [-9.44233009e-01 -1.62055734e-07 -1.84416328e-01 -3.39348148e+00
  1.22987131e-05 -1.69376913e+00  3.34676887e+00  1.43564731e+00
  9.28646034e-01  3.34756518e+00 -1.43677033e+00  9.26244436e-01
 -2.75709411e+00 -2.61374653e-06 -1.06483862e-03  2.74457602e+00
 -6.55329652e-06  2.48145525e-03], f(x) = -0.007925373062731701
Iteration: 358, x = [-9.44233009e-01 -1.62055734e-07 -1.84416328e-01 -3.39348148e+00
  1.22987131e-05 -1.69376913e+00  3.34676887e+00  1.43564731e+00
  9.28646034e-01  3.34756518e+00 -1.43677033e+00  9.26244436e-01
 -2.75709411e+00 -2.61374653e-06 -1.06483862e-03  2.74457602e+00
 -6.55329652e-06  2.48145525e-03], f(x) = -0.007925373062731701
Iteration: 359, x = [-9.44233009e-01 -1.62055734e-07 -1.84416328e-01 -3.39348148e+00
  1.22987131e-05 -1.69376913e+00  3.34676887e+00  1.43564731e+00
  9.28646034e-01  3.34756518e+00 -1.43677033e+00  9.26244436e-01
 -2.75709411e+00 -2.61374653e-06 -1.06483862e-03  2.74457602e+00
 -6.55329652e-06  2.48145525e-03], f(x) = -0.007925373062731701
Iteration: 360, x = [-9.44233009e-01 -1.62055734e-07 -1.84416328e-01 -3.39348148e+00
  1.22987131e-05 -1.69376913e+00  3.34676887e+00  1.43564731e+00
  9.28646034e-01  3.34756518e+00 -1.43677033e+00  9.26244436e-01
 -2.75709411e+00 -2.61374653e-06 -1.06483862e-03  2.74457602e+00
 -6.55329652e-06  2.48145525e-03], f(x) = -0.007925373062731701
Iteration: 361, x = [-9.44233009e-01 -1.62055734e-07 -1.84416328e-01 -3.39348148e+00
  1.22987131e-05 -1.69376913e+00  3.34676887e+00  1.43564731e+00
  9.28646034e-01  3.34756518e+00 -1.43677033e+00  9.26244436e-01
 -2.75709411e+00 -2.61374653e-06 -1.06483862e-03  2.74457602e+00
 -6.55329652e-06  2.48145525e-03], f(x) = -0.007925373062731701
Iteration: 362, x = [-9.44233009e-01 -1.62055734e-07 -1.84416328e-01 -3.39348148e+00
  1.22987131e-05 -1.69376913e+00  3.34676887e+00  1.43564731e+00
  9.28646034e-01  3.34756518e+00 -1.43677033e+00  9.26244436e-01
 -2.75709411e+00 -2.61374653e-06 -1.06483862e-03  2.74457602e+00
 -6.55329652e-06  2.48145525e-03], f(x) = -0.007925373062731701
Iteration: 363, x = [-9.44233009e-01 -1.62055734e-07 -1.84416328e-01 -3.39348148e+00
  1.22987131e-05 -1.69376913e+00  3.34676887e+00  1.43564731e+00
  9.28646034e-01  3.34756518e+00 -1.43677033e+00  9.26244436e-01
 -2.75709411e+00 -2.61374653e-06 -1.06483862e-03  2.74457602e+00
 -6.55329652e-06  2.48145525e-03], f(x) = -0.007925373062731701
Iteration: 364, x = [-9.44233009e-01 -1.62055734e-07 -1.84416328e-01 -3.39348148e+00
  1.22987131e-05 -1.69376913e+00  3.34676887e+00  1.43564731e+00
  9.28646034e-01  3.34756518e+00 -1.43677033e+00  9.26244436e-01
 -2.75709411e+00 -2.61374653e-06 -1.06483862e-03  2.74457602e+00
 -6.55329652e-06  2.48145525e-03], f(x) = -0.007925373062731701
Iteration: 365, x = [-9.44233009e-01 -1.62055734e-07 -1.84416328e-01 -3.39348148e+00
  1.22987131e-05 -1.69376913e+00  3.34676887e+00  1.43564731e+00
  9.28646034e-01  3.34756518e+00 -1.43677033e+00  9.26244436e-01
 -2.75709411e+00 -2.61374653e-06 -1.06483862e-03  2.74457602e+00
 -6.55329652e-06  2.48145525e-03], f(x) = -0.007925373062731701
Iteration: 366, x = [-9.44233009e-01 -1.62055734e-07 -1.84416328e-01 -3.39348148e+00
  1.22987131e-05 -1.69376913e+00  3.34676887e+00  1.43564731e+00
  9.28646034e-01  3.34756518e+00 -1.43677033e+00  9.26244436e-01
 -2.75709411e+00 -2.61374653e-06 -1.06483862e-03  2.74457602e+00
 -6.55329652e-06  2.48145525e-03], f(x) = -0.007925373062731701
Iteration: 367, x = [-9.44177417e-01 -1.65837146e-07 -1.84031291e-01 -3.39371846e+00
  1.26261947e-05 -1.69374691e+00  3.34640198e+00  1.43568397e+00
  9.28607031e-01  3.34738301e+00 -1.43666428e+00  9.26159640e-01
 -2.75702519e+00 -2.64166058e-06 -1.07685787e-03  2.74427968e+00
 -6.31972032e-06  2.42849744e-03], f(x) = -0.007925373589586797
Iteration: 368, x = [-9.44177417e-01 -1.65837146e-07 -1.84031291e-01 -3.39371846e+00
  1.26261947e-05 -1.69374691e+00  3.34640198e+00  1.43568397e+00
  9.28607031e-01  3.34738301e+00 -1.43666428e+00  9.26159640e-01
 -2.75702519e+00 -2.64166058e-06 -1.07685787e-03  2.74427968e+00
 -6.31972032e-06  2.42849744e-03], f(x) = -0.007925373589586797
Iteration: 369, x = [-9.44177417e-01 -1.65837146e-07 -1.84031291e-01 -3.39371846e+00
  1.26261947e-05 -1.69374691e+00  3.34640198e+00  1.43568397e+00
  9.28607031e-01  3.34738301e+00 -1.43666428e+00  9.26159640e-01
 -2.75702519e+00 -2.64166058e-06 -1.07685787e-03  2.74427968e+00
 -6.31972032e-06  2.42849744e-03], f(x) = -0.007925373589586797
Iteration: 370, x = [-9.44177417e-01 -1.65837146e-07 -1.84031291e-01 -3.39371846e+00
  1.26261947e-05 -1.69374691e+00  3.34640198e+00  1.43568397e+00
  9.28607031e-01  3.34738301e+00 -1.43666428e+00  9.26159640e-01
 -2.75702519e+00 -2.64166058e-06 -1.07685787e-03  2.74427968e+00
 -6.31972032e-06  2.42849744e-03], f(x) = -0.007925373589586797
Iteration: 371, x = [-9.44177417e-01 -1.65837146e-07 -1.84031291e-01 -3.39371846e+00
  1.26261947e-05 -1.69374691e+00  3.34640198e+00  1.43568397e+00
  9.28607031e-01  3.34738301e+00 -1.43666428e+00  9.26159640e-01
 -2.75702519e+00 -2.64166058e-06 -1.07685787e-03  2.74427968e+00
 -6.31972032e-06  2.42849744e-03], f(x) = -0.007925373589586797
Iteration: 372, x = [-9.44177417e-01 -1.65837146e-07 -1.84031291e-01 -3.39371846e+00
  1.26261947e-05 -1.69374691e+00  3.34640198e+00  1.43568397e+00
  9.28607031e-01  3.34738301e+00 -1.43666428e+00  9.26159640e-01
 -2.75702519e+00 -2.64166058e-06 -1.07685787e-03  2.74427968e+00
 -6.31972032e-06  2.42849744e-03], f(x) = -0.007925373589586797
Iteration: 373, x = [-9.44177417e-01 -1.65837146e-07 -1.84031291e-01 -3.39371846e+00
  1.26261947e-05 -1.69374691e+00  3.34640198e+00  1.43568397e+00
  9.28607031e-01  3.34738301e+00 -1.43666428e+00  9.26159640e-01
 -2.75702519e+00 -2.64166058e-06 -1.07685787e-03  2.74427968e+00
 -6.31972032e-06  2.42849744e-03], f(x) = -0.007925373589586797
Iteration: 374, x = [-9.44177417e-01 -1.65837146e-07 -1.84031291e-01 -3.39371846e+00
  1.26261947e-05 -1.69374691e+00  3.34640198e+00  1.43568397e+00
  9.28607031e-01  3.34738301e+00 -1.43666428e+00  9.26159640e-01
 -2.75702519e+00 -2.64166058e-06 -1.07685787e-03  2.74427968e+00
 -6.31972032e-06  2.42849744e-03], f(x) = -0.007925373589586797
Iteration: 375, x = [-9.44177417e-01 -1.65837146e-07 -1.84031291e-01 -3.39371846e+00
  1.26261947e-05 -1.69374691e+00  3.34640198e+00  1.43568397e+00
  9.28607031e-01  3.34738301e+00 -1.43666428e+00  9.26159640e-01
 -2.75702519e+00 -2.64166058e-06 -1.07685787e-03  2.74427968e+00
 -6.31972032e-06  2.42849744e-03], f(x) = -0.007925373589586797
Iteration: 376, x = [-9.44177417e-01 -1.65837146e-07 -1.84031291e-01 -3.39371846e+00
  1.26261947e-05 -1.69374691e+00  3.34640198e+00  1.43568397e+00
  9.28607031e-01  3.34738301e+00 -1.43666428e+00  9.26159640e-01
 -2.75702519e+00 -2.64166058e-06 -1.07685787e-03  2.74427968e+00
 -6.31972032e-06  2.42849744e-03], f(x) = -0.007925373589586797
Iteration: 377, x = [-9.44177417e-01 -1.65837146e-07 -1.84031291e-01 -3.39371846e+00
  1.26261947e-05 -1.69374691e+00  3.34640198e+00  1.43568397e+00
  9.28607031e-01  3.34738301e+00 -1.43666428e+00  9.26159640e-01
 -2.75702519e+00 -2.64166058e-06 -1.07685787e-03  2.74427968e+00
 -6.31972032e-06  2.42849744e-03], f(x) = -0.007925373589586797
Iteration: 378, x = [-9.44177417e-01 -1.65837146e-07 -1.84031291e-01 -3.39371846e+00
  1.26261947e-05 -1.69374691e+00  3.34640198e+00  1.43568397e+00
  9.28607031e-01  3.34738301e+00 -1.43666428e+00  9.26159640e-01
 -2.75702519e+00 -2.64166058e-06 -1.07685787e-03  2.74427968e+00
 -6.31972032e-06  2.42849744e-03], f(x) = -0.007925373589586797
Iteration: 379, x = [-9.44177417e-01 -1.65837146e-07 -1.84031291e-01 -3.39371846e+00
  1.26261947e-05 -1.69374691e+00  3.34640198e+00  1.43568397e+00
  9.28607031e-01  3.34738301e+00 -1.43666428e+00  9.26159640e-01
 -2.75702519e+00 -2.64166058e-06 -1.07685787e-03  2.74427968e+00
 -6.31972032e-06  2.42849744e-03], f(x) = -0.007925373589586797
Iteration: 380, x = [-9.44177417e-01 -1.65837146e-07 -1.84031291e-01 -3.39371846e+00
  1.26261947e-05 -1.69374691e+00  3.34640198e+00  1.43568397e+00
  9.28607031e-01  3.34738301e+00 -1.43666428e+00  9.26159640e-01
 -2.75702519e+00 -2.64166058e-06 -1.07685787e-03  2.74427968e+00
 -6.31972032e-06  2.42849744e-03], f(x) = -0.007925373589586797
Iteration: 381, x = [-9.44177417e-01 -1.65837146e-07 -1.84031291e-01 -3.39371846e+00
  1.26261947e-05 -1.69374691e+00  3.34640198e+00  1.43568397e+00
  9.28607031e-01  3.34738301e+00 -1.43666428e+00  9.26159640e-01
 -2.75702519e+00 -2.64166058e-06 -1.07685787e-03  2.74427968e+00
 -6.31972032e-06  2.42849744e-03], f(x) = -0.007925373589586797
Iteration: 382, x = [-9.44231078e-01 -1.65787089e-07 -1.83984724e-01 -3.39336410e+00
  1.26507676e-05 -1.69373117e+00  3.34556894e+00  1.43562039e+00
  9.28896986e-01  3.34671936e+00 -1.43676518e+00  9.26539785e-01
 -2.75699717e+00 -2.60477165e-06 -1.05582498e-03  2.74401668e+00
 -6.38343383e-06  2.44096434e-03], f(x) = -0.007925374672205832
Iteration: 383, x = [-9.44231078e-01 -1.65787089e-07 -1.83984724e-01 -3.39336410e+00
  1.26507676e-05 -1.69373117e+00  3.34556894e+00  1.43562039e+00
  9.28896986e-01  3.34671936e+00 -1.43676518e+00  9.26539785e-01
 -2.75699717e+00 -2.60477165e-06 -1.05582498e-03  2.74401668e+00
 -6.38343383e-06  2.44096434e-03], f(x) = -0.007925374672205832
Iteration: 384, x = [-9.44231078e-01 -1.65787089e-07 -1.83984724e-01 -3.39336410e+00
  1.26507676e-05 -1.69373117e+00  3.34556894e+00  1.43562039e+00
  9.28896986e-01  3.34671936e+00 -1.43676518e+00  9.26539785e-01
 -2.75699717e+00 -2.60477165e-06 -1.05582498e-03  2.74401668e+00
 -6.38343383e-06  2.44096434e-03], f(x) = -0.007925374672205832
Iteration: 385, x = [-9.44285020e-01 -1.65474708e-07 -1.83986539e-01 -3.39329932e+00
  1.27434140e-05 -1.69379525e+00  3.34632337e+00  1.43563585e+00
  9.28791093e-01  3.34720792e+00 -1.43681828e+00  9.26335222e-01
 -2.75704014e+00 -2.56453282e-06 -1.07155821e-03  2.74467600e+00
 -6.26585584e-06  2.45192009e-03], f(x) = -0.007925374847461268
Iteration: 386, x = [-9.44298188e-01 -1.67719233e-07 -1.83812355e-01 -3.39329834e+00
  1.26773423e-05 -1.69384663e+00  3.34576991e+00  1.43564719e+00
  9.28779543e-01  3.34667016e+00 -1.43680175e+00  9.26225170e-01
 -2.75718495e+00 -2.59658110e-06 -1.05296903e-03  2.74378599e+00
 -6.28465158e-06  2.45709321e-03], f(x) = -0.007925380574138921
Iteration: 387, x = [-9.44298188e-01 -1.67719233e-07 -1.83812355e-01 -3.39329834e+00
  1.26773423e-05 -1.69384663e+00  3.34576991e+00  1.43564719e+00
  9.28779543e-01  3.34667016e+00 -1.43680175e+00  9.26225170e-01
 -2.75718495e+00 -2.59658110e-06 -1.05296903e-03  2.74378599e+00
 -6.28465158e-06  2.45709321e-03], f(x) = -0.007925380574138921
Iteration: 388, x = [-9.44298188e-01 -1.67719233e-07 -1.83812355e-01 -3.39329834e+00
  1.26773423e-05 -1.69384663e+00  3.34576991e+00  1.43564719e+00
  9.28779543e-01  3.34667016e+00 -1.43680175e+00  9.26225170e-01
 -2.75718495e+00 -2.59658110e-06 -1.05296903e-03  2.74378599e+00
 -6.28465158e-06  2.45709321e-03], f(x) = -0.007925380574138921
Iteration: 389, x = [-9.44298188e-01 -1.67719233e-07 -1.83812355e-01 -3.39329834e+00
  1.26773423e-05 -1.69384663e+00  3.34576991e+00  1.43564719e+00
  9.28779543e-01  3.34667016e+00 -1.43680175e+00  9.26225170e-01
 -2.75718495e+00 -2.59658110e-06 -1.05296903e-03  2.74378599e+00
 -6.28465158e-06  2.45709321e-03], f(x) = -0.007925380574138921
Iteration: 390, x = [-9.44298188e-01 -1.67719233e-07 -1.83812355e-01 -3.39329834e+00
  1.26773423e-05 -1.69384663e+00  3.34576991e+00  1.43564719e+00
  9.28779543e-01  3.34667016e+00 -1.43680175e+00  9.26225170e-01
 -2.75718495e+00 -2.59658110e-06 -1.05296903e-03  2.74378599e+00
 -6.28465158e-06  2.45709321e-03], f(x) = -0.007925380574138921
Iteration: 391, x = [-9.44298188e-01 -1.67719233e-07 -1.83812355e-01 -3.39329834e+00
  1.26773423e-05 -1.69384663e+00  3.34576991e+00  1.43564719e+00
  9.28779543e-01  3.34667016e+00 -1.43680175e+00  9.26225170e-01
 -2.75718495e+00 -2.59658110e-06 -1.05296903e-03  2.74378599e+00
 -6.28465158e-06  2.45709321e-03], f(x) = -0.007925380574138921
Iteration: 392, x = [-9.44298188e-01 -1.67719233e-07 -1.83812355e-01 -3.39329834e+00
  1.26773423e-05 -1.69384663e+00  3.34576991e+00  1.43564719e+00
  9.28779543e-01  3.34667016e+00 -1.43680175e+00  9.26225170e-01
 -2.75718495e+00 -2.59658110e-06 -1.05296903e-03  2.74378599e+00
 -6.28465158e-06  2.45709321e-03], f(x) = -0.007925380574138921
Iteration: 393, x = [-9.44298188e-01 -1.67719233e-07 -1.83812355e-01 -3.39329834e+00
  1.26773423e-05 -1.69384663e+00  3.34576991e+00  1.43564719e+00
  9.28779543e-01  3.34667016e+00 -1.43680175e+00  9.26225170e-01
 -2.75718495e+00 -2.59658110e-06 -1.05296903e-03  2.74378599e+00
 -6.28465158e-06  2.45709321e-03], f(x) = -0.007925380574138921
Iteration: 394, x = [-9.44298188e-01 -1.67719233e-07 -1.83812355e-01 -3.39329834e+00
  1.26773423e-05 -1.69384663e+00  3.34576991e+00  1.43564719e+00
  9.28779543e-01  3.34667016e+00 -1.43680175e+00  9.26225170e-01
 -2.75718495e+00 -2.59658110e-06 -1.05296903e-03  2.74378599e+00
 -6.28465158e-06  2.45709321e-03], f(x) = -0.007925380574138921
Iteration: 395, x = [-9.44298188e-01 -1.67719233e-07 -1.83812355e-01 -3.39329834e+00
  1.26773423e-05 -1.69384663e+00  3.34576991e+00  1.43564719e+00
  9.28779543e-01  3.34667016e+00 -1.43680175e+00  9.26225170e-01
 -2.75718495e+00 -2.59658110e-06 -1.05296903e-03  2.74378599e+00
 -6.28465158e-06  2.45709321e-03], f(x) = -0.007925380574138921
Iteration: 396, x = [-9.44298188e-01 -1.67719233e-07 -1.83812355e-01 -3.39329834e+00
  1.26773423e-05 -1.69384663e+00  3.34576991e+00  1.43564719e+00
  9.28779543e-01  3.34667016e+00 -1.43680175e+00  9.26225170e-01
 -2.75718495e+00 -2.59658110e-06 -1.05296903e-03  2.74378599e+00
 -6.28465158e-06  2.45709321e-03], f(x) = -0.007925380574138921
Iteration: 397, x = [-9.44298188e-01 -1.67719233e-07 -1.83812355e-01 -3.39329834e+00
  1.26773423e-05 -1.69384663e+00  3.34576991e+00  1.43564719e+00
  9.28779543e-01  3.34667016e+00 -1.43680175e+00  9.26225170e-01
 -2.75718495e+00 -2.59658110e-06 -1.05296903e-03  2.74378599e+00
 -6.28465158e-06  2.45709321e-03], f(x) = -0.007925380574138921
Iteration: 398, x = [-9.44298188e-01 -1.67719233e-07 -1.83812355e-01 -3.39329834e+00
  1.26773423e-05 -1.69384663e+00  3.34576991e+00  1.43564719e+00
  9.28779543e-01  3.34667016e+00 -1.43680175e+00  9.26225170e-01
 -2.75718495e+00 -2.59658110e-06 -1.05296903e-03  2.74378599e+00
 -6.28465158e-06  2.45709321e-03], f(x) = -0.007925380574138921
Iteration: 399, x = [-9.44298188e-01 -1.67719233e-07 -1.83812355e-01 -3.39329834e+00
  1.26773423e-05 -1.69384663e+00  3.34576991e+00  1.43564719e+00
  9.28779543e-01  3.34667016e+00 -1.43680175e+00  9.26225170e-01
 -2.75718495e+00 -2.59658110e-06 -1.05296903e-03  2.74378599e+00
 -6.28465158e-06  2.45709321e-03], f(x) = -0.007925380574138921
Iteration: 400, x = [-9.44298188e-01 -1.67719233e-07 -1.83812355e-01 -3.39329834e+00
  1.26773423e-05 -1.69384663e+00  3.34576991e+00  1.43564719e+00
  9.28779543e-01  3.34667016e+00 -1.43680175e+00  9.26225170e-01
 -2.75718495e+00 -2.59658110e-06 -1.05296903e-03  2.74378599e+00
 -6.28465158e-06  2.45709321e-03], f(x) = -0.007925380574138921
Iteration: 401, x = [-9.44298188e-01 -1.67719233e-07 -1.83812355e-01 -3.39329834e+00
  1.26773423e-05 -1.69384663e+00  3.34576991e+00  1.43564719e+00
  9.28779543e-01  3.34667016e+00 -1.43680175e+00  9.26225170e-01
 -2.75718495e+00 -2.59658110e-06 -1.05296903e-03  2.74378599e+00
 -6.28465158e-06  2.45709321e-03], f(x) = -0.007925380574138921
Iteration: 402, x = [-9.44298188e-01 -1.67719233e-07 -1.83812355e-01 -3.39329834e+00
  1.26773423e-05 -1.69384663e+00  3.34576991e+00  1.43564719e+00
  9.28779543e-01  3.34667016e+00 -1.43680175e+00  9.26225170e-01
 -2.75718495e+00 -2.59658110e-06 -1.05296903e-03  2.74378599e+00
 -6.28465158e-06  2.45709321e-03], f(x) = -0.007925380574138921
Iteration: 403, x = [-9.44298188e-01 -1.67719233e-07 -1.83812355e-01 -3.39329834e+00
  1.26773423e-05 -1.69384663e+00  3.34576991e+00  1.43564719e+00
  9.28779543e-01  3.34667016e+00 -1.43680175e+00  9.26225170e-01
 -2.75718495e+00 -2.59658110e-06 -1.05296903e-03  2.74378599e+00
 -6.28465158e-06  2.45709321e-03], f(x) = -0.007925380574138921
Iteration: 404, x = [-9.44298188e-01 -1.67719233e-07 -1.83812355e-01 -3.39329834e+00
  1.26773423e-05 -1.69384663e+00  3.34576991e+00  1.43564719e+00
  9.28779543e-01  3.34667016e+00 -1.43680175e+00  9.26225170e-01
 -2.75718495e+00 -2.59658110e-06 -1.05296903e-03  2.74378599e+00
 -6.28465158e-06  2.45709321e-03], f(x) = -0.007925380574138921
Iteration: 405, x = [-9.44298188e-01 -1.67719233e-07 -1.83812355e-01 -3.39329834e+00
  1.26773423e-05 -1.69384663e+00  3.34576991e+00  1.43564719e+00
  9.28779543e-01  3.34667016e+00 -1.43680175e+00  9.26225170e-01
 -2.75718495e+00 -2.59658110e-06 -1.05296903e-03  2.74378599e+00
 -6.28465158e-06  2.45709321e-03], f(x) = -0.007925380574138921
Iteration: 406, x = [-9.44298188e-01 -1.67719233e-07 -1.83812355e-01 -3.39329834e+00
  1.26773423e-05 -1.69384663e+00  3.34576991e+00  1.43564719e+00
  9.28779543e-01  3.34667016e+00 -1.43680175e+00  9.26225170e-01
 -2.75718495e+00 -2.59658110e-06 -1.05296903e-03  2.74378599e+00
 -6.28465158e-06  2.45709321e-03], f(x) = -0.007925380574138921
Iteration: 407, x = [-9.44298188e-01 -1.67719233e-07 -1.83812355e-01 -3.39329834e+00
  1.26773423e-05 -1.69384663e+00  3.34576991e+00  1.43564719e+00
  9.28779543e-01  3.34667016e+00 -1.43680175e+00  9.26225170e-01
 -2.75718495e+00 -2.59658110e-06 -1.05296903e-03  2.74378599e+00
 -6.28465158e-06  2.45709321e-03], f(x) = -0.007925380574138921
Iteration: 408, x = [-9.44298188e-01 -1.67719233e-07 -1.83812355e-01 -3.39329834e+00
  1.26773423e-05 -1.69384663e+00  3.34576991e+00  1.43564719e+00
  9.28779543e-01  3.34667016e+00 -1.43680175e+00  9.26225170e-01
 -2.75718495e+00 -2.59658110e-06 -1.05296903e-03  2.74378599e+00
 -6.28465158e-06  2.45709321e-03], f(x) = -0.007925380574138921
Iteration: 409, x = [-9.44268167e-01 -1.66809445e-07 -1.83699461e-01 -3.39329647e+00
  1.23492206e-05 -1.69375849e+00  3.34608683e+00  1.43564041e+00
  9.28719645e-01  3.34704318e+00 -1.43682276e+00  9.26218996e-01
 -2.75715738e+00 -2.61774538e-06 -1.01285575e-03  2.74412236e+00
 -6.44237931e-06  2.49743522e-03], f(x) = -0.007925384177363413
Iteration: 410, x = [-9.44268167e-01 -1.66809445e-07 -1.83699461e-01 -3.39329647e+00
  1.23492206e-05 -1.69375849e+00  3.34608683e+00  1.43564041e+00
  9.28719645e-01  3.34704318e+00 -1.43682276e+00  9.26218996e-01
 -2.75715738e+00 -2.61774538e-06 -1.01285575e-03  2.74412236e+00
 -6.44237931e-06  2.49743522e-03], f(x) = -0.007925384177363413
Iteration: 411, x = [-9.44268167e-01 -1.66809445e-07 -1.83699461e-01 -3.39329647e+00
  1.23492206e-05 -1.69375849e+00  3.34608683e+00  1.43564041e+00
  9.28719645e-01  3.34704318e+00 -1.43682276e+00  9.26218996e-01
 -2.75715738e+00 -2.61774538e-06 -1.01285575e-03  2.74412236e+00
 -6.44237931e-06  2.49743522e-03], f(x) = -0.007925384177363413
Iteration: 412, x = [-9.44268167e-01 -1.66809445e-07 -1.83699461e-01 -3.39329647e+00
  1.23492206e-05 -1.69375849e+00  3.34608683e+00  1.43564041e+00
  9.28719645e-01  3.34704318e+00 -1.43682276e+00  9.26218996e-01
 -2.75715738e+00 -2.61774538e-06 -1.01285575e-03  2.74412236e+00
 -6.44237931e-06  2.49743522e-03], f(x) = -0.007925384177363413
Iteration: 413, x = [-9.44268167e-01 -1.66809445e-07 -1.83699461e-01 -3.39329647e+00
  1.23492206e-05 -1.69375849e+00  3.34608683e+00  1.43564041e+00
  9.28719645e-01  3.34704318e+00 -1.43682276e+00  9.26218996e-01
 -2.75715738e+00 -2.61774538e-06 -1.01285575e-03  2.74412236e+00
 -6.44237931e-06  2.49743522e-03], f(x) = -0.007925384177363413
Iteration: 414, x = [-9.44268167e-01 -1.66809445e-07 -1.83699461e-01 -3.39329647e+00
  1.23492206e-05 -1.69375849e+00  3.34608683e+00  1.43564041e+00
  9.28719645e-01  3.34704318e+00 -1.43682276e+00  9.26218996e-01
 -2.75715738e+00 -2.61774538e-06 -1.01285575e-03  2.74412236e+00
 -6.44237931e-06  2.49743522e-03], f(x) = -0.007925384177363413
Iteration: 415, x = [-9.44268167e-01 -1.66809445e-07 -1.83699461e-01 -3.39329647e+00
  1.23492206e-05 -1.69375849e+00  3.34608683e+00  1.43564041e+00
  9.28719645e-01  3.34704318e+00 -1.43682276e+00  9.26218996e-01
 -2.75715738e+00 -2.61774538e-06 -1.01285575e-03  2.74412236e+00
 -6.44237931e-06  2.49743522e-03], f(x) = -0.007925384177363413
Iteration: 416, x = [-9.44268167e-01 -1.66809445e-07 -1.83699461e-01 -3.39329647e+00
  1.23492206e-05 -1.69375849e+00  3.34608683e+00  1.43564041e+00
  9.28719645e-01  3.34704318e+00 -1.43682276e+00  9.26218996e-01
 -2.75715738e+00 -2.61774538e-06 -1.01285575e-03  2.74412236e+00
 -6.44237931e-06  2.49743522e-03], f(x) = -0.007925384177363413
Iteration: 417, x = [-9.44268167e-01 -1.66809445e-07 -1.83699461e-01 -3.39329647e+00
  1.23492206e-05 -1.69375849e+00  3.34608683e+00  1.43564041e+00
  9.28719645e-01  3.34704318e+00 -1.43682276e+00  9.26218996e-01
 -2.75715738e+00 -2.61774538e-06 -1.01285575e-03  2.74412236e+00
 -6.44237931e-06  2.49743522e-03], f(x) = -0.007925384177363413
Iteration: 418, x = [-9.44268167e-01 -1.66809445e-07 -1.83699461e-01 -3.39329647e+00
  1.23492206e-05 -1.69375849e+00  3.34608683e+00  1.43564041e+00
  9.28719645e-01  3.34704318e+00 -1.43682276e+00  9.26218996e-01
 -2.75715738e+00 -2.61774538e-06 -1.01285575e-03  2.74412236e+00
 -6.44237931e-06  2.49743522e-03], f(x) = -0.007925384177363413
Iteration: 419, x = [-9.44268167e-01 -1.66809445e-07 -1.83699461e-01 -3.39329647e+00
  1.23492206e-05 -1.69375849e+00  3.34608683e+00  1.43564041e+00
  9.28719645e-01  3.34704318e+00 -1.43682276e+00  9.26218996e-01
 -2.75715738e+00 -2.61774538e-06 -1.01285575e-03  2.74412236e+00
 -6.44237931e-06  2.49743522e-03], f(x) = -0.007925384177363413
Iteration: 420, x = [-9.44268167e-01 -1.66809445e-07 -1.83699461e-01 -3.39329647e+00
  1.23492206e-05 -1.69375849e+00  3.34608683e+00  1.43564041e+00
  9.28719645e-01  3.34704318e+00 -1.43682276e+00  9.26218996e-01
 -2.75715738e+00 -2.61774538e-06 -1.01285575e-03  2.74412236e+00
 -6.44237931e-06  2.49743522e-03], f(x) = -0.007925384177363413
Iteration: 421, x = [-9.44268167e-01 -1.66809445e-07 -1.83699461e-01 -3.39329647e+00
  1.23492206e-05 -1.69375849e+00  3.34608683e+00  1.43564041e+00
  9.28719645e-01  3.34704318e+00 -1.43682276e+00  9.26218996e-01
 -2.75715738e+00 -2.61774538e-06 -1.01285575e-03  2.74412236e+00
 -6.44237931e-06  2.49743522e-03], f(x) = -0.007925384177363413
Iteration: 422, x = [-9.44268167e-01 -1.66809445e-07 -1.83699461e-01 -3.39329647e+00
  1.23492206e-05 -1.69375849e+00  3.34608683e+00  1.43564041e+00
  9.28719645e-01  3.34704318e+00 -1.43682276e+00  9.26218996e-01
 -2.75715738e+00 -2.61774538e-06 -1.01285575e-03  2.74412236e+00
 -6.44237931e-06  2.49743522e-03], f(x) = -0.007925384177363413
Iteration: 423, x = [-9.44268167e-01 -1.66809445e-07 -1.83699461e-01 -3.39329647e+00
  1.23492206e-05 -1.69375849e+00  3.34608683e+00  1.43564041e+00
  9.28719645e-01  3.34704318e+00 -1.43682276e+00  9.26218996e-01
 -2.75715738e+00 -2.61774538e-06 -1.01285575e-03  2.74412236e+00
 -6.44237931e-06  2.49743522e-03], f(x) = -0.007925384177363413
Iteration: 424, x = [-9.44268167e-01 -1.66809445e-07 -1.83699461e-01 -3.39329647e+00
  1.23492206e-05 -1.69375849e+00  3.34608683e+00  1.43564041e+00
  9.28719645e-01  3.34704318e+00 -1.43682276e+00  9.26218996e-01
 -2.75715738e+00 -2.61774538e-06 -1.01285575e-03  2.74412236e+00
 -6.44237931e-06  2.49743522e-03], f(x) = -0.007925384177363413
Iteration: 425, x = [-9.44268167e-01 -1.66809445e-07 -1.83699461e-01 -3.39329647e+00
  1.23492206e-05 -1.69375849e+00  3.34608683e+00  1.43564041e+00
  9.28719645e-01  3.34704318e+00 -1.43682276e+00  9.26218996e-01
 -2.75715738e+00 -2.61774538e-06 -1.01285575e-03  2.74412236e+00
 -6.44237931e-06  2.49743522e-03], f(x) = -0.007925384177363413
Iteration: 426, x = [-9.44268167e-01 -1.66809445e-07 -1.83699461e-01 -3.39329647e+00
  1.23492206e-05 -1.69375849e+00  3.34608683e+00  1.43564041e+00
  9.28719645e-01  3.34704318e+00 -1.43682276e+00  9.26218996e-01
 -2.75715738e+00 -2.61774538e-06 -1.01285575e-03  2.74412236e+00
 -6.44237931e-06  2.49743522e-03], f(x) = -0.007925384177363413
Iteration: 427, x = [-9.44268167e-01 -1.66809445e-07 -1.83699461e-01 -3.39329647e+00
  1.23492206e-05 -1.69375849e+00  3.34608683e+00  1.43564041e+00
  9.28719645e-01  3.34704318e+00 -1.43682276e+00  9.26218996e-01
 -2.75715738e+00 -2.61774538e-06 -1.01285575e-03  2.74412236e+00
 -6.44237931e-06  2.49743522e-03], f(x) = -0.007925384177363413
Iteration: 428, x = [-9.44268167e-01 -1.66809445e-07 -1.83699461e-01 -3.39329647e+00
  1.23492206e-05 -1.69375849e+00  3.34608683e+00  1.43564041e+00
  9.28719645e-01  3.34704318e+00 -1.43682276e+00  9.26218996e-01
 -2.75715738e+00 -2.61774538e-06 -1.01285575e-03  2.74412236e+00
 -6.44237931e-06  2.49743522e-03], f(x) = -0.007925384177363413
Iteration: 429, x = [-9.44268167e-01 -1.66809445e-07 -1.83699461e-01 -3.39329647e+00
  1.23492206e-05 -1.69375849e+00  3.34608683e+00  1.43564041e+00
  9.28719645e-01  3.34704318e+00 -1.43682276e+00  9.26218996e-01
 -2.75715738e+00 -2.61774538e-06 -1.01285575e-03  2.74412236e+00
 -6.44237931e-06  2.49743522e-03], f(x) = -0.007925384177363413
Iteration: 430, x = [-9.44268167e-01 -1.66809445e-07 -1.83699461e-01 -3.39329647e+00
  1.23492206e-05 -1.69375849e+00  3.34608683e+00  1.43564041e+00
  9.28719645e-01  3.34704318e+00 -1.43682276e+00  9.26218996e-01
 -2.75715738e+00 -2.61774538e-06 -1.01285575e-03  2.74412236e+00
 -6.44237931e-06  2.49743522e-03], f(x) = -0.007925384177363413
Iteration: 431, x = [-9.44268167e-01 -1.66809445e-07 -1.83699461e-01 -3.39329647e+00
  1.23492206e-05 -1.69375849e+00  3.34608683e+00  1.43564041e+00
  9.28719645e-01  3.34704318e+00 -1.43682276e+00  9.26218996e-01
 -2.75715738e+00 -2.61774538e-06 -1.01285575e-03  2.74412236e+00
 -6.44237931e-06  2.49743522e-03], f(x) = -0.007925384177363413
Iteration: 432, x = [-9.44268167e-01 -1.66809445e-07 -1.83699461e-01 -3.39329647e+00
  1.23492206e-05 -1.69375849e+00  3.34608683e+00  1.43564041e+00
  9.28719645e-01  3.34704318e+00 -1.43682276e+00  9.26218996e-01
 -2.75715738e+00 -2.61774538e-06 -1.01285575e-03  2.74412236e+00
 -6.44237931e-06  2.49743522e-03], f(x) = -0.007925384177363413
Iteration: 433, x = [-9.44268167e-01 -1.66809445e-07 -1.83699461e-01 -3.39329647e+00
  1.23492206e-05 -1.69375849e+00  3.34608683e+00  1.43564041e+00
  9.28719645e-01  3.34704318e+00 -1.43682276e+00  9.26218996e-01
 -2.75715738e+00 -2.61774538e-06 -1.01285575e-03  2.74412236e+00
 -6.44237931e-06  2.49743522e-03], f(x) = -0.007925384177363413
Iteration: 434, x = [-9.44268167e-01 -1.66809445e-07 -1.83699461e-01 -3.39329647e+00
  1.23492206e-05 -1.69375849e+00  3.34608683e+00  1.43564041e+00
  9.28719645e-01  3.34704318e+00 -1.43682276e+00  9.26218996e-01
 -2.75715738e+00 -2.61774538e-06 -1.01285575e-03  2.74412236e+00
 -6.44237931e-06  2.49743522e-03], f(x) = -0.007925384177363413
Iteration: 435, x = [-9.44268167e-01 -1.66809445e-07 -1.83699461e-01 -3.39329647e+00
  1.23492206e-05 -1.69375849e+00  3.34608683e+00  1.43564041e+00
  9.28719645e-01  3.34704318e+00 -1.43682276e+00  9.26218996e-01
 -2.75715738e+00 -2.61774538e-06 -1.01285575e-03  2.74412236e+00
 -6.44237931e-06  2.49743522e-03], f(x) = -0.007925384177363413
Iteration: 436, x = [-9.44268167e-01 -1.66809445e-07 -1.83699461e-01 -3.39329647e+00
  1.23492206e-05 -1.69375849e+00  3.34608683e+00  1.43564041e+00
  9.28719645e-01  3.34704318e+00 -1.43682276e+00  9.26218996e-01
 -2.75715738e+00 -2.61774538e-06 -1.01285575e-03  2.74412236e+00
 -6.44237931e-06  2.49743522e-03], f(x) = -0.007925384177363413
Iteration: 437, x = [-9.44268167e-01 -1.66809445e-07 -1.83699461e-01 -3.39329647e+00
  1.23492206e-05 -1.69375849e+00  3.34608683e+00  1.43564041e+00
  9.28719645e-01  3.34704318e+00 -1.43682276e+00  9.26218996e-01
 -2.75715738e+00 -2.61774538e-06 -1.01285575e-03  2.74412236e+00
 -6.44237931e-06  2.49743522e-03], f(x) = -0.007925384177363413
Iteration: 438, x = [-9.44268167e-01 -1.66809445e-07 -1.83699461e-01 -3.39329647e+00
  1.23492206e-05 -1.69375849e+00  3.34608683e+00  1.43564041e+00
  9.28719645e-01  3.34704318e+00 -1.43682276e+00  9.26218996e-01
 -2.75715738e+00 -2.61774538e-06 -1.01285575e-03  2.74412236e+00
 -6.44237931e-06  2.49743522e-03], f(x) = -0.007925384177363413
Iteration: 439, x = [-9.44268167e-01 -1.66809445e-07 -1.83699461e-01 -3.39329647e+00
  1.23492206e-05 -1.69375849e+00  3.34608683e+00  1.43564041e+00
  9.28719645e-01  3.34704318e+00 -1.43682276e+00  9.26218996e-01
 -2.75715738e+00 -2.61774538e-06 -1.01285575e-03  2.74412236e+00
 -6.44237931e-06  2.49743522e-03], f(x) = -0.007925384177363413
Iteration: 440, x = [-9.44268167e-01 -1.66809445e-07 -1.83699461e-01 -3.39329647e+00
  1.23492206e-05 -1.69375849e+00  3.34608683e+00  1.43564041e+00
  9.28719645e-01  3.34704318e+00 -1.43682276e+00  9.26218996e-01
 -2.75715738e+00 -2.61774538e-06 -1.01285575e-03  2.74412236e+00
 -6.44237931e-06  2.49743522e-03], f(x) = -0.007925384177363413
Iteration: 441, x = [-9.44268167e-01 -1.66809445e-07 -1.83699461e-01 -3.39329647e+00
  1.23492206e-05 -1.69375849e+00  3.34608683e+00  1.43564041e+00
  9.28719645e-01  3.34704318e+00 -1.43682276e+00  9.26218996e-01
 -2.75715738e+00 -2.61774538e-06 -1.01285575e-03  2.74412236e+00
 -6.44237931e-06  2.49743522e-03], f(x) = -0.007925384177363413
Iteration: 442, x = [-9.44268167e-01 -1.66809445e-07 -1.83699461e-01 -3.39329647e+00
  1.23492206e-05 -1.69375849e+00  3.34608683e+00  1.43564041e+00
  9.28719645e-01  3.34704318e+00 -1.43682276e+00  9.26218996e-01
 -2.75715738e+00 -2.61774538e-06 -1.01285575e-03  2.74412236e+00
 -6.44237931e-06  2.49743522e-03], f(x) = -0.007925384177363413
Iteration: 443, x = [-9.44268167e-01 -1.66809445e-07 -1.83699461e-01 -3.39329647e+00
  1.23492206e-05 -1.69375849e+00  3.34608683e+00  1.43564041e+00
  9.28719645e-01  3.34704318e+00 -1.43682276e+00  9.26218996e-01
 -2.75715738e+00 -2.61774538e-06 -1.01285575e-03  2.74412236e+00
 -6.44237931e-06  2.49743522e-03], f(x) = -0.007925384177363413
Iteration: 444, x = [-9.44350053e-01 -1.67544234e-07 -1.83335916e-01 -3.39301112e+00
  1.25739264e-05 -1.69393731e+00  3.34597387e+00  1.43561104e+00
  9.28921206e-01  3.34708318e+00 -1.43677915e+00  9.26358514e-01
 -2.75726211e+00 -2.60944853e-06 -1.01641738e-03  2.74432932e+00
 -6.42510819e-06  2.46499605e-03], f(x) = -0.007925384336683557
Iteration: 445, x = [-9.44328684e-01 -1.68351072e-07 -1.83272540e-01 -3.39303471e+00
  1.24609830e-05 -1.69393453e+00  3.34577760e+00  1.43562488e+00
  9.28871673e-01  3.34694873e+00 -1.43679135e+00  9.26243758e-01
 -2.75729360e+00 -2.63558541e-06 -1.00507744e-03  2.74394935e+00
 -6.41634511e-06  2.48565949e-03], f(x) = -0.007925385019446311
Iteration: 446, x = [-9.44328684e-01 -1.68351072e-07 -1.83272540e-01 -3.39303471e+00
  1.24609830e-05 -1.69393453e+00  3.34577760e+00  1.43562488e+00
  9.28871673e-01  3.34694873e+00 -1.43679135e+00  9.26243758e-01
 -2.75729360e+00 -2.63558541e-06 -1.00507744e-03  2.74394935e+00
 -6.41634511e-06  2.48565949e-03], f(x) = -0.007925385019446311
Iteration: 447, x = [-9.44328684e-01 -1.68351072e-07 -1.83272540e-01 -3.39303471e+00
  1.24609830e-05 -1.69393453e+00  3.34577760e+00  1.43562488e+00
  9.28871673e-01  3.34694873e+00 -1.43679135e+00  9.26243758e-01
 -2.75729360e+00 -2.63558541e-06 -1.00507744e-03  2.74394935e+00
 -6.41634511e-06  2.48565949e-03], f(x) = -0.007925385019446311
Iteration: 448, x = [-9.44336676e-01 -1.67877568e-07 -1.83356642e-01 -3.39318363e+00
  1.24660945e-05 -1.69391824e+00  3.34638547e+00  1.43559036e+00
  9.28760003e-01  3.34729365e+00 -1.43684581e+00  9.26155356e-01
 -2.75729948e+00 -2.63205743e-06 -1.00762527e-03  2.74438452e+00
 -6.39626750e-06  2.48938223e-03], f(x) = -0.007925385751760744
Iteration: 449, x = [-9.44336676e-01 -1.67877568e-07 -1.83356642e-01 -3.39318363e+00
  1.24660945e-05 -1.69391824e+00  3.34638547e+00  1.43559036e+00
  9.28760003e-01  3.34729365e+00 -1.43684581e+00  9.26155356e-01
 -2.75729948e+00 -2.63205743e-06 -1.00762527e-03  2.74438452e+00
 -6.39626750e-06  2.48938223e-03], f(x) = -0.007925385751760744
Iteration: 450, x = [-9.44336676e-01 -1.67877568e-07 -1.83356642e-01 -3.39318363e+00
  1.24660945e-05 -1.69391824e+00  3.34638547e+00  1.43559036e+00
  9.28760003e-01  3.34729365e+00 -1.43684581e+00  9.26155356e-01
 -2.75729948e+00 -2.63205743e-06 -1.00762527e-03  2.74438452e+00
 -6.39626750e-06  2.48938223e-03], f(x) = -0.007925385751760744
Iteration: 451, x = [-9.44336676e-01 -1.67877568e-07 -1.83356642e-01 -3.39318363e+00
  1.24660945e-05 -1.69391824e+00  3.34638547e+00  1.43559036e+00
  9.28760003e-01  3.34729365e+00 -1.43684581e+00  9.26155356e-01
 -2.75729948e+00 -2.63205743e-06 -1.00762527e-03  2.74438452e+00
 -6.39626750e-06  2.48938223e-03], f(x) = -0.007925385751760744
Iteration: 452, x = [-9.44336676e-01 -1.67877568e-07 -1.83356642e-01 -3.39318363e+00
  1.24660945e-05 -1.69391824e+00  3.34638547e+00  1.43559036e+00
  9.28760003e-01  3.34729365e+00 -1.43684581e+00  9.26155356e-01
 -2.75729948e+00 -2.63205743e-06 -1.00762527e-03  2.74438452e+00
 -6.39626750e-06  2.48938223e-03], f(x) = -0.007925385751760744
Iteration: 453, x = [-9.44336676e-01 -1.67877568e-07 -1.83356642e-01 -3.39318363e+00
  1.24660945e-05 -1.69391824e+00  3.34638547e+00  1.43559036e+00
  9.28760003e-01  3.34729365e+00 -1.43684581e+00  9.26155356e-01
 -2.75729948e+00 -2.63205743e-06 -1.00762527e-03  2.74438452e+00
 -6.39626750e-06  2.48938223e-03], f(x) = -0.007925385751760744
Iteration: 454, x = [-9.44336676e-01 -1.67877568e-07 -1.83356642e-01 -3.39318363e+00
  1.24660945e-05 -1.69391824e+00  3.34638547e+00  1.43559036e+00
  9.28760003e-01  3.34729365e+00 -1.43684581e+00  9.26155356e-01
 -2.75729948e+00 -2.63205743e-06 -1.00762527e-03  2.74438452e+00
 -6.39626750e-06  2.48938223e-03], f(x) = -0.007925385751760744
Iteration: 455, x = [-9.44336676e-01 -1.67877568e-07 -1.83356642e-01 -3.39318363e+00
  1.24660945e-05 -1.69391824e+00  3.34638547e+00  1.43559036e+00
  9.28760003e-01  3.34729365e+00 -1.43684581e+00  9.26155356e-01
 -2.75729948e+00 -2.63205743e-06 -1.00762527e-03  2.74438452e+00
 -6.39626750e-06  2.48938223e-03], f(x) = -0.007925385751760744
Iteration: 456, x = [-9.44336676e-01 -1.67877568e-07 -1.83356642e-01 -3.39318363e+00
  1.24660945e-05 -1.69391824e+00  3.34638547e+00  1.43559036e+00
  9.28760003e-01  3.34729365e+00 -1.43684581e+00  9.26155356e-01
 -2.75729948e+00 -2.63205743e-06 -1.00762527e-03  2.74438452e+00
 -6.39626750e-06  2.48938223e-03], f(x) = -0.007925385751760744
Iteration: 457, x = [-9.44336676e-01 -1.67877568e-07 -1.83356642e-01 -3.39318363e+00
  1.24660945e-05 -1.69391824e+00  3.34638547e+00  1.43559036e+00
  9.28760003e-01  3.34729365e+00 -1.43684581e+00  9.26155356e-01
 -2.75729948e+00 -2.63205743e-06 -1.00762527e-03  2.74438452e+00
 -6.39626750e-06  2.48938223e-03], f(x) = -0.007925385751760744
Iteration: 458, x = [-9.44336676e-01 -1.67877568e-07 -1.83356642e-01 -3.39318363e+00
  1.24660945e-05 -1.69391824e+00  3.34638547e+00  1.43559036e+00
  9.28760003e-01  3.34729365e+00 -1.43684581e+00  9.26155356e-01
 -2.75729948e+00 -2.63205743e-06 -1.00762527e-03  2.74438452e+00
 -6.39626750e-06  2.48938223e-03], f(x) = -0.007925385751760744
Iteration: 459, x = [-9.44336676e-01 -1.67877568e-07 -1.83356642e-01 -3.39318363e+00
  1.24660945e-05 -1.69391824e+00  3.34638547e+00  1.43559036e+00
  9.28760003e-01  3.34729365e+00 -1.43684581e+00  9.26155356e-01
 -2.75729948e+00 -2.63205743e-06 -1.00762527e-03  2.74438452e+00
 -6.39626750e-06  2.48938223e-03], f(x) = -0.007925385751760744
Iteration: 460, x = [-9.44336676e-01 -1.67877568e-07 -1.83356642e-01 -3.39318363e+00
  1.24660945e-05 -1.69391824e+00  3.34638547e+00  1.43559036e+00
  9.28760003e-01  3.34729365e+00 -1.43684581e+00  9.26155356e-01
 -2.75729948e+00 -2.63205743e-06 -1.00762527e-03  2.74438452e+00
 -6.39626750e-06  2.48938223e-03], f(x) = -0.007925385751760744
Iteration: 461, x = [-9.44336676e-01 -1.67877568e-07 -1.83356642e-01 -3.39318363e+00
  1.24660945e-05 -1.69391824e+00  3.34638547e+00  1.43559036e+00
  9.28760003e-01  3.34729365e+00 -1.43684581e+00  9.26155356e-01
 -2.75729948e+00 -2.63205743e-06 -1.00762527e-03  2.74438452e+00
 -6.39626750e-06  2.48938223e-03], f(x) = -0.007925385751760744
Iteration: 462, x = [-9.44336676e-01 -1.67877568e-07 -1.83356642e-01 -3.39318363e+00
  1.24660945e-05 -1.69391824e+00  3.34638547e+00  1.43559036e+00
  9.28760003e-01  3.34729365e+00 -1.43684581e+00  9.26155356e-01
 -2.75729948e+00 -2.63205743e-06 -1.00762527e-03  2.74438452e+00
 -6.39626750e-06  2.48938223e-03], f(x) = -0.007925385751760744
Iteration: 463, x = [-9.44336676e-01 -1.67877568e-07 -1.83356642e-01 -3.39318363e+00
  1.24660945e-05 -1.69391824e+00  3.34638547e+00  1.43559036e+00
  9.28760003e-01  3.34729365e+00 -1.43684581e+00  9.26155356e-01
 -2.75729948e+00 -2.63205743e-06 -1.00762527e-03  2.74438452e+00
 -6.39626750e-06  2.48938223e-03], f(x) = -0.007925385751760744
Iteration: 464, x = [-9.44374045e-01 -1.67965896e-07 -1.83241431e-01 -3.39319949e+00
  1.24901470e-05 -1.69389674e+00  3.34606344e+00  1.43562055e+00
  9.28681144e-01  3.34726601e+00 -1.43679902e+00  9.26062526e-01
 -2.75733825e+00 -2.61489706e-06 -1.00909372e-03  2.74407155e+00
 -6.40290727e-06  2.48559128e-03], f(x) = -0.007925386084876657
Iteration: 465, x = [-9.44374045e-01 -1.67965896e-07 -1.83241431e-01 -3.39319949e+00
  1.24901470e-05 -1.69389674e+00  3.34606344e+00  1.43562055e+00
  9.28681144e-01  3.34726601e+00 -1.43679902e+00  9.26062526e-01
 -2.75733825e+00 -2.61489706e-06 -1.00909372e-03  2.74407155e+00
 -6.40290727e-06  2.48559128e-03], f(x) = -0.007925386084876657
Iteration: 466, x = [-9.44374045e-01 -1.67965896e-07 -1.83241431e-01 -3.39319949e+00
  1.24901470e-05 -1.69389674e+00  3.34606344e+00  1.43562055e+00
  9.28681144e-01  3.34726601e+00 -1.43679902e+00  9.26062526e-01
 -2.75733825e+00 -2.61489706e-06 -1.00909372e-03  2.74407155e+00
 -6.40290727e-06  2.48559128e-03], f(x) = -0.007925386084876657
Iteration: 467, x = [-9.44374045e-01 -1.67965896e-07 -1.83241431e-01 -3.39319949e+00
  1.24901470e-05 -1.69389674e+00  3.34606344e+00  1.43562055e+00
  9.28681144e-01  3.34726601e+00 -1.43679902e+00  9.26062526e-01
 -2.75733825e+00 -2.61489706e-06 -1.00909372e-03  2.74407155e+00
 -6.40290727e-06  2.48559128e-03], f(x) = -0.007925386084876657
Iteration: 468, x = [-9.44374045e-01 -1.67965896e-07 -1.83241431e-01 -3.39319949e+00
  1.24901470e-05 -1.69389674e+00  3.34606344e+00  1.43562055e+00
  9.28681144e-01  3.34726601e+00 -1.43679902e+00  9.26062526e-01
 -2.75733825e+00 -2.61489706e-06 -1.00909372e-03  2.74407155e+00
 -6.40290727e-06  2.48559128e-03], f(x) = -0.007925386084876657
Iteration: 469, x = [-9.44332520e-01 -1.67224620e-07 -1.83393663e-01 -3.39323783e+00
  1.23131706e-05 -1.69384667e+00  3.34639099e+00  1.43560747e+00
  9.28678219e-01  3.34746161e+00 -1.43683605e+00  9.26028372e-01
 -2.75731402e+00 -2.63470894e-06 -9.95773563e-04  2.74424992e+00
 -6.49091529e-06  2.50278451e-03], f(x) = -0.007925386222228215
Iteration: 470, x = [-9.44332520e-01 -1.67224620e-07 -1.83393663e-01 -3.39323783e+00
  1.23131706e-05 -1.69384667e+00  3.34639099e+00  1.43560747e+00
  9.28678219e-01  3.34746161e+00 -1.43683605e+00  9.26028372e-01
 -2.75731402e+00 -2.63470894e-06 -9.95773563e-04  2.74424992e+00
 -6.49091529e-06  2.50278451e-03], f(x) = -0.007925386222228215
Iteration: 471, x = [-9.44332520e-01 -1.67224620e-07 -1.83393663e-01 -3.39323783e+00
  1.23131706e-05 -1.69384667e+00  3.34639099e+00  1.43560747e+00
  9.28678219e-01  3.34746161e+00 -1.43683605e+00  9.26028372e-01
 -2.75731402e+00 -2.63470894e-06 -9.95773563e-04  2.74424992e+00
 -6.49091529e-06  2.50278451e-03], f(x) = -0.007925386222228215
Iteration: 472, x = [-9.44332520e-01 -1.67224620e-07 -1.83393663e-01 -3.39323783e+00
  1.23131706e-05 -1.69384667e+00  3.34639099e+00  1.43560747e+00
  9.28678219e-01  3.34746161e+00 -1.43683605e+00  9.26028372e-01
 -2.75731402e+00 -2.63470894e-06 -9.95773563e-04  2.74424992e+00
 -6.49091529e-06  2.50278451e-03], f(x) = -0.007925386222228215
Iteration: 473, x = [-9.44332520e-01 -1.67224620e-07 -1.83393663e-01 -3.39323783e+00
  1.23131706e-05 -1.69384667e+00  3.34639099e+00  1.43560747e+00
  9.28678219e-01  3.34746161e+00 -1.43683605e+00  9.26028372e-01
 -2.75731402e+00 -2.63470894e-06 -9.95773563e-04  2.74424992e+00
 -6.49091529e-06  2.50278451e-03], f(x) = -0.007925386222228215
Iteration: 474, x = [-9.44332520e-01 -1.67224620e-07 -1.83393663e-01 -3.39323783e+00
  1.23131706e-05 -1.69384667e+00  3.34639099e+00  1.43560747e+00
  9.28678219e-01  3.34746161e+00 -1.43683605e+00  9.26028372e-01
 -2.75731402e+00 -2.63470894e-06 -9.95773563e-04  2.74424992e+00
 -6.49091529e-06  2.50278451e-03], f(x) = -0.007925386222228215
Iteration: 475, x = [-9.44332520e-01 -1.67224620e-07 -1.83393663e-01 -3.39323783e+00
  1.23131706e-05 -1.69384667e+00  3.34639099e+00  1.43560747e+00
  9.28678219e-01  3.34746161e+00 -1.43683605e+00  9.26028372e-01
 -2.75731402e+00 -2.63470894e-06 -9.95773563e-04  2.74424992e+00
 -6.49091529e-06  2.50278451e-03], f(x) = -0.007925386222228215
Iteration: 476, x = [-9.44332520e-01 -1.67224620e-07 -1.83393663e-01 -3.39323783e+00
  1.23131706e-05 -1.69384667e+00  3.34639099e+00  1.43560747e+00
  9.28678219e-01  3.34746161e+00 -1.43683605e+00  9.26028372e-01
 -2.75731402e+00 -2.63470894e-06 -9.95773563e-04  2.74424992e+00
 -6.49091529e-06  2.50278451e-03], f(x) = -0.007925386222228215
Iteration: 477, x = [-9.44360644e-01 -1.69036154e-07 -1.83097492e-01 -3.39305571e+00
  1.23550464e-05 -1.69393808e+00  3.34610896e+00  1.43561372e+00
  9.28766691e-01  3.34717835e+00 -1.43686178e+00  9.26045357e-01
 -2.75739182e+00 -2.64130901e-06 -9.74778685e-04  2.74407302e+00
 -6.44286845e-06  2.50971625e-03], f(x) = -0.007925386283944067
Iteration: 478, x = [-9.44360644e-01 -1.69036154e-07 -1.83097492e-01 -3.39305571e+00
  1.23550464e-05 -1.69393808e+00  3.34610896e+00  1.43561372e+00
  9.28766691e-01  3.34717835e+00 -1.43686178e+00  9.26045357e-01
 -2.75739182e+00 -2.64130901e-06 -9.74778685e-04  2.74407302e+00
 -6.44286845e-06  2.50971625e-03], f(x) = -0.007925386283944067
Iteration: 479, x = [-9.44360644e-01 -1.69036154e-07 -1.83097492e-01 -3.39305571e+00
  1.23550464e-05 -1.69393808e+00  3.34610896e+00  1.43561372e+00
  9.28766691e-01  3.34717835e+00 -1.43686178e+00  9.26045357e-01
 -2.75739182e+00 -2.64130901e-06 -9.74778685e-04  2.74407302e+00
 -6.44286845e-06  2.50971625e-03], f(x) = -0.007925386283944067
Iteration: 480, x = [-9.44360644e-01 -1.69036154e-07 -1.83097492e-01 -3.39305571e+00
  1.23550464e-05 -1.69393808e+00  3.34610896e+00  1.43561372e+00
  9.28766691e-01  3.34717835e+00 -1.43686178e+00  9.26045357e-01
 -2.75739182e+00 -2.64130901e-06 -9.74778685e-04  2.74407302e+00
 -6.44286845e-06  2.50971625e-03], f(x) = -0.007925386283944067
Iteration: 481, x = [-9.44360644e-01 -1.69036154e-07 -1.83097492e-01 -3.39305571e+00
  1.23550464e-05 -1.69393808e+00  3.34610896e+00  1.43561372e+00
  9.28766691e-01  3.34717835e+00 -1.43686178e+00  9.26045357e-01
 -2.75739182e+00 -2.64130901e-06 -9.74778685e-04  2.74407302e+00
 -6.44286845e-06  2.50971625e-03], f(x) = -0.007925386283944067
Iteration: 482, x = [-9.44397171e-01 -1.68907212e-07 -1.83060136e-01 -3.39303183e+00
  1.23523871e-05 -1.69392859e+00  3.34625227e+00  1.43559247e+00
  9.28742292e-01  3.34739727e+00 -1.43683074e+00  9.26035998e-01
 -2.75739963e+00 -2.63280039e-06 -9.85537757e-04  2.74425432e+00
 -6.45580748e-06  2.50031628e-03], f(x) = -0.007925386677514364
Iteration: 483, x = [-9.44397171e-01 -1.68907212e-07 -1.83060136e-01 -3.39303183e+00
  1.23523871e-05 -1.69392859e+00  3.34625227e+00  1.43559247e+00
  9.28742292e-01  3.34739727e+00 -1.43683074e+00  9.26035998e-01
 -2.75739963e+00 -2.63280039e-06 -9.85537757e-04  2.74425432e+00
 -6.45580748e-06  2.50031628e-03], f(x) = -0.007925386677514364
Iteration: 484, x = [-9.44397171e-01 -1.68907212e-07 -1.83060136e-01 -3.39303183e+00
  1.23523871e-05 -1.69392859e+00  3.34625227e+00  1.43559247e+00
  9.28742292e-01  3.34739727e+00 -1.43683074e+00  9.26035998e-01
 -2.75739963e+00 -2.63280039e-06 -9.85537757e-04  2.74425432e+00
 -6.45580748e-06  2.50031628e-03], f(x) = -0.007925386677514364
Iteration: 485, x = [-9.44397171e-01 -1.68907212e-07 -1.83060136e-01 -3.39303183e+00
  1.23523871e-05 -1.69392859e+00  3.34625227e+00  1.43559247e+00
  9.28742292e-01  3.34739727e+00 -1.43683074e+00  9.26035998e-01
 -2.75739963e+00 -2.63280039e-06 -9.85537757e-04  2.74425432e+00
 -6.45580748e-06  2.50031628e-03], f(x) = -0.007925386677514364
Iteration: 486, x = [-9.44397171e-01 -1.68907212e-07 -1.83060136e-01 -3.39303183e+00
  1.23523871e-05 -1.69392859e+00  3.34625227e+00  1.43559247e+00
  9.28742292e-01  3.34739727e+00 -1.43683074e+00  9.26035998e-01
 -2.75739963e+00 -2.63280039e-06 -9.85537757e-04  2.74425432e+00
 -6.45580748e-06  2.50031628e-03], f(x) = -0.007925386677514364
Iteration: 487, x = [-9.44397171e-01 -1.68907212e-07 -1.83060136e-01 -3.39303183e+00
  1.23523871e-05 -1.69392859e+00  3.34625227e+00  1.43559247e+00
  9.28742292e-01  3.34739727e+00 -1.43683074e+00  9.26035998e-01
 -2.75739963e+00 -2.63280039e-06 -9.85537757e-04  2.74425432e+00
 -6.45580748e-06  2.50031628e-03], f(x) = -0.007925386677514364
Iteration: 488, x = [-9.44397171e-01 -1.68907212e-07 -1.83060136e-01 -3.39303183e+00
  1.23523871e-05 -1.69392859e+00  3.34625227e+00  1.43559247e+00
  9.28742292e-01  3.34739727e+00 -1.43683074e+00  9.26035998e-01
 -2.75739963e+00 -2.63280039e-06 -9.85537757e-04  2.74425432e+00
 -6.45580748e-06  2.50031628e-03], f(x) = -0.007925386677514364
Iteration: 489, x = [-9.44397171e-01 -1.68907212e-07 -1.83060136e-01 -3.39303183e+00
  1.23523871e-05 -1.69392859e+00  3.34625227e+00  1.43559247e+00
  9.28742292e-01  3.34739727e+00 -1.43683074e+00  9.26035998e-01
 -2.75739963e+00 -2.63280039e-06 -9.85537757e-04  2.74425432e+00
 -6.45580748e-06  2.50031628e-03], f(x) = -0.007925386677514364
Iteration: 490, x = [-9.44374214e-01 -1.68824082e-07 -1.83274774e-01 -3.39313918e+00
  1.24144752e-05 -1.69388879e+00  3.34604524e+00  1.43560032e+00
  9.28723811e-01  3.34715614e+00 -1.43687376e+00  9.26014006e-01
 -2.75735341e+00 -2.63643685e-06 -9.77406282e-04  2.74402397e+00
 -6.43979077e-06  2.49714454e-03], f(x) = -0.007925386854455568
Iteration: 491, x = [-9.44374214e-01 -1.68824082e-07 -1.83274774e-01 -3.39313918e+00
  1.24144752e-05 -1.69388879e+00  3.34604524e+00  1.43560032e+00
  9.28723811e-01  3.34715614e+00 -1.43687376e+00  9.26014006e-01
 -2.75735341e+00 -2.63643685e-06 -9.77406282e-04  2.74402397e+00
 -6.43979077e-06  2.49714454e-03], f(x) = -0.007925386854455568
Iteration: 492, x = [-9.44374214e-01 -1.68824082e-07 -1.83274774e-01 -3.39313918e+00
  1.24144752e-05 -1.69388879e+00  3.34604524e+00  1.43560032e+00
  9.28723811e-01  3.34715614e+00 -1.43687376e+00  9.26014006e-01
 -2.75735341e+00 -2.63643685e-06 -9.77406282e-04  2.74402397e+00
 -6.43979077e-06  2.49714454e-03], f(x) = -0.007925386854455568
Iteration: 493, x = [-9.44374214e-01 -1.68824082e-07 -1.83274774e-01 -3.39313918e+00
  1.24144752e-05 -1.69388879e+00  3.34604524e+00  1.43560032e+00
  9.28723811e-01  3.34715614e+00 -1.43687376e+00  9.26014006e-01
 -2.75735341e+00 -2.63643685e-06 -9.77406282e-04  2.74402397e+00
 -6.43979077e-06  2.49714454e-03], f(x) = -0.007925386854455568
Iteration: 494, x = [-9.44374214e-01 -1.68824082e-07 -1.83274774e-01 -3.39313918e+00
  1.24144752e-05 -1.69388879e+00  3.34604524e+00  1.43560032e+00
  9.28723811e-01  3.34715614e+00 -1.43687376e+00  9.26014006e-01
 -2.75735341e+00 -2.63643685e-06 -9.77406282e-04  2.74402397e+00
 -6.43979077e-06  2.49714454e-03], f(x) = -0.007925386854455568
Iteration: 495, x = [-9.44391735e-01 -1.68274275e-07 -1.83118934e-01 -3.39309184e+00
  1.23455602e-05 -1.69393646e+00  3.34634653e+00  1.43561951e+00
  9.28667303e-01  3.34744797e+00 -1.43686509e+00  9.25976137e-01
 -2.75739463e+00 -2.62858419e-06 -9.95332632e-04  2.74419654e+00
 -6.43280499e-06  2.50833946e-03], f(x) = -0.007925386959449115
Iteration: 496, x = [-9.44391735e-01 -1.68274275e-07 -1.83118934e-01 -3.39309184e+00
  1.23455602e-05 -1.69393646e+00  3.34634653e+00  1.43561951e+00
  9.28667303e-01  3.34744797e+00 -1.43686509e+00  9.25976137e-01
 -2.75739463e+00 -2.62858419e-06 -9.95332632e-04  2.74419654e+00
 -6.43280499e-06  2.50833946e-03], f(x) = -0.007925386959449115
Iteration: 497, x = [-9.44391735e-01 -1.68274275e-07 -1.83118934e-01 -3.39309184e+00
  1.23455602e-05 -1.69393646e+00  3.34634653e+00  1.43561951e+00
  9.28667303e-01  3.34744797e+00 -1.43686509e+00  9.25976137e-01
 -2.75739463e+00 -2.62858419e-06 -9.95332632e-04  2.74419654e+00
 -6.43280499e-06  2.50833946e-03], f(x) = -0.007925386959449115
Iteration: 498, x = [-9.44391735e-01 -1.68274275e-07 -1.83118934e-01 -3.39309184e+00
  1.23455602e-05 -1.69393646e+00  3.34634653e+00  1.43561951e+00
  9.28667303e-01  3.34744797e+00 -1.43686509e+00  9.25976137e-01
 -2.75739463e+00 -2.62858419e-06 -9.95332632e-04  2.74419654e+00
 -6.43280499e-06  2.50833946e-03], f(x) = -0.007925386959449115
Iteration: 499, x = [-9.44391735e-01 -1.68274275e-07 -1.83118934e-01 -3.39309184e+00
  1.23455602e-05 -1.69393646e+00  3.34634653e+00  1.43561951e+00
  9.28667303e-01  3.34744797e+00 -1.43686509e+00  9.25976137e-01
 -2.75739463e+00 -2.62858419e-06 -9.95332632e-04  2.74419654e+00
 -6.43280499e-06  2.50833946e-03], f(x) = -0.007925386959449115
Iteration: 500, x = [-9.44391735e-01 -1.68274275e-07 -1.83118934e-01 -3.39309184e+00
  1.23455602e-05 -1.69393646e+00  3.34634653e+00  1.43561951e+00
  9.28667303e-01  3.34744797e+00 -1.43686509e+00  9.25976137e-01
 -2.75739463e+00 -2.62858419e-06 -9.95332632e-04  2.74419654e+00
 -6.43280499e-06  2.50833946e-03], f(x) = -0.007925386959449115
Iteration: 501, x = [-9.44391735e-01 -1.68274275e-07 -1.83118934e-01 -3.39309184e+00
  1.23455602e-05 -1.69393646e+00  3.34634653e+00  1.43561951e+00
  9.28667303e-01  3.34744797e+00 -1.43686509e+00  9.25976137e-01
 -2.75739463e+00 -2.62858419e-06 -9.95332632e-04  2.74419654e+00
 -6.43280499e-06  2.50833946e-03], f(x) = -0.007925386959449115
Iteration: 502, x = [-9.44391735e-01 -1.68274275e-07 -1.83118934e-01 -3.39309184e+00
  1.23455602e-05 -1.69393646e+00  3.34634653e+00  1.43561951e+00
  9.28667303e-01  3.34744797e+00 -1.43686509e+00  9.25976137e-01
 -2.75739463e+00 -2.62858419e-06 -9.95332632e-04  2.74419654e+00
 -6.43280499e-06  2.50833946e-03], f(x) = -0.007925386959449115
Iteration: 503, x = [-9.44391735e-01 -1.68274275e-07 -1.83118934e-01 -3.39309184e+00
  1.23455602e-05 -1.69393646e+00  3.34634653e+00  1.43561951e+00
  9.28667303e-01  3.34744797e+00 -1.43686509e+00  9.25976137e-01
 -2.75739463e+00 -2.62858419e-06 -9.95332632e-04  2.74419654e+00
 -6.43280499e-06  2.50833946e-03], f(x) = -0.007925386959449115
Iteration: 504, x = [-9.44391735e-01 -1.68274275e-07 -1.83118934e-01 -3.39309184e+00
  1.23455602e-05 -1.69393646e+00  3.34634653e+00  1.43561951e+00
  9.28667303e-01  3.34744797e+00 -1.43686509e+00  9.25976137e-01
 -2.75739463e+00 -2.62858419e-06 -9.95332632e-04  2.74419654e+00
 -6.43280499e-06  2.50833946e-03], f(x) = -0.007925386959449115
Iteration: 505, x = [-9.44391735e-01 -1.68274275e-07 -1.83118934e-01 -3.39309184e+00
  1.23455602e-05 -1.69393646e+00  3.34634653e+00  1.43561951e+00
  9.28667303e-01  3.34744797e+00 -1.43686509e+00  9.25976137e-01
 -2.75739463e+00 -2.62858419e-06 -9.95332632e-04  2.74419654e+00
 -6.43280499e-06  2.50833946e-03], f(x) = -0.007925386959449115
Iteration: 506, x = [-9.44400541e-01 -1.69106233e-07 -1.83160578e-01 -3.39305874e+00
  1.23856474e-05 -1.69395008e+00  3.34627675e+00  1.43557901e+00
  9.28702783e-01  3.34735048e+00 -1.43684932e+00  9.25999540e-01
 -2.75740221e+00 -2.63024165e-06 -9.89259548e-04  2.74416895e+00
 -6.41772828e-06  2.49999093e-03], f(x) = -0.007925387234910408
Iteration: 507, x = [-9.44400541e-01 -1.69106233e-07 -1.83160578e-01 -3.39305874e+00
  1.23856474e-05 -1.69395008e+00  3.34627675e+00  1.43557901e+00
  9.28702783e-01  3.34735048e+00 -1.43684932e+00  9.25999540e-01
 -2.75740221e+00 -2.63024165e-06 -9.89259548e-04  2.74416895e+00
 -6.41772828e-06  2.49999093e-03], f(x) = -0.007925387234910408
Iteration: 508, x = [-9.44400541e-01 -1.69106233e-07 -1.83160578e-01 -3.39305874e+00
  1.23856474e-05 -1.69395008e+00  3.34627675e+00  1.43557901e+00
  9.28702783e-01  3.34735048e+00 -1.43684932e+00  9.25999540e-01
 -2.75740221e+00 -2.63024165e-06 -9.89259548e-04  2.74416895e+00
 -6.41772828e-06  2.49999093e-03], f(x) = -0.007925387234910408
Iteration: 509, x = [-9.44400541e-01 -1.69106233e-07 -1.83160578e-01 -3.39305874e+00
  1.23856474e-05 -1.69395008e+00  3.34627675e+00  1.43557901e+00
  9.28702783e-01  3.34735048e+00 -1.43684932e+00  9.25999540e-01
 -2.75740221e+00 -2.63024165e-06 -9.89259548e-04  2.74416895e+00
 -6.41772828e-06  2.49999093e-03], f(x) = -0.007925387234910408
Iteration: 510, x = [-9.44400541e-01 -1.69106233e-07 -1.83160578e-01 -3.39305874e+00
  1.23856474e-05 -1.69395008e+00  3.34627675e+00  1.43557901e+00
  9.28702783e-01  3.34735048e+00 -1.43684932e+00  9.25999540e-01
 -2.75740221e+00 -2.63024165e-06 -9.89259548e-04  2.74416895e+00
 -6.41772828e-06  2.49999093e-03], f(x) = -0.007925387234910408
Iteration: 511, x = [-9.44400541e-01 -1.69106233e-07 -1.83160578e-01 -3.39305874e+00
  1.23856474e-05 -1.69395008e+00  3.34627675e+00  1.43557901e+00
  9.28702783e-01  3.34735048e+00 -1.43684932e+00  9.25999540e-01
 -2.75740221e+00 -2.63024165e-06 -9.89259548e-04  2.74416895e+00
 -6.41772828e-06  2.49999093e-03], f(x) = -0.007925387234910408
Iteration: 512, x = [-9.44400541e-01 -1.69106233e-07 -1.83160578e-01 -3.39305874e+00
  1.23856474e-05 -1.69395008e+00  3.34627675e+00  1.43557901e+00
  9.28702783e-01  3.34735048e+00 -1.43684932e+00  9.25999540e-01
 -2.75740221e+00 -2.63024165e-06 -9.89259548e-04  2.74416895e+00
 -6.41772828e-06  2.49999093e-03], f(x) = -0.007925387234910408
Iteration: 513, x = [-9.44400541e-01 -1.69106233e-07 -1.83160578e-01 -3.39305874e+00
  1.23856474e-05 -1.69395008e+00  3.34627675e+00  1.43557901e+00
  9.28702783e-01  3.34735048e+00 -1.43684932e+00  9.25999540e-01
 -2.75740221e+00 -2.63024165e-06 -9.89259548e-04  2.74416895e+00
 -6.41772828e-06  2.49999093e-03], f(x) = -0.007925387234910408
Iteration: 514, x = [-9.44400541e-01 -1.69106233e-07 -1.83160578e-01 -3.39305874e+00
  1.23856474e-05 -1.69395008e+00  3.34627675e+00  1.43557901e+00
  9.28702783e-01  3.34735048e+00 -1.43684932e+00  9.25999540e-01
 -2.75740221e+00 -2.63024165e-06 -9.89259548e-04  2.74416895e+00
 -6.41772828e-06  2.49999093e-03], f(x) = -0.007925387234910408
Iteration: 515, x = [-9.44400541e-01 -1.69106233e-07 -1.83160578e-01 -3.39305874e+00
  1.23856474e-05 -1.69395008e+00  3.34627675e+00  1.43557901e+00
  9.28702783e-01  3.34735048e+00 -1.43684932e+00  9.25999540e-01
 -2.75740221e+00 -2.63024165e-06 -9.89259548e-04  2.74416895e+00
 -6.41772828e-06  2.49999093e-03], f(x) = -0.007925387234910408
Iteration: 516, x = [-9.44400541e-01 -1.69106233e-07 -1.83160578e-01 -3.39305874e+00
  1.23856474e-05 -1.69395008e+00  3.34627675e+00  1.43557901e+00
  9.28702783e-01  3.34735048e+00 -1.43684932e+00  9.25999540e-01
 -2.75740221e+00 -2.63024165e-06 -9.89259548e-04  2.74416895e+00
 -6.41772828e-06  2.49999093e-03], f(x) = -0.007925387234910408
Iteration: 517, x = [-9.44400541e-01 -1.69106233e-07 -1.83160578e-01 -3.39305874e+00
  1.23856474e-05 -1.69395008e+00  3.34627675e+00  1.43557901e+00
  9.28702783e-01  3.34735048e+00 -1.43684932e+00  9.25999540e-01
 -2.75740221e+00 -2.63024165e-06 -9.89259548e-04  2.74416895e+00
 -6.41772828e-06  2.49999093e-03], f(x) = -0.007925387234910408
Iteration: 518, x = [-9.44400541e-01 -1.69106233e-07 -1.83160578e-01 -3.39305874e+00
  1.23856474e-05 -1.69395008e+00  3.34627675e+00  1.43557901e+00
  9.28702783e-01  3.34735048e+00 -1.43684932e+00  9.25999540e-01
 -2.75740221e+00 -2.63024165e-06 -9.89259548e-04  2.74416895e+00
 -6.41772828e-06  2.49999093e-03], f(x) = -0.007925387234910408
Iteration: 519, x = [-9.44397453e-01 -1.69286275e-07 -1.83120420e-01 -3.39299126e+00
  1.23752114e-05 -1.69393742e+00  3.34616170e+00  1.43560837e+00
  9.28719234e-01  3.34723191e+00 -1.43688853e+00  9.26009328e-01
 -2.75739339e+00 -2.63761572e-06 -9.73082126e-04  2.74411273e+00
 -6.43517757e-06  2.50459865e-03], f(x) = -0.007925387238146037
Iteration: 520, x = [-9.44401836e-01 -1.69361783e-07 -1.83092954e-01 -3.39301003e+00
  1.22865855e-05 -1.69392425e+00  3.34620197e+00  1.43558306e+00
  9.28696901e-01  3.34725403e+00 -1.43691029e+00  9.25950184e-01
 -2.75742163e+00 -2.63864318e-06 -9.64860824e-04  2.74404750e+00
 -6.44663815e-06  2.52250636e-03], f(x) = -0.007925387302427506
Iteration: 521, x = [-9.44431703e-01 -1.69664431e-07 -1.82985562e-01 -3.39298159e+00
  1.23788959e-05 -1.69398825e+00  3.34627883e+00  1.43557714e+00
  9.28707432e-01  3.34737458e+00 -1.43688677e+00  9.25947810e-01
 -2.75746619e+00 -2.64011465e-06 -9.74545293e-04  2.74415917e+00
 -6.43504591e-06  2.50438138e-03], f(x) = -0.007925387402724153
Iteration: 522, x = [-9.44431703e-01 -1.69664431e-07 -1.82985562e-01 -3.39298159e+00
  1.23788959e-05 -1.69398825e+00  3.34627883e+00  1.43557714e+00
  9.28707432e-01  3.34737458e+00 -1.43688677e+00  9.25947810e-01
 -2.75746619e+00 -2.64011465e-06 -9.74545293e-04  2.74415917e+00
 -6.43504591e-06  2.50438138e-03], f(x) = -0.007925387402724153
Iteration: 523, x = [-9.44431703e-01 -1.69664431e-07 -1.82985562e-01 -3.39298159e+00
  1.23788959e-05 -1.69398825e+00  3.34627883e+00  1.43557714e+00
  9.28707432e-01  3.34737458e+00 -1.43688677e+00  9.25947810e-01
 -2.75746619e+00 -2.64011465e-06 -9.74545293e-04  2.74415917e+00
 -6.43504591e-06  2.50438138e-03], f(x) = -0.007925387402724153
Iteration: 524, x = [-9.44427908e-01 -1.69358314e-07 -1.83051443e-01 -3.39306008e+00
  1.23271329e-05 -1.69394326e+00  3.34630852e+00  1.43557957e+00
  9.28621235e-01  3.34740684e+00 -1.43687921e+00  9.25920837e-01
 -2.75744412e+00 -2.63065959e-06 -9.81261398e-04  2.74411481e+00
 -6.42832878e-06  2.51262773e-03], f(x) = -0.007925387540354125
Iteration: 525, x = [-9.44427908e-01 -1.69358314e-07 -1.83051443e-01 -3.39306008e+00
  1.23271329e-05 -1.69394326e+00  3.34630852e+00  1.43557957e+00
  9.28621235e-01  3.34740684e+00 -1.43687921e+00  9.25920837e-01
 -2.75744412e+00 -2.63065959e-06 -9.81261398e-04  2.74411481e+00
 -6.42832878e-06  2.51262773e-03], f(x) = -0.007925387540354125
Iteration: 526, x = [-9.44427908e-01 -1.69358314e-07 -1.83051443e-01 -3.39306008e+00
  1.23271329e-05 -1.69394326e+00  3.34630852e+00  1.43557957e+00
  9.28621235e-01  3.34740684e+00 -1.43687921e+00  9.25920837e-01
 -2.75744412e+00 -2.63065959e-06 -9.81261398e-04  2.74411481e+00
 -6.42832878e-06  2.51262773e-03], f(x) = -0.007925387540354125
Iteration: 527, x = [-9.44427908e-01 -1.69358314e-07 -1.83051443e-01 -3.39306008e+00
  1.23271329e-05 -1.69394326e+00  3.34630852e+00  1.43557957e+00
  9.28621235e-01  3.34740684e+00 -1.43687921e+00  9.25920837e-01
 -2.75744412e+00 -2.63065959e-06 -9.81261398e-04  2.74411481e+00
 -6.42832878e-06  2.51262773e-03], f(x) = -0.007925387540354125
Iteration: 528, x = [-9.44427908e-01 -1.69358314e-07 -1.83051443e-01 -3.39306008e+00
  1.23271329e-05 -1.69394326e+00  3.34630852e+00  1.43557957e+00
  9.28621235e-01  3.34740684e+00 -1.43687921e+00  9.25920837e-01
 -2.75744412e+00 -2.63065959e-06 -9.81261398e-04  2.74411481e+00
 -6.42832878e-06  2.51262773e-03], f(x) = -0.007925387540354125
Iteration: 529, x = [-9.44427908e-01 -1.69358314e-07 -1.83051443e-01 -3.39306008e+00
  1.23271329e-05 -1.69394326e+00  3.34630852e+00  1.43557957e+00
  9.28621235e-01  3.34740684e+00 -1.43687921e+00  9.25920837e-01
 -2.75744412e+00 -2.63065959e-06 -9.81261398e-04  2.74411481e+00
 -6.42832878e-06  2.51262773e-03], f(x) = -0.007925387540354125
Iteration: 530, x = [-9.44427908e-01 -1.69358314e-07 -1.83051443e-01 -3.39306008e+00
  1.23271329e-05 -1.69394326e+00  3.34630852e+00  1.43557957e+00
  9.28621235e-01  3.34740684e+00 -1.43687921e+00  9.25920837e-01
 -2.75744412e+00 -2.63065959e-06 -9.81261398e-04  2.74411481e+00
 -6.42832878e-06  2.51262773e-03], f(x) = -0.007925387540354125
Iteration: 531, x = [-9.44427908e-01 -1.69358314e-07 -1.83051443e-01 -3.39306008e+00
  1.23271329e-05 -1.69394326e+00  3.34630852e+00  1.43557957e+00
  9.28621235e-01  3.34740684e+00 -1.43687921e+00  9.25920837e-01
 -2.75744412e+00 -2.63065959e-06 -9.81261398e-04  2.74411481e+00
 -6.42832878e-06  2.51262773e-03], f(x) = -0.007925387540354125
Iteration: 532, x = [-9.44427908e-01 -1.69358314e-07 -1.83051443e-01 -3.39306008e+00
  1.23271329e-05 -1.69394326e+00  3.34630852e+00  1.43557957e+00
  9.28621235e-01  3.34740684e+00 -1.43687921e+00  9.25920837e-01
 -2.75744412e+00 -2.63065959e-06 -9.81261398e-04  2.74411481e+00
 -6.42832878e-06  2.51262773e-03], f(x) = -0.007925387540354125
Iteration: 533, x = [-9.44427908e-01 -1.69358314e-07 -1.83051443e-01 -3.39306008e+00
  1.23271329e-05 -1.69394326e+00  3.34630852e+00  1.43557957e+00
  9.28621235e-01  3.34740684e+00 -1.43687921e+00  9.25920837e-01
 -2.75744412e+00 -2.63065959e-06 -9.81261398e-04  2.74411481e+00
 -6.42832878e-06  2.51262773e-03], f(x) = -0.007925387540354125
Iteration: 534, x = [-9.44427908e-01 -1.69358314e-07 -1.83051443e-01 -3.39306008e+00
  1.23271329e-05 -1.69394326e+00  3.34630852e+00  1.43557957e+00
  9.28621235e-01  3.34740684e+00 -1.43687921e+00  9.25920837e-01
 -2.75744412e+00 -2.63065959e-06 -9.81261398e-04  2.74411481e+00
 -6.42832878e-06  2.51262773e-03], f(x) = -0.007925387540354125
Iteration: 535, x = [-9.44427908e-01 -1.69358314e-07 -1.83051443e-01 -3.39306008e+00
  1.23271329e-05 -1.69394326e+00  3.34630852e+00  1.43557957e+00
  9.28621235e-01  3.34740684e+00 -1.43687921e+00  9.25920837e-01
 -2.75744412e+00 -2.63065959e-06 -9.81261398e-04  2.74411481e+00
 -6.42832878e-06  2.51262773e-03], f(x) = -0.007925387540354125
Iteration: 536, x = [-9.44427908e-01 -1.69358314e-07 -1.83051443e-01 -3.39306008e+00
  1.23271329e-05 -1.69394326e+00  3.34630852e+00  1.43557957e+00
  9.28621235e-01  3.34740684e+00 -1.43687921e+00  9.25920837e-01
 -2.75744412e+00 -2.63065959e-06 -9.81261398e-04  2.74411481e+00
 -6.42832878e-06  2.51262773e-03], f(x) = -0.007925387540354125
Iteration: 537, x = [-9.44427908e-01 -1.69358314e-07 -1.83051443e-01 -3.39306008e+00
  1.23271329e-05 -1.69394326e+00  3.34630852e+00  1.43557957e+00
  9.28621235e-01  3.34740684e+00 -1.43687921e+00  9.25920837e-01
 -2.75744412e+00 -2.63065959e-06 -9.81261398e-04  2.74411481e+00
 -6.42832878e-06  2.51262773e-03], f(x) = -0.007925387540354125
Iteration: 538, x = [-9.44427908e-01 -1.69358314e-07 -1.83051443e-01 -3.39306008e+00
  1.23271329e-05 -1.69394326e+00  3.34630852e+00  1.43557957e+00
  9.28621235e-01  3.34740684e+00 -1.43687921e+00  9.25920837e-01
 -2.75744412e+00 -2.63065959e-06 -9.81261398e-04  2.74411481e+00
 -6.42832878e-06  2.51262773e-03], f(x) = -0.007925387540354125
Iteration: 539, x = [-9.44434222e-01 -1.69730584e-07 -1.82951416e-01 -3.39298428e+00
  1.23170960e-05 -1.69398389e+00  3.34642763e+00  1.43556582e+00
  9.28662922e-01  3.34746304e+00 -1.43688921e+00  9.25922790e-01
 -2.75746877e+00 -2.63900666e-06 -9.74173944e-04  2.74420871e+00
 -6.42140862e-06  2.51543915e-03], f(x) = -0.007925387548422485
Iteration: 540, x = [-9.44457246e-01 -1.69962984e-07 -1.83043748e-01 -3.39299914e+00
  1.22767452e-05 -1.69398940e+00  3.34647834e+00  1.43555171e+00
  9.28571808e-01  3.34747650e+00 -1.43692052e+00  9.25847695e-01
 -2.75749083e+00 -2.63311820e-06 -9.76968640e-04  2.74412802e+00
 -6.41548257e-06  2.51997714e-03], f(x) = -0.007925387820838393
Iteration: 541, x = [-9.44457246e-01 -1.69962984e-07 -1.83043748e-01 -3.39299914e+00
  1.22767452e-05 -1.69398940e+00  3.34647834e+00  1.43555171e+00
  9.28571808e-01  3.34747650e+00 -1.43692052e+00  9.25847695e-01
 -2.75749083e+00 -2.63311820e-06 -9.76968640e-04  2.74412802e+00
 -6.41548257e-06  2.51997714e-03], f(x) = -0.007925387820838393
Iteration: 542, x = [-9.44457246e-01 -1.69962984e-07 -1.83043748e-01 -3.39299914e+00
  1.22767452e-05 -1.69398940e+00  3.34647834e+00  1.43555171e+00
  9.28571808e-01  3.34747650e+00 -1.43692052e+00  9.25847695e-01
 -2.75749083e+00 -2.63311820e-06 -9.76968640e-04  2.74412802e+00
 -6.41548257e-06  2.51997714e-03], f(x) = -0.007925387820838393
Iteration: 543, x = [-9.44457246e-01 -1.69962984e-07 -1.83043748e-01 -3.39299914e+00
  1.22767452e-05 -1.69398940e+00  3.34647834e+00  1.43555171e+00
  9.28571808e-01  3.34747650e+00 -1.43692052e+00  9.25847695e-01
 -2.75749083e+00 -2.63311820e-06 -9.76968640e-04  2.74412802e+00
 -6.41548257e-06  2.51997714e-03], f(x) = -0.007925387820838393
Iteration: 544, x = [-9.44457246e-01 -1.69962984e-07 -1.83043748e-01 -3.39299914e+00
  1.22767452e-05 -1.69398940e+00  3.34647834e+00  1.43555171e+00
  9.28571808e-01  3.34747650e+00 -1.43692052e+00  9.25847695e-01
 -2.75749083e+00 -2.63311820e-06 -9.76968640e-04  2.74412802e+00
 -6.41548257e-06  2.51997714e-03], f(x) = -0.007925387820838393
Iteration: 545, x = [-9.44457246e-01 -1.69962984e-07 -1.83043748e-01 -3.39299914e+00
  1.22767452e-05 -1.69398940e+00  3.34647834e+00  1.43555171e+00
  9.28571808e-01  3.34747650e+00 -1.43692052e+00  9.25847695e-01
 -2.75749083e+00 -2.63311820e-06 -9.76968640e-04  2.74412802e+00
 -6.41548257e-06  2.51997714e-03], f(x) = -0.007925387820838393
Iteration: 546, x = [-9.44457246e-01 -1.69962984e-07 -1.83043748e-01 -3.39299914e+00
  1.22767452e-05 -1.69398940e+00  3.34647834e+00  1.43555171e+00
  9.28571808e-01  3.34747650e+00 -1.43692052e+00  9.25847695e-01
 -2.75749083e+00 -2.63311820e-06 -9.76968640e-04  2.74412802e+00
 -6.41548257e-06  2.51997714e-03], f(x) = -0.007925387820838393
Iteration: 547, x = [-9.44457246e-01 -1.69962984e-07 -1.83043748e-01 -3.39299914e+00
  1.22767452e-05 -1.69398940e+00  3.34647834e+00  1.43555171e+00
  9.28571808e-01  3.34747650e+00 -1.43692052e+00  9.25847695e-01
 -2.75749083e+00 -2.63311820e-06 -9.76968640e-04  2.74412802e+00
 -6.41548257e-06  2.51997714e-03], f(x) = -0.007925387820838393
Iteration: 548, x = [-9.44457246e-01 -1.69962984e-07 -1.83043748e-01 -3.39299914e+00
  1.22767452e-05 -1.69398940e+00  3.34647834e+00  1.43555171e+00
  9.28571808e-01  3.34747650e+00 -1.43692052e+00  9.25847695e-01
 -2.75749083e+00 -2.63311820e-06 -9.76968640e-04  2.74412802e+00
 -6.41548257e-06  2.51997714e-03], f(x) = -0.007925387820838393
Iteration: 549, x = [-9.44457246e-01 -1.69962984e-07 -1.83043748e-01 -3.39299914e+00
  1.22767452e-05 -1.69398940e+00  3.34647834e+00  1.43555171e+00
  9.28571808e-01  3.34747650e+00 -1.43692052e+00  9.25847695e-01
 -2.75749083e+00 -2.63311820e-06 -9.76968640e-04  2.74412802e+00
 -6.41548257e-06  2.51997714e-03], f(x) = -0.007925387820838393
Iteration: 550, x = [-9.44457246e-01 -1.69962984e-07 -1.83043748e-01 -3.39299914e+00
  1.22767452e-05 -1.69398940e+00  3.34647834e+00  1.43555171e+00
  9.28571808e-01  3.34747650e+00 -1.43692052e+00  9.25847695e-01
 -2.75749083e+00 -2.63311820e-06 -9.76968640e-04  2.74412802e+00
 -6.41548257e-06  2.51997714e-03], f(x) = -0.007925387820838393
Iteration: 551, x = [-9.44457246e-01 -1.69962984e-07 -1.83043748e-01 -3.39299914e+00
  1.22767452e-05 -1.69398940e+00  3.34647834e+00  1.43555171e+00
  9.28571808e-01  3.34747650e+00 -1.43692052e+00  9.25847695e-01
 -2.75749083e+00 -2.63311820e-06 -9.76968640e-04  2.74412802e+00
 -6.41548257e-06  2.51997714e-03], f(x) = -0.007925387820838393
Iteration: 552, x = [-9.44454832e-01 -1.69584594e-07 -1.82992200e-01 -3.39301361e+00
  1.22754959e-05 -1.69398149e+00  3.34654210e+00  1.43557841e+00
  9.28573780e-01  3.34755700e+00 -1.43691164e+00  9.25839725e-01
 -2.75748514e+00 -2.63743936e-06 -9.81256665e-04  2.74419190e+00
 -6.42763318e-06  2.51949468e-03], f(x) = -0.007925387839679996
Iteration: 553, x = [-9.44454832e-01 -1.69584594e-07 -1.82992200e-01 -3.39301361e+00
  1.22754959e-05 -1.69398149e+00  3.34654210e+00  1.43557841e+00
  9.28573780e-01  3.34755700e+00 -1.43691164e+00  9.25839725e-01
 -2.75748514e+00 -2.63743936e-06 -9.81256665e-04  2.74419190e+00
 -6.42763318e-06  2.51949468e-03], f(x) = -0.007925387839679996
Iteration: 554, x = [-9.44471407e-01 -1.70202158e-07 -1.82927290e-01 -3.39296933e+00
  1.22710285e-05 -1.69397842e+00  3.34637861e+00  1.43556469e+00
  9.28589327e-01  3.34748510e+00 -1.43690792e+00  9.25833594e-01
 -2.75750165e+00 -2.63671639e-06 -9.69949242e-04  2.74408369e+00
 -6.43973458e-06  2.51903486e-03], f(x) = -0.00792538795568965
Iteration: 555, x = [-9.44471407e-01 -1.70202158e-07 -1.82927290e-01 -3.39296933e+00
  1.22710285e-05 -1.69397842e+00  3.34637861e+00  1.43556469e+00
  9.28589327e-01  3.34748510e+00 -1.43690792e+00  9.25833594e-01
 -2.75750165e+00 -2.63671639e-06 -9.69949242e-04  2.74408369e+00
 -6.43973458e-06  2.51903486e-03], f(x) = -0.00792538795568965
Iteration: 556, x = [-9.44471407e-01 -1.70202158e-07 -1.82927290e-01 -3.39296933e+00
  1.22710285e-05 -1.69397842e+00  3.34637861e+00  1.43556469e+00
  9.28589327e-01  3.34748510e+00 -1.43690792e+00  9.25833594e-01
 -2.75750165e+00 -2.63671639e-06 -9.69949242e-04  2.74408369e+00
 -6.43973458e-06  2.51903486e-03], f(x) = -0.00792538795568965
Iteration: 557, x = [-9.44471407e-01 -1.70202158e-07 -1.82927290e-01 -3.39296933e+00
  1.22710285e-05 -1.69397842e+00  3.34637861e+00  1.43556469e+00
  9.28589327e-01  3.34748510e+00 -1.43690792e+00  9.25833594e-01
 -2.75750165e+00 -2.63671639e-06 -9.69949242e-04  2.74408369e+00
 -6.43973458e-06  2.51903486e-03], f(x) = -0.00792538795568965
Iteration: 558, x = [-9.44471407e-01 -1.70202158e-07 -1.82927290e-01 -3.39296933e+00
  1.22710285e-05 -1.69397842e+00  3.34637861e+00  1.43556469e+00
  9.28589327e-01  3.34748510e+00 -1.43690792e+00  9.25833594e-01
 -2.75750165e+00 -2.63671639e-06 -9.69949242e-04  2.74408369e+00
 -6.43973458e-06  2.51903486e-03], f(x) = -0.00792538795568965
Iteration: 559, x = [-9.44471407e-01 -1.70202158e-07 -1.82927290e-01 -3.39296933e+00
  1.22710285e-05 -1.69397842e+00  3.34637861e+00  1.43556469e+00
  9.28589327e-01  3.34748510e+00 -1.43690792e+00  9.25833594e-01
 -2.75750165e+00 -2.63671639e-06 -9.69949242e-04  2.74408369e+00
 -6.43973458e-06  2.51903486e-03], f(x) = -0.00792538795568965
Iteration: 560, x = [-9.44471407e-01 -1.70202158e-07 -1.82927290e-01 -3.39296933e+00
  1.22710285e-05 -1.69397842e+00  3.34637861e+00  1.43556469e+00
  9.28589327e-01  3.34748510e+00 -1.43690792e+00  9.25833594e-01
 -2.75750165e+00 -2.63671639e-06 -9.69949242e-04  2.74408369e+00
 -6.43973458e-06  2.51903486e-03], f(x) = -0.00792538795568965
Iteration: 561, x = [-9.44471407e-01 -1.70202158e-07 -1.82927290e-01 -3.39296933e+00
  1.22710285e-05 -1.69397842e+00  3.34637861e+00  1.43556469e+00
  9.28589327e-01  3.34748510e+00 -1.43690792e+00  9.25833594e-01
 -2.75750165e+00 -2.63671639e-06 -9.69949242e-04  2.74408369e+00
 -6.43973458e-06  2.51903486e-03], f(x) = -0.00792538795568965
Iteration: 562, x = [-9.44468247e-01 -1.70373519e-07 -1.82965557e-01 -3.39293746e+00
  1.22478853e-05 -1.69400017e+00  3.34649056e+00  1.43555085e+00
  9.28601008e-01  3.34747748e+00 -1.43692869e+00  9.25843169e-01
 -2.75750476e+00 -2.64482114e-06 -9.69988717e-04  2.74413621e+00
 -6.43247371e-06  2.52105891e-03], f(x) = -0.007925387982963291
Iteration: 563, x = [-9.44468247e-01 -1.70373519e-07 -1.82965557e-01 -3.39293746e+00
  1.22478853e-05 -1.69400017e+00  3.34649056e+00  1.43555085e+00
  9.28601008e-01  3.34747748e+00 -1.43692869e+00  9.25843169e-01
 -2.75750476e+00 -2.64482114e-06 -9.69988717e-04  2.74413621e+00
 -6.43247371e-06  2.52105891e-03], f(x) = -0.007925387982963291
Iteration: 564, x = [-9.44478196e-01 -1.70164178e-07 -1.82966490e-01 -3.39296343e+00
  1.22662466e-05 -1.69400592e+00  3.34652116e+00  1.43555318e+00
  9.28564431e-01  3.34752255e+00 -1.43693062e+00  9.25839228e-01
 -2.75750742e+00 -2.64084612e-06 -9.74398006e-04  2.74416621e+00
 -6.42132811e-06  2.52139695e-03], f(x) = -0.00792538803407976
Iteration: 565, x = [-9.44478196e-01 -1.70164178e-07 -1.82966490e-01 -3.39296343e+00
  1.22662466e-05 -1.69400592e+00  3.34652116e+00  1.43555318e+00
  9.28564431e-01  3.34752255e+00 -1.43693062e+00  9.25839228e-01
 -2.75750742e+00 -2.64084612e-06 -9.74398006e-04  2.74416621e+00
 -6.42132811e-06  2.52139695e-03], f(x) = -0.00792538803407976
Iteration: 566, x = [-9.44478196e-01 -1.70164178e-07 -1.82966490e-01 -3.39296343e+00
  1.22662466e-05 -1.69400592e+00  3.34652116e+00  1.43555318e+00
  9.28564431e-01  3.34752255e+00 -1.43693062e+00  9.25839228e-01
 -2.75750742e+00 -2.64084612e-06 -9.74398006e-04  2.74416621e+00
 -6.42132811e-06  2.52139695e-03], f(x) = -0.00792538803407976
Iteration: 567, x = [-9.44478196e-01 -1.70164178e-07 -1.82966490e-01 -3.39296343e+00
  1.22662466e-05 -1.69400592e+00  3.34652116e+00  1.43555318e+00
  9.28564431e-01  3.34752255e+00 -1.43693062e+00  9.25839228e-01
 -2.75750742e+00 -2.64084612e-06 -9.74398006e-04  2.74416621e+00
 -6.42132811e-06  2.52139695e-03], f(x) = -0.00792538803407976
Iteration: 568, x = [-9.44472642e-01 -1.70095631e-07 -1.83007463e-01 -3.39293789e+00
  1.22893007e-05 -1.69400542e+00  3.34641203e+00  1.43555620e+00
  9.28583826e-01  3.34742014e+00 -1.43690654e+00  9.25865908e-01
 -2.75749295e+00 -2.63563120e-06 -9.79905459e-04  2.74406850e+00
 -6.41888073e-06  2.51493256e-03], f(x) = -0.007925388078528741
Iteration: 569, x = [-9.44472642e-01 -1.70095631e-07 -1.83007463e-01 -3.39293789e+00
  1.22893007e-05 -1.69400542e+00  3.34641203e+00  1.43555620e+00
  9.28583826e-01  3.34742014e+00 -1.43690654e+00  9.25865908e-01
 -2.75749295e+00 -2.63563120e-06 -9.79905459e-04  2.74406850e+00
 -6.41888073e-06  2.51493256e-03], f(x) = -0.007925388078528741
Iteration: 570, x = [-9.44552892e-01 -1.71095596e-07 -1.82832828e-01 -3.39287632e+00
  1.23582689e-05 -1.69407603e+00  3.34653934e+00  1.43557640e+00
  9.28500499e-01  3.34760285e+00 -1.43691074e+00  9.25735723e-01
 -2.75760399e+00 -2.63612412e-06 -9.74471336e-04  2.74412607e+00
 -6.40522773e-06  2.50205990e-03], f(x) = -0.007925388199388156
Iteration: 571, x = [-9.44552892e-01 -1.71095596e-07 -1.82832828e-01 -3.39287632e+00
  1.23582689e-05 -1.69407603e+00  3.34653934e+00  1.43557640e+00
  9.28500499e-01  3.34760285e+00 -1.43691074e+00  9.25735723e-01
 -2.75760399e+00 -2.63612412e-06 -9.74471336e-04  2.74412607e+00
 -6.40522773e-06  2.50205990e-03], f(x) = -0.007925388199388156
Iteration: 572, x = [-9.44552892e-01 -1.71095596e-07 -1.82832828e-01 -3.39287632e+00
  1.23582689e-05 -1.69407603e+00  3.34653934e+00  1.43557640e+00
  9.28500499e-01  3.34760285e+00 -1.43691074e+00  9.25735723e-01
 -2.75760399e+00 -2.63612412e-06 -9.74471336e-04  2.74412607e+00
 -6.40522773e-06  2.50205990e-03], f(x) = -0.007925388199388156
Iteration: 573, x = [-9.44552892e-01 -1.71095596e-07 -1.82832828e-01 -3.39287632e+00
  1.23582689e-05 -1.69407603e+00  3.34653934e+00  1.43557640e+00
  9.28500499e-01  3.34760285e+00 -1.43691074e+00  9.25735723e-01
 -2.75760399e+00 -2.63612412e-06 -9.74471336e-04  2.74412607e+00
 -6.40522773e-06  2.50205990e-03], f(x) = -0.007925388199388156
Iteration: 574, x = [-9.44552892e-01 -1.71095596e-07 -1.82832828e-01 -3.39287632e+00
  1.23582689e-05 -1.69407603e+00  3.34653934e+00  1.43557640e+00
  9.28500499e-01  3.34760285e+00 -1.43691074e+00  9.25735723e-01
 -2.75760399e+00 -2.63612412e-06 -9.74471336e-04  2.74412607e+00
 -6.40522773e-06  2.50205990e-03], f(x) = -0.007925388199388156
Iteration: 575, x = [-9.44552892e-01 -1.71095596e-07 -1.82832828e-01 -3.39287632e+00
  1.23582689e-05 -1.69407603e+00  3.34653934e+00  1.43557640e+00
  9.28500499e-01  3.34760285e+00 -1.43691074e+00  9.25735723e-01
 -2.75760399e+00 -2.63612412e-06 -9.74471336e-04  2.74412607e+00
 -6.40522773e-06  2.50205990e-03], f(x) = -0.007925388199388156
Iteration: 576, x = [-9.44552892e-01 -1.71095596e-07 -1.82832828e-01 -3.39287632e+00
  1.23582689e-05 -1.69407603e+00  3.34653934e+00  1.43557640e+00
  9.28500499e-01  3.34760285e+00 -1.43691074e+00  9.25735723e-01
 -2.75760399e+00 -2.63612412e-06 -9.74471336e-04  2.74412607e+00
 -6.40522773e-06  2.50205990e-03], f(x) = -0.007925388199388156
Iteration: 577, x = [-9.44552892e-01 -1.71095596e-07 -1.82832828e-01 -3.39287632e+00
  1.23582689e-05 -1.69407603e+00  3.34653934e+00  1.43557640e+00
  9.28500499e-01  3.34760285e+00 -1.43691074e+00  9.25735723e-01
 -2.75760399e+00 -2.63612412e-06 -9.74471336e-04  2.74412607e+00
 -6.40522773e-06  2.50205990e-03], f(x) = -0.007925388199388156
Iteration: 578, x = [-9.44552892e-01 -1.71095596e-07 -1.82832828e-01 -3.39287632e+00
  1.23582689e-05 -1.69407603e+00  3.34653934e+00  1.43557640e+00
  9.28500499e-01  3.34760285e+00 -1.43691074e+00  9.25735723e-01
 -2.75760399e+00 -2.63612412e-06 -9.74471336e-04  2.74412607e+00
 -6.40522773e-06  2.50205990e-03], f(x) = -0.007925388199388156
Iteration: 579, x = [-9.44518119e-01 -1.70927376e-07 -1.82772569e-01 -3.39288911e+00
  1.22586035e-05 -1.69403358e+00  3.34647613e+00  1.43557561e+00
  9.28549088e-01  3.34754122e+00 -1.43690856e+00  9.25776915e-01
 -2.75755372e+00 -2.64893625e-06 -9.70724731e-04  2.74407521e+00
 -6.42433364e-06  2.51930279e-03], f(x) = -0.007925388335306404
Iteration: 580, x = [-9.44518119e-01 -1.70927376e-07 -1.82772569e-01 -3.39288911e+00
  1.22586035e-05 -1.69403358e+00  3.34647613e+00  1.43557561e+00
  9.28549088e-01  3.34754122e+00 -1.43690856e+00  9.25776915e-01
 -2.75755372e+00 -2.64893625e-06 -9.70724731e-04  2.74407521e+00
 -6.42433364e-06  2.51930279e-03], f(x) = -0.007925388335306404
Iteration: 581, x = [-9.44518119e-01 -1.70927376e-07 -1.82772569e-01 -3.39288911e+00
  1.22586035e-05 -1.69403358e+00  3.34647613e+00  1.43557561e+00
  9.28549088e-01  3.34754122e+00 -1.43690856e+00  9.25776915e-01
 -2.75755372e+00 -2.64893625e-06 -9.70724731e-04  2.74407521e+00
 -6.42433364e-06  2.51930279e-03], f(x) = -0.007925388335306404
Iteration: 582, x = [-9.44518119e-01 -1.70927376e-07 -1.82772569e-01 -3.39288911e+00
  1.22586035e-05 -1.69403358e+00  3.34647613e+00  1.43557561e+00
  9.28549088e-01  3.34754122e+00 -1.43690856e+00  9.25776915e-01
 -2.75755372e+00 -2.64893625e-06 -9.70724731e-04  2.74407521e+00
 -6.42433364e-06  2.51930279e-03], f(x) = -0.007925388335306404
Iteration: 583, x = [-9.44518119e-01 -1.70927376e-07 -1.82772569e-01 -3.39288911e+00
  1.22586035e-05 -1.69403358e+00  3.34647613e+00  1.43557561e+00
  9.28549088e-01  3.34754122e+00 -1.43690856e+00  9.25776915e-01
 -2.75755372e+00 -2.64893625e-06 -9.70724731e-04  2.74407521e+00
 -6.42433364e-06  2.51930279e-03], f(x) = -0.007925388335306404
Iteration: 584, x = [-9.44518119e-01 -1.70927376e-07 -1.82772569e-01 -3.39288911e+00
  1.22586035e-05 -1.69403358e+00  3.34647613e+00  1.43557561e+00
  9.28549088e-01  3.34754122e+00 -1.43690856e+00  9.25776915e-01
 -2.75755372e+00 -2.64893625e-06 -9.70724731e-04  2.74407521e+00
 -6.42433364e-06  2.51930279e-03], f(x) = -0.007925388335306404
Iteration: 585, x = [-9.44518119e-01 -1.70927376e-07 -1.82772569e-01 -3.39288911e+00
  1.22586035e-05 -1.69403358e+00  3.34647613e+00  1.43557561e+00
  9.28549088e-01  3.34754122e+00 -1.43690856e+00  9.25776915e-01
 -2.75755372e+00 -2.64893625e-06 -9.70724731e-04  2.74407521e+00
 -6.42433364e-06  2.51930279e-03], f(x) = -0.007925388335306404
Iteration: 586, x = [-9.44520300e-01 -1.70835927e-07 -1.82875503e-01 -3.39288762e+00
  1.23235332e-05 -1.69405459e+00  3.34652142e+00  1.43555703e+00
  9.28547722e-01  3.34753099e+00 -1.43693361e+00  9.25788144e-01
 -2.75754661e+00 -2.63560965e-06 -9.76505186e-04  2.74413308e+00
 -6.38453984e-06  2.51387823e-03], f(x) = -0.007925388399484994
Iteration: 587, x = [-9.44520300e-01 -1.70835927e-07 -1.82875503e-01 -3.39288762e+00
  1.23235332e-05 -1.69405459e+00  3.34652142e+00  1.43555703e+00
  9.28547722e-01  3.34753099e+00 -1.43693361e+00  9.25788144e-01
 -2.75754661e+00 -2.63560965e-06 -9.76505186e-04  2.74413308e+00
 -6.38453984e-06  2.51387823e-03], f(x) = -0.007925388399484994
Iteration: 588, x = [-9.44520300e-01 -1.70835927e-07 -1.82875503e-01 -3.39288762e+00
  1.23235332e-05 -1.69405459e+00  3.34652142e+00  1.43555703e+00
  9.28547722e-01  3.34753099e+00 -1.43693361e+00  9.25788144e-01
 -2.75754661e+00 -2.63560965e-06 -9.76505186e-04  2.74413308e+00
 -6.38453984e-06  2.51387823e-03], f(x) = -0.007925388399484994
Iteration: 589, x = [-9.44520300e-01 -1.70835927e-07 -1.82875503e-01 -3.39288762e+00
  1.23235332e-05 -1.69405459e+00  3.34652142e+00  1.43555703e+00
  9.28547722e-01  3.34753099e+00 -1.43693361e+00  9.25788144e-01
 -2.75754661e+00 -2.63560965e-06 -9.76505186e-04  2.74413308e+00
 -6.38453984e-06  2.51387823e-03], f(x) = -0.007925388399484994
Iteration: 590, x = [-9.44593981e-01 -1.71497294e-07 -1.82750316e-01 -3.39291045e+00
  1.23017679e-05 -1.69409175e+00  3.34669461e+00  1.43556061e+00
  9.28361367e-01  3.34770890e+00 -1.43694380e+00  9.25616573e-01
 -2.75763728e+00 -2.62985007e-06 -9.78108374e-04  2.74406490e+00
 -6.36576376e-06  2.51993916e-03], f(x) = -0.007925388686874573
Iteration: 591, x = [-9.44593981e-01 -1.71497294e-07 -1.82750316e-01 -3.39291045e+00
  1.23017679e-05 -1.69409175e+00  3.34669461e+00  1.43556061e+00
  9.28361367e-01  3.34770890e+00 -1.43694380e+00  9.25616573e-01
 -2.75763728e+00 -2.62985007e-06 -9.78108374e-04  2.74406490e+00
 -6.36576376e-06  2.51993916e-03], f(x) = -0.007925388686874573
Iteration: 592, x = [-9.44593981e-01 -1.71497294e-07 -1.82750316e-01 -3.39291045e+00
  1.23017679e-05 -1.69409175e+00  3.34669461e+00  1.43556061e+00
  9.28361367e-01  3.34770890e+00 -1.43694380e+00  9.25616573e-01
 -2.75763728e+00 -2.62985007e-06 -9.78108374e-04  2.74406490e+00
 -6.36576376e-06  2.51993916e-03], f(x) = -0.007925388686874573
Iteration: 593, x = [-9.44593981e-01 -1.71497294e-07 -1.82750316e-01 -3.39291045e+00
  1.23017679e-05 -1.69409175e+00  3.34669461e+00  1.43556061e+00
  9.28361367e-01  3.34770890e+00 -1.43694380e+00  9.25616573e-01
 -2.75763728e+00 -2.62985007e-06 -9.78108374e-04  2.74406490e+00
 -6.36576376e-06  2.51993916e-03], f(x) = -0.007925388686874573
Iteration: 594, x = [-9.44593981e-01 -1.71497294e-07 -1.82750316e-01 -3.39291045e+00
  1.23017679e-05 -1.69409175e+00  3.34669461e+00  1.43556061e+00
  9.28361367e-01  3.34770890e+00 -1.43694380e+00  9.25616573e-01
 -2.75763728e+00 -2.62985007e-06 -9.78108374e-04  2.74406490e+00
 -6.36576376e-06  2.51993916e-03], f(x) = -0.007925388686874573
Iteration: 595, x = [-9.44593981e-01 -1.71497294e-07 -1.82750316e-01 -3.39291045e+00
  1.23017679e-05 -1.69409175e+00  3.34669461e+00  1.43556061e+00
  9.28361367e-01  3.34770890e+00 -1.43694380e+00  9.25616573e-01
 -2.75763728e+00 -2.62985007e-06 -9.78108374e-04  2.74406490e+00
 -6.36576376e-06  2.51993916e-03], f(x) = -0.007925388686874573
Iteration: 596, x = [-9.44593981e-01 -1.71497294e-07 -1.82750316e-01 -3.39291045e+00
  1.23017679e-05 -1.69409175e+00  3.34669461e+00  1.43556061e+00
  9.28361367e-01  3.34770890e+00 -1.43694380e+00  9.25616573e-01
 -2.75763728e+00 -2.62985007e-06 -9.78108374e-04  2.74406490e+00
 -6.36576376e-06  2.51993916e-03], f(x) = -0.007925388686874573
Iteration: 597, x = [-9.44593981e-01 -1.71497294e-07 -1.82750316e-01 -3.39291045e+00
  1.23017679e-05 -1.69409175e+00  3.34669461e+00  1.43556061e+00
  9.28361367e-01  3.34770890e+00 -1.43694380e+00  9.25616573e-01
 -2.75763728e+00 -2.62985007e-06 -9.78108374e-04  2.74406490e+00
 -6.36576376e-06  2.51993916e-03], f(x) = -0.007925388686874573
Iteration: 598, x = [-9.44593981e-01 -1.71497294e-07 -1.82750316e-01 -3.39291045e+00
  1.23017679e-05 -1.69409175e+00  3.34669461e+00  1.43556061e+00
  9.28361367e-01  3.34770890e+00 -1.43694380e+00  9.25616573e-01
 -2.75763728e+00 -2.62985007e-06 -9.78108374e-04  2.74406490e+00
 -6.36576376e-06  2.51993916e-03], f(x) = -0.007925388686874573
Iteration: 599, x = [-9.44582459e-01 -1.71724024e-07 -1.82729446e-01 -3.39282003e+00
  1.22970912e-05 -1.69410367e+00  3.34665210e+00  1.43556968e+00
  9.28448476e-01  3.34765387e+00 -1.43693647e+00  9.25694843e-01
 -2.75762180e+00 -2.64164677e-06 -9.73104350e-04  2.74411352e+00
 -6.38498900e-06  2.51394073e-03], f(x) = -0.007925388706156465
Iteration: 600, x = [-9.44602319e-01 -1.71859388e-07 -1.82786311e-01 -3.39286361e+00
  1.23255124e-05 -1.69408969e+00  3.34657993e+00  1.43555657e+00
  9.28432188e-01  3.34761877e+00 -1.43692541e+00  9.25659122e-01
 -2.75763432e+00 -2.64129374e-06 -9.71790638e-04  2.74403821e+00
 -6.39961056e-06  2.50422761e-03], f(x) = -0.007925388784611504
Iteration: 601, x = [-9.44602319e-01 -1.71859388e-07 -1.82786311e-01 -3.39286361e+00
  1.23255124e-05 -1.69408969e+00  3.34657993e+00  1.43555657e+00
  9.28432188e-01  3.34761877e+00 -1.43692541e+00  9.25659122e-01
 -2.75763432e+00 -2.64129374e-06 -9.71790638e-04  2.74403821e+00
 -6.39961056e-06  2.50422761e-03], f(x) = -0.007925388784611504
Iteration: 602, x = [-9.44562094e-01 -1.71569971e-07 -1.82781045e-01 -3.39288196e+00
  1.21739231e-05 -1.69406103e+00  3.34671342e+00  1.43553381e+00
  9.28415545e-01  3.34765732e+00 -1.43696001e+00  9.25662355e-01
 -2.75759607e+00 -2.64294755e-06 -9.72382932e-04  2.74405538e+00
 -6.39172045e-06  2.53541669e-03], f(x) = -0.007925388833135344
Iteration: 603, x = [-9.44562094e-01 -1.71569971e-07 -1.82781045e-01 -3.39288196e+00
  1.21739231e-05 -1.69406103e+00  3.34671342e+00  1.43553381e+00
  9.28415545e-01  3.34765732e+00 -1.43696001e+00  9.25662355e-01
 -2.75759607e+00 -2.64294755e-06 -9.72382932e-04  2.74405538e+00
 -6.39172045e-06  2.53541669e-03], f(x) = -0.007925388833135344
Iteration: 604, x = [-9.44562094e-01 -1.71569971e-07 -1.82781045e-01 -3.39288196e+00
  1.21739231e-05 -1.69406103e+00  3.34671342e+00  1.43553381e+00
  9.28415545e-01  3.34765732e+00 -1.43696001e+00  9.25662355e-01
 -2.75759607e+00 -2.64294755e-06 -9.72382932e-04  2.74405538e+00
 -6.39172045e-06  2.53541669e-03], f(x) = -0.007925388833135344
Iteration: 605, x = [-9.44562094e-01 -1.71569971e-07 -1.82781045e-01 -3.39288196e+00
  1.21739231e-05 -1.69406103e+00  3.34671342e+00  1.43553381e+00
  9.28415545e-01  3.34765732e+00 -1.43696001e+00  9.25662355e-01
 -2.75759607e+00 -2.64294755e-06 -9.72382932e-04  2.74405538e+00
 -6.39172045e-06  2.53541669e-03], f(x) = -0.007925388833135344
Iteration: 606, x = [-9.44612479e-01 -1.71930880e-07 -1.82642107e-01 -3.39281461e+00
  1.22807261e-05 -1.69410255e+00  3.34659019e+00  1.43556827e+00
  9.28410437e-01  3.34771351e+00 -1.43691779e+00  9.25625179e-01
 -2.75765992e+00 -2.63766663e-06 -9.71861793e-04  2.74402251e+00
 -6.40120090e-06  2.51407028e-03], f(x) = -0.00792538885812049
Iteration: 607, x = [-9.44607879e-01 -1.72145674e-07 -1.82649192e-01 -3.39280293e+00
  1.23510116e-05 -1.69413508e+00  3.34654912e+00  1.43556944e+00
  9.28432071e-01  3.34758563e+00 -1.43692809e+00  9.25668348e-01
 -2.75765215e+00 -2.63709111e-06 -9.78940431e-04  2.74400058e+00
 -6.34613024e-06  2.51060071e-03], f(x) = -0.007925388917328436
Iteration: 608, x = [-9.44607879e-01 -1.72145674e-07 -1.82649192e-01 -3.39280293e+00
  1.23510116e-05 -1.69413508e+00  3.34654912e+00  1.43556944e+00
  9.28432071e-01  3.34758563e+00 -1.43692809e+00  9.25668348e-01
 -2.75765215e+00 -2.63709111e-06 -9.78940431e-04  2.74400058e+00
 -6.34613024e-06  2.51060071e-03], f(x) = -0.007925388917328436
Iteration: 609, x = [-9.44607879e-01 -1.72145674e-07 -1.82649192e-01 -3.39280293e+00
  1.23510116e-05 -1.69413508e+00  3.34654912e+00  1.43556944e+00
  9.28432071e-01  3.34758563e+00 -1.43692809e+00  9.25668348e-01
 -2.75765215e+00 -2.63709111e-06 -9.78940431e-04  2.74400058e+00
 -6.34613024e-06  2.51060071e-03], f(x) = -0.007925388917328436
Iteration: 610, x = [-9.44607879e-01 -1.72145674e-07 -1.82649192e-01 -3.39280293e+00
  1.23510116e-05 -1.69413508e+00  3.34654912e+00  1.43556944e+00
  9.28432071e-01  3.34758563e+00 -1.43692809e+00  9.25668348e-01
 -2.75765215e+00 -2.63709111e-06 -9.78940431e-04  2.74400058e+00
 -6.34613024e-06  2.51060071e-03], f(x) = -0.007925388917328436
Iteration: 611, x = [-9.44735474e-01 -1.73515517e-07 -1.82446279e-01 -3.39275318e+00
  1.22139065e-05 -1.69420178e+00  3.34691225e+00  1.43555140e+00
  9.28154437e-01  3.34795289e+00 -1.43693208e+00  9.25372862e-01
 -2.75782559e+00 -2.64378943e-06 -9.72703065e-04  2.74389610e+00
 -6.38098321e-06  2.51922251e-03], f(x) = -0.00792538923544009
Iteration: 612, x = [-9.44735474e-01 -1.73515517e-07 -1.82446279e-01 -3.39275318e+00
  1.22139065e-05 -1.69420178e+00  3.34691225e+00  1.43555140e+00
  9.28154437e-01  3.34795289e+00 -1.43693208e+00  9.25372862e-01
 -2.75782559e+00 -2.64378943e-06 -9.72703065e-04  2.74389610e+00
 -6.38098321e-06  2.51922251e-03], f(x) = -0.00792538923544009
Iteration: 613, x = [-9.44735474e-01 -1.73515517e-07 -1.82446279e-01 -3.39275318e+00
  1.22139065e-05 -1.69420178e+00  3.34691225e+00  1.43555140e+00
  9.28154437e-01  3.34795289e+00 -1.43693208e+00  9.25372862e-01
 -2.75782559e+00 -2.64378943e-06 -9.72703065e-04  2.74389610e+00
 -6.38098321e-06  2.51922251e-03], f(x) = -0.00792538923544009
Iteration: 614, x = [-9.44735474e-01 -1.73515517e-07 -1.82446279e-01 -3.39275318e+00
  1.22139065e-05 -1.69420178e+00  3.34691225e+00  1.43555140e+00
  9.28154437e-01  3.34795289e+00 -1.43693208e+00  9.25372862e-01
 -2.75782559e+00 -2.64378943e-06 -9.72703065e-04  2.74389610e+00
 -6.38098321e-06  2.51922251e-03], f(x) = -0.00792538923544009
Iteration: 615, x = [-9.44735474e-01 -1.73515517e-07 -1.82446279e-01 -3.39275318e+00
  1.22139065e-05 -1.69420178e+00  3.34691225e+00  1.43555140e+00
  9.28154437e-01  3.34795289e+00 -1.43693208e+00  9.25372862e-01
 -2.75782559e+00 -2.64378943e-06 -9.72703065e-04  2.74389610e+00
 -6.38098321e-06  2.51922251e-03], f(x) = -0.00792538923544009
Iteration: 616, x = [-9.44735474e-01 -1.73515517e-07 -1.82446279e-01 -3.39275318e+00
  1.22139065e-05 -1.69420178e+00  3.34691225e+00  1.43555140e+00
  9.28154437e-01  3.34795289e+00 -1.43693208e+00  9.25372862e-01
 -2.75782559e+00 -2.64378943e-06 -9.72703065e-04  2.74389610e+00
 -6.38098321e-06  2.51922251e-03], f(x) = -0.00792538923544009
Iteration: 617, x = [-9.44735474e-01 -1.73515517e-07 -1.82446279e-01 -3.39275318e+00
  1.22139065e-05 -1.69420178e+00  3.34691225e+00  1.43555140e+00
  9.28154437e-01  3.34795289e+00 -1.43693208e+00  9.25372862e-01
 -2.75782559e+00 -2.64378943e-06 -9.72703065e-04  2.74389610e+00
 -6.38098321e-06  2.51922251e-03], f(x) = -0.00792538923544009
Iteration: 618, x = [-9.44735474e-01 -1.73515517e-07 -1.82446279e-01 -3.39275318e+00
  1.22139065e-05 -1.69420178e+00  3.34691225e+00  1.43555140e+00
  9.28154437e-01  3.34795289e+00 -1.43693208e+00  9.25372862e-01
 -2.75782559e+00 -2.64378943e-06 -9.72703065e-04  2.74389610e+00
 -6.38098321e-06  2.51922251e-03], f(x) = -0.00792538923544009
Iteration: 619, x = [-9.44735474e-01 -1.73515517e-07 -1.82446279e-01 -3.39275318e+00
  1.22139065e-05 -1.69420178e+00  3.34691225e+00  1.43555140e+00
  9.28154437e-01  3.34795289e+00 -1.43693208e+00  9.25372862e-01
 -2.75782559e+00 -2.64378943e-06 -9.72703065e-04  2.74389610e+00
 -6.38098321e-06  2.51922251e-03], f(x) = -0.00792538923544009
Iteration: 620, x = [-9.44735474e-01 -1.73515517e-07 -1.82446279e-01 -3.39275318e+00
  1.22139065e-05 -1.69420178e+00  3.34691225e+00  1.43555140e+00
  9.28154437e-01  3.34795289e+00 -1.43693208e+00  9.25372862e-01
 -2.75782559e+00 -2.64378943e-06 -9.72703065e-04  2.74389610e+00
 -6.38098321e-06  2.51922251e-03], f(x) = -0.00792538923544009
Iteration: 621, x = [-9.44735474e-01 -1.73515517e-07 -1.82446279e-01 -3.39275318e+00
  1.22139065e-05 -1.69420178e+00  3.34691225e+00  1.43555140e+00
  9.28154437e-01  3.34795289e+00 -1.43693208e+00  9.25372862e-01
 -2.75782559e+00 -2.64378943e-06 -9.72703065e-04  2.74389610e+00
 -6.38098321e-06  2.51922251e-03], f(x) = -0.00792538923544009
Iteration: 622, x = [-9.44735474e-01 -1.73515517e-07 -1.82446279e-01 -3.39275318e+00
  1.22139065e-05 -1.69420178e+00  3.34691225e+00  1.43555140e+00
  9.28154437e-01  3.34795289e+00 -1.43693208e+00  9.25372862e-01
 -2.75782559e+00 -2.64378943e-06 -9.72703065e-04  2.74389610e+00
 -6.38098321e-06  2.51922251e-03], f(x) = -0.00792538923544009
Iteration: 623, x = [-9.44735474e-01 -1.73515517e-07 -1.82446279e-01 -3.39275318e+00
  1.22139065e-05 -1.69420178e+00  3.34691225e+00  1.43555140e+00
  9.28154437e-01  3.34795289e+00 -1.43693208e+00  9.25372862e-01
 -2.75782559e+00 -2.64378943e-06 -9.72703065e-04  2.74389610e+00
 -6.38098321e-06  2.51922251e-03], f(x) = -0.00792538923544009
Iteration: 624, x = [-9.44730110e-01 -1.73187854e-07 -1.82518249e-01 -3.39283098e+00
  1.22579653e-05 -1.69416358e+00  3.34679489e+00  1.43553402e+00
  9.28153423e-01  3.34788562e+00 -1.43692770e+00  9.25354043e-01
 -2.75778778e+00 -2.62912575e-06 -9.79109595e-04  2.74382239e+00
 -6.35099463e-06  2.51772410e-03], f(x) = -0.00792538931929669
Iteration: 625, x = [-9.44730110e-01 -1.73187854e-07 -1.82518249e-01 -3.39283098e+00
  1.22579653e-05 -1.69416358e+00  3.34679489e+00  1.43553402e+00
  9.28153423e-01  3.34788562e+00 -1.43692770e+00  9.25354043e-01
 -2.75778778e+00 -2.62912575e-06 -9.79109595e-04  2.74382239e+00
 -6.35099463e-06  2.51772410e-03], f(x) = -0.00792538931929669
Iteration: 626, x = [-9.44730110e-01 -1.73187854e-07 -1.82518249e-01 -3.39283098e+00
  1.22579653e-05 -1.69416358e+00  3.34679489e+00  1.43553402e+00
  9.28153423e-01  3.34788562e+00 -1.43692770e+00  9.25354043e-01
 -2.75778778e+00 -2.62912575e-06 -9.79109595e-04  2.74382239e+00
 -6.35099463e-06  2.51772410e-03], f(x) = -0.00792538931929669
Iteration: 627, x = [-9.44730110e-01 -1.73187854e-07 -1.82518249e-01 -3.39283098e+00
  1.22579653e-05 -1.69416358e+00  3.34679489e+00  1.43553402e+00
  9.28153423e-01  3.34788562e+00 -1.43692770e+00  9.25354043e-01
 -2.75778778e+00 -2.62912575e-06 -9.79109595e-04  2.74382239e+00
 -6.35099463e-06  2.51772410e-03], f(x) = -0.00792538931929669
Iteration: 628, x = [-9.44730110e-01 -1.73187854e-07 -1.82518249e-01 -3.39283098e+00
  1.22579653e-05 -1.69416358e+00  3.34679489e+00  1.43553402e+00
  9.28153423e-01  3.34788562e+00 -1.43692770e+00  9.25354043e-01
 -2.75778778e+00 -2.62912575e-06 -9.79109595e-04  2.74382239e+00
 -6.35099463e-06  2.51772410e-03], f(x) = -0.00792538931929669
Iteration: 629, x = [-9.44730110e-01 -1.73187854e-07 -1.82518249e-01 -3.39283098e+00
  1.22579653e-05 -1.69416358e+00  3.34679489e+00  1.43553402e+00
  9.28153423e-01  3.34788562e+00 -1.43692770e+00  9.25354043e-01
 -2.75778778e+00 -2.62912575e-06 -9.79109595e-04  2.74382239e+00
 -6.35099463e-06  2.51772410e-03], f(x) = -0.00792538931929669
Iteration: 630, x = [-9.44730110e-01 -1.73187854e-07 -1.82518249e-01 -3.39283098e+00
  1.22579653e-05 -1.69416358e+00  3.34679489e+00  1.43553402e+00
  9.28153423e-01  3.34788562e+00 -1.43692770e+00  9.25354043e-01
 -2.75778778e+00 -2.62912575e-06 -9.79109595e-04  2.74382239e+00
 -6.35099463e-06  2.51772410e-03], f(x) = -0.00792538931929669
Iteration: 631, x = [-9.44730110e-01 -1.73187854e-07 -1.82518249e-01 -3.39283098e+00
  1.22579653e-05 -1.69416358e+00  3.34679489e+00  1.43553402e+00
  9.28153423e-01  3.34788562e+00 -1.43692770e+00  9.25354043e-01
 -2.75778778e+00 -2.62912575e-06 -9.79109595e-04  2.74382239e+00
 -6.35099463e-06  2.51772410e-03], f(x) = -0.00792538931929669
Iteration: 632, x = [-9.44723856e-01 -1.73529469e-07 -1.82494119e-01 -3.39279585e+00
  1.22749022e-05 -1.69419012e+00  3.34683828e+00  1.43554968e+00
  9.28173816e-01  3.34783160e+00 -1.43694965e+00  9.25397934e-01
 -2.75777919e+00 -2.63916033e-06 -9.76093145e-04  2.74387737e+00
 -6.33231965e-06  2.51754854e-03], f(x) = -0.007925389458222678
Iteration: 633, x = [-9.44723856e-01 -1.73529469e-07 -1.82494119e-01 -3.39279585e+00
  1.22749022e-05 -1.69419012e+00  3.34683828e+00  1.43554968e+00
  9.28173816e-01  3.34783160e+00 -1.43694965e+00  9.25397934e-01
 -2.75777919e+00 -2.63916033e-06 -9.76093145e-04  2.74387737e+00
 -6.33231965e-06  2.51754854e-03], f(x) = -0.007925389458222678
Iteration: 634, x = [-9.44723856e-01 -1.73529469e-07 -1.82494119e-01 -3.39279585e+00
  1.22749022e-05 -1.69419012e+00  3.34683828e+00  1.43554968e+00
  9.28173816e-01  3.34783160e+00 -1.43694965e+00  9.25397934e-01
 -2.75777919e+00 -2.63916033e-06 -9.76093145e-04  2.74387737e+00
 -6.33231965e-06  2.51754854e-03], f(x) = -0.007925389458222678
Iteration: 635, x = [-9.44723856e-01 -1.73529469e-07 -1.82494119e-01 -3.39279585e+00
  1.22749022e-05 -1.69419012e+00  3.34683828e+00  1.43554968e+00
  9.28173816e-01  3.34783160e+00 -1.43694965e+00  9.25397934e-01
 -2.75777919e+00 -2.63916033e-06 -9.76093145e-04  2.74387737e+00
 -6.33231965e-06  2.51754854e-03], f(x) = -0.007925389458222678
Iteration: 636, x = [-9.44723856e-01 -1.73529469e-07 -1.82494119e-01 -3.39279585e+00
  1.22749022e-05 -1.69419012e+00  3.34683828e+00  1.43554968e+00
  9.28173816e-01  3.34783160e+00 -1.43694965e+00  9.25397934e-01
 -2.75777919e+00 -2.63916033e-06 -9.76093145e-04  2.74387737e+00
 -6.33231965e-06  2.51754854e-03], f(x) = -0.007925389458222678
Iteration: 637, x = [-9.44723856e-01 -1.73529469e-07 -1.82494119e-01 -3.39279585e+00
  1.22749022e-05 -1.69419012e+00  3.34683828e+00  1.43554968e+00
  9.28173816e-01  3.34783160e+00 -1.43694965e+00  9.25397934e-01
 -2.75777919e+00 -2.63916033e-06 -9.76093145e-04  2.74387737e+00
 -6.33231965e-06  2.51754854e-03], f(x) = -0.007925389458222678
Iteration: 638, x = [-9.44723856e-01 -1.73529469e-07 -1.82494119e-01 -3.39279585e+00
  1.22749022e-05 -1.69419012e+00  3.34683828e+00  1.43554968e+00
  9.28173816e-01  3.34783160e+00 -1.43694965e+00  9.25397934e-01
 -2.75777919e+00 -2.63916033e-06 -9.76093145e-04  2.74387737e+00
 -6.33231965e-06  2.51754854e-03], f(x) = -0.007925389458222678
Iteration: 639, x = [-9.44791711e-01 -1.74053972e-07 -1.82329580e-01 -3.39271521e+00
  1.22385737e-05 -1.69423588e+00  3.34690689e+00  1.43556320e+00
  9.28093207e-01  3.34799372e+00 -1.43694075e+00  9.25280064e-01
 -2.75786403e+00 -2.64431262e-06 -9.76122620e-04  2.74381435e+00
 -6.35569121e-06  2.51658244e-03], f(x) = -0.007925389527794091
Iteration: 640, x = [-9.44791711e-01 -1.74053972e-07 -1.82329580e-01 -3.39271521e+00
  1.22385737e-05 -1.69423588e+00  3.34690689e+00  1.43556320e+00
  9.28093207e-01  3.34799372e+00 -1.43694075e+00  9.25280064e-01
 -2.75786403e+00 -2.64431262e-06 -9.76122620e-04  2.74381435e+00
 -6.35569121e-06  2.51658244e-03], f(x) = -0.007925389527794091
Iteration: 641, x = [-9.44791711e-01 -1.74053972e-07 -1.82329580e-01 -3.39271521e+00
  1.22385737e-05 -1.69423588e+00  3.34690689e+00  1.43556320e+00
  9.28093207e-01  3.34799372e+00 -1.43694075e+00  9.25280064e-01
 -2.75786403e+00 -2.64431262e-06 -9.76122620e-04  2.74381435e+00
 -6.35569121e-06  2.51658244e-03], f(x) = -0.007925389527794091
Iteration: 642, x = [-9.44791711e-01 -1.74053972e-07 -1.82329580e-01 -3.39271521e+00
  1.22385737e-05 -1.69423588e+00  3.34690689e+00  1.43556320e+00
  9.28093207e-01  3.34799372e+00 -1.43694075e+00  9.25280064e-01
 -2.75786403e+00 -2.64431262e-06 -9.76122620e-04  2.74381435e+00
 -6.35569121e-06  2.51658244e-03], f(x) = -0.007925389527794091
Iteration: 643, x = [-9.44791711e-01 -1.74053972e-07 -1.82329580e-01 -3.39271521e+00
  1.22385737e-05 -1.69423588e+00  3.34690689e+00  1.43556320e+00
  9.28093207e-01  3.34799372e+00 -1.43694075e+00  9.25280064e-01
 -2.75786403e+00 -2.64431262e-06 -9.76122620e-04  2.74381435e+00
 -6.35569121e-06  2.51658244e-03], f(x) = -0.007925389527794091
Iteration: 644, x = [-9.44800705e-01 -1.74340867e-07 -1.82363076e-01 -3.39270822e+00
  1.22613395e-05 -1.69424009e+00  3.34683866e+00  1.43555319e+00
  9.28063678e-01  3.34793224e+00 -1.43693046e+00  9.25254431e-01
 -2.75787843e+00 -2.63724751e-06 -9.73298204e-04  2.74371676e+00
 -6.33941846e-06  2.51392808e-03], f(x) = -0.007925389609958452
Iteration: 645, x = [-9.44800705e-01 -1.74340867e-07 -1.82363076e-01 -3.39270822e+00
  1.22613395e-05 -1.69424009e+00  3.34683866e+00  1.43555319e+00
  9.28063678e-01  3.34793224e+00 -1.43693046e+00  9.25254431e-01
 -2.75787843e+00 -2.63724751e-06 -9.73298204e-04  2.74371676e+00
 -6.33941846e-06  2.51392808e-03], f(x) = -0.007925389609958452
Iteration: 646, x = [-9.44800705e-01 -1.74340867e-07 -1.82363076e-01 -3.39270822e+00
  1.22613395e-05 -1.69424009e+00  3.34683866e+00  1.43555319e+00
  9.28063678e-01  3.34793224e+00 -1.43693046e+00  9.25254431e-01
 -2.75787843e+00 -2.63724751e-06 -9.73298204e-04  2.74371676e+00
 -6.33941846e-06  2.51392808e-03], f(x) = -0.007925389609958452
Iteration: 647, x = [-9.44800705e-01 -1.74340867e-07 -1.82363076e-01 -3.39270822e+00
  1.22613395e-05 -1.69424009e+00  3.34683866e+00  1.43555319e+00
  9.28063678e-01  3.34793224e+00 -1.43693046e+00  9.25254431e-01
 -2.75787843e+00 -2.63724751e-06 -9.73298204e-04  2.74371676e+00
 -6.33941846e-06  2.51392808e-03], f(x) = -0.007925389609958452
Iteration: 648, x = [-9.44800705e-01 -1.74340867e-07 -1.82363076e-01 -3.39270822e+00
  1.22613395e-05 -1.69424009e+00  3.34683866e+00  1.43555319e+00
  9.28063678e-01  3.34793224e+00 -1.43693046e+00  9.25254431e-01
 -2.75787843e+00 -2.63724751e-06 -9.73298204e-04  2.74371676e+00
 -6.33941846e-06  2.51392808e-03], f(x) = -0.007925389609958452
Iteration: 649, x = [-9.44800705e-01 -1.74340867e-07 -1.82363076e-01 -3.39270822e+00
  1.22613395e-05 -1.69424009e+00  3.34683866e+00  1.43555319e+00
  9.28063678e-01  3.34793224e+00 -1.43693046e+00  9.25254431e-01
 -2.75787843e+00 -2.63724751e-06 -9.73298204e-04  2.74371676e+00
 -6.33941846e-06  2.51392808e-03], f(x) = -0.007925389609958452
Iteration: 650, x = [-9.44800705e-01 -1.74340867e-07 -1.82363076e-01 -3.39270822e+00
  1.22613395e-05 -1.69424009e+00  3.34683866e+00  1.43555319e+00
  9.28063678e-01  3.34793224e+00 -1.43693046e+00  9.25254431e-01
 -2.75787843e+00 -2.63724751e-06 -9.73298204e-04  2.74371676e+00
 -6.33941846e-06  2.51392808e-03], f(x) = -0.007925389609958452
Iteration: 651, x = [-9.44800705e-01 -1.74340867e-07 -1.82363076e-01 -3.39270822e+00
  1.22613395e-05 -1.69424009e+00  3.34683866e+00  1.43555319e+00
  9.28063678e-01  3.34793224e+00 -1.43693046e+00  9.25254431e-01
 -2.75787843e+00 -2.63724751e-06 -9.73298204e-04  2.74371676e+00
 -6.33941846e-06  2.51392808e-03], f(x) = -0.007925389609958452
Iteration: 652, x = [-9.44800705e-01 -1.74340867e-07 -1.82363076e-01 -3.39270822e+00
  1.22613395e-05 -1.69424009e+00  3.34683866e+00  1.43555319e+00
  9.28063678e-01  3.34793224e+00 -1.43693046e+00  9.25254431e-01
 -2.75787843e+00 -2.63724751e-06 -9.73298204e-04  2.74371676e+00
 -6.33941846e-06  2.51392808e-03], f(x) = -0.007925389609958452
Iteration: 653, x = [-9.44800705e-01 -1.74340867e-07 -1.82363076e-01 -3.39270822e+00
  1.22613395e-05 -1.69424009e+00  3.34683866e+00  1.43555319e+00
  9.28063678e-01  3.34793224e+00 -1.43693046e+00  9.25254431e-01
 -2.75787843e+00 -2.63724751e-06 -9.73298204e-04  2.74371676e+00
 -6.33941846e-06  2.51392808e-03], f(x) = -0.007925389609958452
Iteration: 654, x = [-9.44848724e-01 -1.74724955e-07 -1.82336395e-01 -3.39274164e+00
  1.23030593e-05 -1.69425013e+00  3.34683171e+00  1.43555163e+00
  9.28002267e-01  3.34796733e+00 -1.43690814e+00  9.25194641e-01
 -2.75791687e+00 -2.63731462e-06 -9.77301057e-04  2.74365132e+00
 -6.34686551e-06  2.50075287e-03], f(x) = -0.007925389615198572
Iteration: 655, x = [-9.44848724e-01 -1.74724955e-07 -1.82336395e-01 -3.39274164e+00
  1.23030593e-05 -1.69425013e+00  3.34683171e+00  1.43555163e+00
  9.28002267e-01  3.34796733e+00 -1.43690814e+00  9.25194641e-01
 -2.75791687e+00 -2.63731462e-06 -9.77301057e-04  2.74365132e+00
 -6.34686551e-06  2.50075287e-03], f(x) = -0.007925389615198572
Iteration: 656, x = [-9.44848724e-01 -1.74724955e-07 -1.82336395e-01 -3.39274164e+00
  1.23030593e-05 -1.69425013e+00  3.34683171e+00  1.43555163e+00
  9.28002267e-01  3.34796733e+00 -1.43690814e+00  9.25194641e-01
 -2.75791687e+00 -2.63731462e-06 -9.77301057e-04  2.74365132e+00
 -6.34686551e-06  2.50075287e-03], f(x) = -0.007925389615198572
Iteration: 657, x = [-9.44848724e-01 -1.74724955e-07 -1.82336395e-01 -3.39274164e+00
  1.23030593e-05 -1.69425013e+00  3.34683171e+00  1.43555163e+00
  9.28002267e-01  3.34796733e+00 -1.43690814e+00  9.25194641e-01
 -2.75791687e+00 -2.63731462e-06 -9.77301057e-04  2.74365132e+00
 -6.34686551e-06  2.50075287e-03], f(x) = -0.007925389615198572
Iteration: 658, x = [-9.44848724e-01 -1.74724955e-07 -1.82336395e-01 -3.39274164e+00
  1.23030593e-05 -1.69425013e+00  3.34683171e+00  1.43555163e+00
  9.28002267e-01  3.34796733e+00 -1.43690814e+00  9.25194641e-01
 -2.75791687e+00 -2.63731462e-06 -9.77301057e-04  2.74365132e+00
 -6.34686551e-06  2.50075287e-03], f(x) = -0.007925389615198572
Iteration: 659, x = [-9.44848724e-01 -1.74724955e-07 -1.82336395e-01 -3.39274164e+00
  1.23030593e-05 -1.69425013e+00  3.34683171e+00  1.43555163e+00
  9.28002267e-01  3.34796733e+00 -1.43690814e+00  9.25194641e-01
 -2.75791687e+00 -2.63731462e-06 -9.77301057e-04  2.74365132e+00
 -6.34686551e-06  2.50075287e-03], f(x) = -0.007925389615198572
Iteration: 660, x = [-9.44848724e-01 -1.74724955e-07 -1.82336395e-01 -3.39274164e+00
  1.23030593e-05 -1.69425013e+00  3.34683171e+00  1.43555163e+00
  9.28002267e-01  3.34796733e+00 -1.43690814e+00  9.25194641e-01
 -2.75791687e+00 -2.63731462e-06 -9.77301057e-04  2.74365132e+00
 -6.34686551e-06  2.50075287e-03], f(x) = -0.007925389615198572
Iteration: 661, x = [-9.44848724e-01 -1.74724955e-07 -1.82336395e-01 -3.39274164e+00
  1.23030593e-05 -1.69425013e+00  3.34683171e+00  1.43555163e+00
  9.28002267e-01  3.34796733e+00 -1.43690814e+00  9.25194641e-01
 -2.75791687e+00 -2.63731462e-06 -9.77301057e-04  2.74365132e+00
 -6.34686551e-06  2.50075287e-03], f(x) = -0.007925389615198572
Iteration: 662, x = [-9.44848724e-01 -1.74724955e-07 -1.82336395e-01 -3.39274164e+00
  1.23030593e-05 -1.69425013e+00  3.34683171e+00  1.43555163e+00
  9.28002267e-01  3.34796733e+00 -1.43690814e+00  9.25194641e-01
 -2.75791687e+00 -2.63731462e-06 -9.77301057e-04  2.74365132e+00
 -6.34686551e-06  2.50075287e-03], f(x) = -0.007925389615198572
Iteration: 663, x = [-9.44848724e-01 -1.74724955e-07 -1.82336395e-01 -3.39274164e+00
  1.23030593e-05 -1.69425013e+00  3.34683171e+00  1.43555163e+00
  9.28002267e-01  3.34796733e+00 -1.43690814e+00  9.25194641e-01
 -2.75791687e+00 -2.63731462e-06 -9.77301057e-04  2.74365132e+00
 -6.34686551e-06  2.50075287e-03], f(x) = -0.007925389615198572
Iteration: 664, x = [-9.44848724e-01 -1.74724955e-07 -1.82336395e-01 -3.39274164e+00
  1.23030593e-05 -1.69425013e+00  3.34683171e+00  1.43555163e+00
  9.28002267e-01  3.34796733e+00 -1.43690814e+00  9.25194641e-01
 -2.75791687e+00 -2.63731462e-06 -9.77301057e-04  2.74365132e+00
 -6.34686551e-06  2.50075287e-03], f(x) = -0.007925389615198572
Iteration: 665, x = [-9.44848724e-01 -1.74724955e-07 -1.82336395e-01 -3.39274164e+00
  1.23030593e-05 -1.69425013e+00  3.34683171e+00  1.43555163e+00
  9.28002267e-01  3.34796733e+00 -1.43690814e+00  9.25194641e-01
 -2.75791687e+00 -2.63731462e-06 -9.77301057e-04  2.74365132e+00
 -6.34686551e-06  2.50075287e-03], f(x) = -0.007925389615198572
Iteration: 666, x = [-9.44848724e-01 -1.74724955e-07 -1.82336395e-01 -3.39274164e+00
  1.23030593e-05 -1.69425013e+00  3.34683171e+00  1.43555163e+00
  9.28002267e-01  3.34796733e+00 -1.43690814e+00  9.25194641e-01
 -2.75791687e+00 -2.63731462e-06 -9.77301057e-04  2.74365132e+00
 -6.34686551e-06  2.50075287e-03], f(x) = -0.007925389615198572
Iteration: 667, x = [-9.44777595e-01 -1.74107574e-07 -1.82389252e-01 -3.39270851e+00
  1.22484788e-05 -1.69422752e+00  3.34687546e+00  1.43555223e+00
  9.28126996e-01  3.34793039e+00 -1.43692922e+00  9.25331841e-01
 -2.75784285e+00 -2.64159958e-06 -9.76097496e-04  2.74382739e+00
 -6.35397108e-06  2.51241654e-03], f(x) = -0.007925389617939347
Iteration: 668, x = [-9.44777595e-01 -1.74107574e-07 -1.82389252e-01 -3.39270851e+00
  1.22484788e-05 -1.69422752e+00  3.34687546e+00  1.43555223e+00
  9.28126996e-01  3.34793039e+00 -1.43692922e+00  9.25331841e-01
 -2.75784285e+00 -2.64159958e-06 -9.76097496e-04  2.74382739e+00
 -6.35397108e-06  2.51241654e-03], f(x) = -0.007925389617939347
Iteration: 669, x = [-9.44812872e-01 -1.74627815e-07 -1.82297352e-01 -3.39266898e+00
  1.22875496e-05 -1.69426630e+00  3.34684158e+00  1.43555424e+00
  9.28097143e-01  3.34792344e+00 -1.43693613e+00  9.25268894e-01
 -2.75788988e+00 -2.64091383e-06 -9.72761897e-04  2.74375441e+00
 -6.33420728e-06  2.51093527e-03], f(x) = -0.007925389629006834
Iteration: 670, x = [-9.44812872e-01 -1.74627815e-07 -1.82297352e-01 -3.39266898e+00
  1.22875496e-05 -1.69426630e+00  3.34684158e+00  1.43555424e+00
  9.28097143e-01  3.34792344e+00 -1.43693613e+00  9.25268894e-01
 -2.75788988e+00 -2.64091383e-06 -9.72761897e-04  2.74375441e+00
 -6.33420728e-06  2.51093527e-03], f(x) = -0.007925389629006834
Iteration: 671, x = [-9.44785244e-01 -1.74287289e-07 -1.82359435e-01 -3.39272878e+00
  1.22507851e-05 -1.69422872e+00  3.34682865e+00  1.43555044e+00
  9.28094466e-01  3.34791057e+00 -1.43693200e+00  9.25275044e-01
 -2.75786375e+00 -2.63955380e-06 -9.73232800e-04  2.74372543e+00
 -6.34570862e-06  2.51588655e-03], f(x) = -0.007925389632626786
Iteration: 672, x = [-9.44810050e-01 -1.74421594e-07 -1.82353248e-01 -3.39273646e+00
  1.22078605e-05 -1.69423438e+00  3.34694820e+00  1.43553788e+00
  9.28017648e-01  3.34798973e+00 -1.43694323e+00  9.25219663e-01
 -2.75788167e+00 -2.63785983e-06 -9.76970132e-04  2.74371917e+00
 -6.33707650e-06  2.52261537e-03], f(x) = -0.007925389649891881
Iteration: 673, x = [-9.44810050e-01 -1.74421594e-07 -1.82353248e-01 -3.39273646e+00
  1.22078605e-05 -1.69423438e+00  3.34694820e+00  1.43553788e+00
  9.28017648e-01  3.34798973e+00 -1.43694323e+00  9.25219663e-01
 -2.75788167e+00 -2.63785983e-06 -9.76970132e-04  2.74371917e+00
 -6.33707650e-06  2.52261537e-03], f(x) = -0.007925389649891881
Iteration: 674, x = [-9.44810050e-01 -1.74421594e-07 -1.82353248e-01 -3.39273646e+00
  1.22078605e-05 -1.69423438e+00  3.34694820e+00  1.43553788e+00
  9.28017648e-01  3.34798973e+00 -1.43694323e+00  9.25219663e-01
 -2.75788167e+00 -2.63785983e-06 -9.76970132e-04  2.74371917e+00
 -6.33707650e-06  2.52261537e-03], f(x) = -0.007925389649891881
Iteration: 675, x = [-9.44868234e-01 -1.75186382e-07 -1.82200487e-01 -3.39265936e+00
  1.22350900e-05 -1.69428388e+00  3.34696123e+00  1.43555984e+00
  9.27970247e-01  3.34805655e+00 -1.43692563e+00  9.25136124e-01
 -2.75795217e+00 -2.64370112e-06 -9.75250526e-04  2.74366872e+00
 -6.33877885e-06  2.51330661e-03], f(x) = -0.007925389659703278
Iteration: 676, x = [-9.44862891e-01 -1.75213105e-07 -1.82271417e-01 -3.39268037e+00
  1.22847998e-05 -1.69428598e+00  3.34693381e+00  1.43554374e+00
  9.27968358e-01  3.34800216e+00 -1.43692244e+00  9.25158164e-01
 -2.75794485e+00 -2.63255167e-06 -9.77255235e-04  2.74365786e+00
 -6.31327319e-06  2.50872263e-03], f(x) = -0.007925389678131061
Iteration: 677, x = [-9.44862891e-01 -1.75213105e-07 -1.82271417e-01 -3.39268037e+00
  1.22847998e-05 -1.69428598e+00  3.34693381e+00  1.43554374e+00
  9.27968358e-01  3.34800216e+00 -1.43692244e+00  9.25158164e-01
 -2.75794485e+00 -2.63255167e-06 -9.77255235e-04  2.74365786e+00
 -6.31327319e-06  2.50872263e-03], f(x) = -0.007925389678131061
Iteration: 678, x = [-9.44862891e-01 -1.75213105e-07 -1.82271417e-01 -3.39268037e+00
  1.22847998e-05 -1.69428598e+00  3.34693381e+00  1.43554374e+00
  9.27968358e-01  3.34800216e+00 -1.43692244e+00  9.25158164e-01
 -2.75794485e+00 -2.63255167e-06 -9.77255235e-04  2.74365786e+00
 -6.31327319e-06  2.50872263e-03], f(x) = -0.007925389678131061
Iteration: 679, x = [-9.44862891e-01 -1.75213105e-07 -1.82271417e-01 -3.39268037e+00
  1.22847998e-05 -1.69428598e+00  3.34693381e+00  1.43554374e+00
  9.27968358e-01  3.34800216e+00 -1.43692244e+00  9.25158164e-01
 -2.75794485e+00 -2.63255167e-06 -9.77255235e-04  2.74365786e+00
 -6.31327319e-06  2.50872263e-03], f(x) = -0.007925389678131061
Iteration: 680, x = [-9.44862891e-01 -1.75213105e-07 -1.82271417e-01 -3.39268037e+00
  1.22847998e-05 -1.69428598e+00  3.34693381e+00  1.43554374e+00
  9.27968358e-01  3.34800216e+00 -1.43692244e+00  9.25158164e-01
 -2.75794485e+00 -2.63255167e-06 -9.77255235e-04  2.74365786e+00
 -6.31327319e-06  2.50872263e-03], f(x) = -0.007925389678131061
Iteration: 681, x = [-9.44862891e-01 -1.75213105e-07 -1.82271417e-01 -3.39268037e+00
  1.22847998e-05 -1.69428598e+00  3.34693381e+00  1.43554374e+00
  9.27968358e-01  3.34800216e+00 -1.43692244e+00  9.25158164e-01
 -2.75794485e+00 -2.63255167e-06 -9.77255235e-04  2.74365786e+00
 -6.31327319e-06  2.50872263e-03], f(x) = -0.007925389678131061
Iteration: 682, x = [-9.44812078e-01 -1.74523379e-07 -1.82346708e-01 -3.39270752e+00
  1.22675598e-05 -1.69424428e+00  3.34689145e+00  1.43556007e+00
  9.28050783e-01  3.34793132e+00 -1.43694357e+00  9.25231047e-01
 -2.75788349e+00 -2.64012057e-06 -9.73125101e-04  2.74372330e+00
 -6.33451309e-06  2.51361735e-03], f(x) = -0.007925389690896205
Iteration: 683, x = [-9.44819731e-01 -1.74679736e-07 -1.82378777e-01 -3.39273226e+00
  1.22809873e-05 -1.69424962e+00  3.34691256e+00  1.43555003e+00
  9.28026381e-01  3.34794730e+00 -1.43693306e+00  9.25220169e-01
 -2.75788792e+00 -2.63983618e-06 -9.78863260e-04  2.74370451e+00
 -6.32391999e-06  2.50944445e-03], f(x) = -0.00792538970197341
Iteration: 684, x = [-9.44819731e-01 -1.74679736e-07 -1.82378777e-01 -3.39273226e+00
  1.22809873e-05 -1.69424962e+00  3.34691256e+00  1.43555003e+00
  9.28026381e-01  3.34794730e+00 -1.43693306e+00  9.25220169e-01
 -2.75788792e+00 -2.63983618e-06 -9.78863260e-04  2.74370451e+00
 -6.32391999e-06  2.50944445e-03], f(x) = -0.00792538970197341
Iteration: 685, x = [-9.44819731e-01 -1.74679736e-07 -1.82378777e-01 -3.39273226e+00
  1.22809873e-05 -1.69424962e+00  3.34691256e+00  1.43555003e+00
  9.28026381e-01  3.34794730e+00 -1.43693306e+00  9.25220169e-01
 -2.75788792e+00 -2.63983618e-06 -9.78863260e-04  2.74370451e+00
 -6.32391999e-06  2.50944445e-03], f(x) = -0.00792538970197341
Iteration: 686, x = [-9.44819731e-01 -1.74679736e-07 -1.82378777e-01 -3.39273226e+00
  1.22809873e-05 -1.69424962e+00  3.34691256e+00  1.43555003e+00
  9.28026381e-01  3.34794730e+00 -1.43693306e+00  9.25220169e-01
 -2.75788792e+00 -2.63983618e-06 -9.78863260e-04  2.74370451e+00
 -6.32391999e-06  2.50944445e-03], f(x) = -0.00792538970197341
Iteration: 687, x = [-9.44842441e-01 -1.74856459e-07 -1.82291998e-01 -3.39271473e+00
  1.22660209e-05 -1.69426468e+00  3.34699382e+00  1.43554884e+00
  9.28005309e-01  3.34802491e+00 -1.43693791e+00  9.25189235e-01
 -2.75791421e+00 -2.63912753e-06 -9.79466846e-04  2.74375026e+00
 -6.32741380e-06  2.51144646e-03], f(x) = -0.007925389719212438
Iteration: 688, x = [-9.44842441e-01 -1.74856459e-07 -1.82291998e-01 -3.39271473e+00
  1.22660209e-05 -1.69426468e+00  3.34699382e+00  1.43554884e+00
  9.28005309e-01  3.34802491e+00 -1.43693791e+00  9.25189235e-01
 -2.75791421e+00 -2.63912753e-06 -9.79466846e-04  2.74375026e+00
 -6.32741380e-06  2.51144646e-03], f(x) = -0.007925389719212438
Iteration: 689, x = [-9.44842441e-01 -1.74856459e-07 -1.82291998e-01 -3.39271473e+00
  1.22660209e-05 -1.69426468e+00  3.34699382e+00  1.43554884e+00
  9.28005309e-01  3.34802491e+00 -1.43693791e+00  9.25189235e-01
 -2.75791421e+00 -2.63912753e-06 -9.79466846e-04  2.74375026e+00
 -6.32741380e-06  2.51144646e-03], f(x) = -0.007925389719212438
Iteration: 690, x = [-9.44842441e-01 -1.74856459e-07 -1.82291998e-01 -3.39271473e+00
  1.22660209e-05 -1.69426468e+00  3.34699382e+00  1.43554884e+00
  9.28005309e-01  3.34802491e+00 -1.43693791e+00  9.25189235e-01
 -2.75791421e+00 -2.63912753e-06 -9.79466846e-04  2.74375026e+00
 -6.32741380e-06  2.51144646e-03], f(x) = -0.007925389719212438
Iteration: 691, x = [-9.44842441e-01 -1.74856459e-07 -1.82291998e-01 -3.39271473e+00
  1.22660209e-05 -1.69426468e+00  3.34699382e+00  1.43554884e+00
  9.28005309e-01  3.34802491e+00 -1.43693791e+00  9.25189235e-01
 -2.75791421e+00 -2.63912753e-06 -9.79466846e-04  2.74375026e+00
 -6.32741380e-06  2.51144646e-03], f(x) = -0.007925389719212438
Iteration: 692, x = [-9.44842441e-01 -1.74856459e-07 -1.82291998e-01 -3.39271473e+00
  1.22660209e-05 -1.69426468e+00  3.34699382e+00  1.43554884e+00
  9.28005309e-01  3.34802491e+00 -1.43693791e+00  9.25189235e-01
 -2.75791421e+00 -2.63912753e-06 -9.79466846e-04  2.74375026e+00
 -6.32741380e-06  2.51144646e-03], f(x) = -0.007925389719212438
Iteration: 693, x = [-9.44842441e-01 -1.74856459e-07 -1.82291998e-01 -3.39271473e+00
  1.22660209e-05 -1.69426468e+00  3.34699382e+00  1.43554884e+00
  9.28005309e-01  3.34802491e+00 -1.43693791e+00  9.25189235e-01
 -2.75791421e+00 -2.63912753e-06 -9.79466846e-04  2.74375026e+00
 -6.32741380e-06  2.51144646e-03], f(x) = -0.007925389719212438
Iteration: 694, x = [-9.44842441e-01 -1.74856459e-07 -1.82291998e-01 -3.39271473e+00
  1.22660209e-05 -1.69426468e+00  3.34699382e+00  1.43554884e+00
  9.28005309e-01  3.34802491e+00 -1.43693791e+00  9.25189235e-01
 -2.75791421e+00 -2.63912753e-06 -9.79466846e-04  2.74375026e+00
 -6.32741380e-06  2.51144646e-03], f(x) = -0.007925389719212438
Iteration: 695, x = [-9.44842441e-01 -1.74856459e-07 -1.82291998e-01 -3.39271473e+00
  1.22660209e-05 -1.69426468e+00  3.34699382e+00  1.43554884e+00
  9.28005309e-01  3.34802491e+00 -1.43693791e+00  9.25189235e-01
 -2.75791421e+00 -2.63912753e-06 -9.79466846e-04  2.74375026e+00
 -6.32741380e-06  2.51144646e-03], f(x) = -0.007925389719212438
Iteration: 696, x = [-9.44842441e-01 -1.74856459e-07 -1.82291998e-01 -3.39271473e+00
  1.22660209e-05 -1.69426468e+00  3.34699382e+00  1.43554884e+00
  9.28005309e-01  3.34802491e+00 -1.43693791e+00  9.25189235e-01
 -2.75791421e+00 -2.63912753e-06 -9.79466846e-04  2.74375026e+00
 -6.32741380e-06  2.51144646e-03], f(x) = -0.007925389719212438
Iteration: 697, x = [-9.44845078e-01 -1.75038033e-07 -1.82292741e-01 -3.39270210e+00
  1.22696871e-05 -1.69425749e+00  3.34689503e+00  1.43554373e+00
  9.27992023e-01  3.34794564e+00 -1.43694128e+00  9.25162509e-01
 -2.75792334e+00 -2.63998771e-06 -9.72991191e-04  2.74362986e+00
 -6.32494782e-06  2.51287396e-03], f(x) = -0.007925389728545998
Iteration: 698, x = [-9.44845078e-01 -1.75038033e-07 -1.82292741e-01 -3.39270210e+00
  1.22696871e-05 -1.69425749e+00  3.34689503e+00  1.43554373e+00
  9.27992023e-01  3.34794564e+00 -1.43694128e+00  9.25162509e-01
 -2.75792334e+00 -2.63998771e-06 -9.72991191e-04  2.74362986e+00
 -6.32494782e-06  2.51287396e-03], f(x) = -0.007925389728545998
Iteration: 699, x = [-9.44845078e-01 -1.75038033e-07 -1.82292741e-01 -3.39270210e+00
  1.22696871e-05 -1.69425749e+00  3.34689503e+00  1.43554373e+00
  9.27992023e-01  3.34794564e+00 -1.43694128e+00  9.25162509e-01
 -2.75792334e+00 -2.63998771e-06 -9.72991191e-04  2.74362986e+00
 -6.32494782e-06  2.51287396e-03], f(x) = -0.007925389728545998
Iteration: 700, x = [-9.44845078e-01 -1.75038033e-07 -1.82292741e-01 -3.39270210e+00
  1.22696871e-05 -1.69425749e+00  3.34689503e+00  1.43554373e+00
  9.27992023e-01  3.34794564e+00 -1.43694128e+00  9.25162509e-01
 -2.75792334e+00 -2.63998771e-06 -9.72991191e-04  2.74362986e+00
 -6.32494782e-06  2.51287396e-03], f(x) = -0.007925389728545998
Iteration: 701, x = [-9.44850208e-01 -1.75023280e-07 -1.82287359e-01 -3.39269919e+00
  1.22811699e-05 -1.69426966e+00  3.34694576e+00  1.43555628e+00
  9.27995938e-01  3.34798669e+00 -1.43693187e+00  9.25180884e-01
 -2.75792359e+00 -2.63794644e-06 -9.77568993e-04  2.74370439e+00
 -6.31827411e-06  2.51036151e-03], f(x) = -0.007925389743385695
Iteration: 702, x = [-9.44850208e-01 -1.75023280e-07 -1.82287359e-01 -3.39269919e+00
  1.22811699e-05 -1.69426966e+00  3.34694576e+00  1.43555628e+00
  9.27995938e-01  3.34798669e+00 -1.43693187e+00  9.25180884e-01
 -2.75792359e+00 -2.63794644e-06 -9.77568993e-04  2.74370439e+00
 -6.31827411e-06  2.51036151e-03], f(x) = -0.007925389743385695
Iteration: 703, x = [-9.44850208e-01 -1.75023280e-07 -1.82287359e-01 -3.39269919e+00
  1.22811699e-05 -1.69426966e+00  3.34694576e+00  1.43555628e+00
  9.27995938e-01  3.34798669e+00 -1.43693187e+00  9.25180884e-01
 -2.75792359e+00 -2.63794644e-06 -9.77568993e-04  2.74370439e+00
 -6.31827411e-06  2.51036151e-03], f(x) = -0.007925389743385695
Iteration: 704, x = [-9.44850208e-01 -1.75023280e-07 -1.82287359e-01 -3.39269919e+00
  1.22811699e-05 -1.69426966e+00  3.34694576e+00  1.43555628e+00
  9.27995938e-01  3.34798669e+00 -1.43693187e+00  9.25180884e-01
 -2.75792359e+00 -2.63794644e-06 -9.77568993e-04  2.74370439e+00
 -6.31827411e-06  2.51036151e-03], f(x) = -0.007925389743385695
Iteration: 705, x = [-9.44850208e-01 -1.75023280e-07 -1.82287359e-01 -3.39269919e+00
  1.22811699e-05 -1.69426966e+00  3.34694576e+00  1.43555628e+00
  9.27995938e-01  3.34798669e+00 -1.43693187e+00  9.25180884e-01
 -2.75792359e+00 -2.63794644e-06 -9.77568993e-04  2.74370439e+00
 -6.31827411e-06  2.51036151e-03], f(x) = -0.007925389743385695
Iteration: 706, x = [-9.44850208e-01 -1.75023280e-07 -1.82287359e-01 -3.39269919e+00
  1.22811699e-05 -1.69426966e+00  3.34694576e+00  1.43555628e+00
  9.27995938e-01  3.34798669e+00 -1.43693187e+00  9.25180884e-01
 -2.75792359e+00 -2.63794644e-06 -9.77568993e-04  2.74370439e+00
 -6.31827411e-06  2.51036151e-03], f(x) = -0.007925389743385695
Iteration: 707, x = [-9.44850208e-01 -1.75023280e-07 -1.82287359e-01 -3.39269919e+00
  1.22811699e-05 -1.69426966e+00  3.34694576e+00  1.43555628e+00
  9.27995938e-01  3.34798669e+00 -1.43693187e+00  9.25180884e-01
 -2.75792359e+00 -2.63794644e-06 -9.77568993e-04  2.74370439e+00
 -6.31827411e-06  2.51036151e-03], f(x) = -0.007925389743385695
Iteration: 708, x = [-9.44850208e-01 -1.75023280e-07 -1.82287359e-01 -3.39269919e+00
  1.22811699e-05 -1.69426966e+00  3.34694576e+00  1.43555628e+00
  9.27995938e-01  3.34798669e+00 -1.43693187e+00  9.25180884e-01
 -2.75792359e+00 -2.63794644e-06 -9.77568993e-04  2.74370439e+00
 -6.31827411e-06  2.51036151e-03], f(x) = -0.007925389743385695
Iteration: 709, x = [-9.44850208e-01 -1.75023280e-07 -1.82287359e-01 -3.39269919e+00
  1.22811699e-05 -1.69426966e+00  3.34694576e+00  1.43555628e+00
  9.27995938e-01  3.34798669e+00 -1.43693187e+00  9.25180884e-01
 -2.75792359e+00 -2.63794644e-06 -9.77568993e-04  2.74370439e+00
 -6.31827411e-06  2.51036151e-03], f(x) = -0.007925389743385695
Iteration: 710, x = [-9.44854086e-01 -1.75088313e-07 -1.82295021e-01 -3.39270097e+00
  1.22463040e-05 -1.69427108e+00  3.34703632e+00  1.43554672e+00
  9.27956064e-01  3.34802871e+00 -1.43694645e+00  9.25140137e-01
 -2.75792864e+00 -2.63810023e-06 -9.79102573e-04  2.74369502e+00
 -6.31106191e-06  2.51621916e-03], f(x) = -0.007925389760715683
Iteration: 711, x = [-9.44854086e-01 -1.75088313e-07 -1.82295021e-01 -3.39270097e+00
  1.22463040e-05 -1.69427108e+00  3.34703632e+00  1.43554672e+00
  9.27956064e-01  3.34802871e+00 -1.43694645e+00  9.25140137e-01
 -2.75792864e+00 -2.63810023e-06 -9.79102573e-04  2.74369502e+00
 -6.31106191e-06  2.51621916e-03], f(x) = -0.007925389760715683
Iteration: 712, x = [-9.44854086e-01 -1.75088313e-07 -1.82295021e-01 -3.39270097e+00
  1.22463040e-05 -1.69427108e+00  3.34703632e+00  1.43554672e+00
  9.27956064e-01  3.34802871e+00 -1.43694645e+00  9.25140137e-01
 -2.75792864e+00 -2.63810023e-06 -9.79102573e-04  2.74369502e+00
 -6.31106191e-06  2.51621916e-03], f(x) = -0.007925389760715683
Iteration: 713, x = [-9.44854086e-01 -1.75088313e-07 -1.82295021e-01 -3.39270097e+00
  1.22463040e-05 -1.69427108e+00  3.34703632e+00  1.43554672e+00
  9.27956064e-01  3.34802871e+00 -1.43694645e+00  9.25140137e-01
 -2.75792864e+00 -2.63810023e-06 -9.79102573e-04  2.74369502e+00
 -6.31106191e-06  2.51621916e-03], f(x) = -0.007925389760715683
Iteration: 714, x = [-9.44854086e-01 -1.75088313e-07 -1.82295021e-01 -3.39270097e+00
  1.22463040e-05 -1.69427108e+00  3.34703632e+00  1.43554672e+00
  9.27956064e-01  3.34802871e+00 -1.43694645e+00  9.25140137e-01
 -2.75792864e+00 -2.63810023e-06 -9.79102573e-04  2.74369502e+00
 -6.31106191e-06  2.51621916e-03], f(x) = -0.007925389760715683
Iteration: 715, x = [-9.44854086e-01 -1.75088313e-07 -1.82295021e-01 -3.39270097e+00
  1.22463040e-05 -1.69427108e+00  3.34703632e+00  1.43554672e+00
  9.27956064e-01  3.34802871e+00 -1.43694645e+00  9.25140137e-01
 -2.75792864e+00 -2.63810023e-06 -9.79102573e-04  2.74369502e+00
 -6.31106191e-06  2.51621916e-03], f(x) = -0.007925389760715683
Iteration: 716, x = [-9.44854086e-01 -1.75088313e-07 -1.82295021e-01 -3.39270097e+00
  1.22463040e-05 -1.69427108e+00  3.34703632e+00  1.43554672e+00
  9.27956064e-01  3.34802871e+00 -1.43694645e+00  9.25140137e-01
 -2.75792864e+00 -2.63810023e-06 -9.79102573e-04  2.74369502e+00
 -6.31106191e-06  2.51621916e-03], f(x) = -0.007925389760715683
Iteration: 717, x = [-9.44854086e-01 -1.75088313e-07 -1.82295021e-01 -3.39270097e+00
  1.22463040e-05 -1.69427108e+00  3.34703632e+00  1.43554672e+00
  9.27956064e-01  3.34802871e+00 -1.43694645e+00  9.25140137e-01
 -2.75792864e+00 -2.63810023e-06 -9.79102573e-04  2.74369502e+00
 -6.31106191e-06  2.51621916e-03], f(x) = -0.007925389760715683
Iteration: 718, x = [-9.44854086e-01 -1.75088313e-07 -1.82295021e-01 -3.39270097e+00
  1.22463040e-05 -1.69427108e+00  3.34703632e+00  1.43554672e+00
  9.27956064e-01  3.34802871e+00 -1.43694645e+00  9.25140137e-01
 -2.75792864e+00 -2.63810023e-06 -9.79102573e-04  2.74369502e+00
 -6.31106191e-06  2.51621916e-03], f(x) = -0.007925389760715683
Iteration: 719, x = [-9.44854086e-01 -1.75088313e-07 -1.82295021e-01 -3.39270097e+00
  1.22463040e-05 -1.69427108e+00  3.34703632e+00  1.43554672e+00
  9.27956064e-01  3.34802871e+00 -1.43694645e+00  9.25140137e-01
 -2.75792864e+00 -2.63810023e-06 -9.79102573e-04  2.74369502e+00
 -6.31106191e-06  2.51621916e-03], f(x) = -0.007925389760715683
Iteration: 720, x = [-9.44854086e-01 -1.75088313e-07 -1.82295021e-01 -3.39270097e+00
  1.22463040e-05 -1.69427108e+00  3.34703632e+00  1.43554672e+00
  9.27956064e-01  3.34802871e+00 -1.43694645e+00  9.25140137e-01
 -2.75792864e+00 -2.63810023e-06 -9.79102573e-04  2.74369502e+00
 -6.31106191e-06  2.51621916e-03], f(x) = -0.007925389760715683
Iteration: 721, x = [-9.44841412e-01 -1.74948604e-07 -1.82337674e-01 -3.39272763e+00
  1.22888522e-05 -1.69425933e+00  3.34696352e+00  1.43554216e+00
  9.27993340e-01  3.34796252e+00 -1.43693718e+00  9.25186913e-01
 -2.75790825e+00 -2.63586585e-06 -9.79736487e-04  2.74369934e+00
 -6.30898262e-06  2.50998416e-03], f(x) = -0.007925389775427
Iteration: 722, x = [-9.44841412e-01 -1.74948604e-07 -1.82337674e-01 -3.39272763e+00
  1.22888522e-05 -1.69425933e+00  3.34696352e+00  1.43554216e+00
  9.27993340e-01  3.34796252e+00 -1.43693718e+00  9.25186913e-01
 -2.75790825e+00 -2.63586585e-06 -9.79736487e-04  2.74369934e+00
 -6.30898262e-06  2.50998416e-03], f(x) = -0.007925389775427
Iteration: 723, x = [-9.44841412e-01 -1.74948604e-07 -1.82337674e-01 -3.39272763e+00
  1.22888522e-05 -1.69425933e+00  3.34696352e+00  1.43554216e+00
  9.27993340e-01  3.34796252e+00 -1.43693718e+00  9.25186913e-01
 -2.75790825e+00 -2.63586585e-06 -9.79736487e-04  2.74369934e+00
 -6.30898262e-06  2.50998416e-03], f(x) = -0.007925389775427
Iteration: 724, x = [-9.44841412e-01 -1.74948604e-07 -1.82337674e-01 -3.39272763e+00
  1.22888522e-05 -1.69425933e+00  3.34696352e+00  1.43554216e+00
  9.27993340e-01  3.34796252e+00 -1.43693718e+00  9.25186913e-01
 -2.75790825e+00 -2.63586585e-06 -9.79736487e-04  2.74369934e+00
 -6.30898262e-06  2.50998416e-03], f(x) = -0.007925389775427
Iteration: 725, x = [-9.44841412e-01 -1.74948604e-07 -1.82337674e-01 -3.39272763e+00
  1.22888522e-05 -1.69425933e+00  3.34696352e+00  1.43554216e+00
  9.27993340e-01  3.34796252e+00 -1.43693718e+00  9.25186913e-01
 -2.75790825e+00 -2.63586585e-06 -9.79736487e-04  2.74369934e+00
 -6.30898262e-06  2.50998416e-03], f(x) = -0.007925389775427
Iteration: 726, x = [-9.44841412e-01 -1.74948604e-07 -1.82337674e-01 -3.39272763e+00
  1.22888522e-05 -1.69425933e+00  3.34696352e+00  1.43554216e+00
  9.27993340e-01  3.34796252e+00 -1.43693718e+00  9.25186913e-01
 -2.75790825e+00 -2.63586585e-06 -9.79736487e-04  2.74369934e+00
 -6.30898262e-06  2.50998416e-03], f(x) = -0.007925389775427
Iteration: 727, x = [-9.44830185e-01 -1.74822393e-07 -1.82341722e-01 -3.39273513e+00
  1.22678169e-05 -1.69424217e+00  3.34693452e+00  1.43554693e+00
  9.28000911e-01  3.34795178e+00 -1.43693456e+00  9.25196447e-01
 -2.75789405e+00 -2.63700123e-06 -9.78613602e-04  2.74368944e+00
 -6.31748708e-06  2.51289304e-03], f(x) = -0.007925389777944932
Iteration: 728, x = [-9.44830185e-01 -1.74822393e-07 -1.82341722e-01 -3.39273513e+00
  1.22678169e-05 -1.69424217e+00  3.34693452e+00  1.43554693e+00
  9.28000911e-01  3.34795178e+00 -1.43693456e+00  9.25196447e-01
 -2.75789405e+00 -2.63700123e-06 -9.78613602e-04  2.74368944e+00
 -6.31748708e-06  2.51289304e-03], f(x) = -0.007925389777944932
Iteration: 729, x = [-9.44830185e-01 -1.74822393e-07 -1.82341722e-01 -3.39273513e+00
  1.22678169e-05 -1.69424217e+00  3.34693452e+00  1.43554693e+00
  9.28000911e-01  3.34795178e+00 -1.43693456e+00  9.25196447e-01
 -2.75789405e+00 -2.63700123e-06 -9.78613602e-04  2.74368944e+00
 -6.31748708e-06  2.51289304e-03], f(x) = -0.007925389777944932
Iteration: 730, x = [-9.44830185e-01 -1.74822393e-07 -1.82341722e-01 -3.39273513e+00
  1.22678169e-05 -1.69424217e+00  3.34693452e+00  1.43554693e+00
  9.28000911e-01  3.34795178e+00 -1.43693456e+00  9.25196447e-01
 -2.75789405e+00 -2.63700123e-06 -9.78613602e-04  2.74368944e+00
 -6.31748708e-06  2.51289304e-03], f(x) = -0.007925389777944932
Iteration: 731, x = [-9.44830185e-01 -1.74822393e-07 -1.82341722e-01 -3.39273513e+00
  1.22678169e-05 -1.69424217e+00  3.34693452e+00  1.43554693e+00
  9.28000911e-01  3.34795178e+00 -1.43693456e+00  9.25196447e-01
 -2.75789405e+00 -2.63700123e-06 -9.78613602e-04  2.74368944e+00
 -6.31748708e-06  2.51289304e-03], f(x) = -0.007925389777944932
Iteration: 732, x = [-9.44830185e-01 -1.74822393e-07 -1.82341722e-01 -3.39273513e+00
  1.22678169e-05 -1.69424217e+00  3.34693452e+00  1.43554693e+00
  9.28000911e-01  3.34795178e+00 -1.43693456e+00  9.25196447e-01
 -2.75789405e+00 -2.63700123e-06 -9.78613602e-04  2.74368944e+00
 -6.31748708e-06  2.51289304e-03], f(x) = -0.007925389777944932
Iteration: 733, x = [-9.44830185e-01 -1.74822393e-07 -1.82341722e-01 -3.39273513e+00
  1.22678169e-05 -1.69424217e+00  3.34693452e+00  1.43554693e+00
  9.28000911e-01  3.34795178e+00 -1.43693456e+00  9.25196447e-01
 -2.75789405e+00 -2.63700123e-06 -9.78613602e-04  2.74368944e+00
 -6.31748708e-06  2.51289304e-03], f(x) = -0.007925389777944932
Iteration: 734, x = [-9.44830185e-01 -1.74822393e-07 -1.82341722e-01 -3.39273513e+00
  1.22678169e-05 -1.69424217e+00  3.34693452e+00  1.43554693e+00
  9.28000911e-01  3.34795178e+00 -1.43693456e+00  9.25196447e-01
 -2.75789405e+00 -2.63700123e-06 -9.78613602e-04  2.74368944e+00
 -6.31748708e-06  2.51289304e-03], f(x) = -0.007925389777944932
Iteration: 735, x = [-9.44847312e-01 -1.75100681e-07 -1.82280883e-01 -3.39269416e+00
  1.22450466e-05 -1.69426647e+00  3.34698917e+00  1.43554883e+00
  9.27981561e-01  3.34799485e+00 -1.43693655e+00  9.25174730e-01
 -2.75792486e+00 -2.64095441e-06 -9.76531813e-04  2.74369534e+00
 -6.32332878e-06  2.51449003e-03], f(x) = -0.007925389778719313
Iteration: 736, x = [-9.44847312e-01 -1.75100681e-07 -1.82280883e-01 -3.39269416e+00
  1.22450466e-05 -1.69426647e+00  3.34698917e+00  1.43554883e+00
  9.27981561e-01  3.34799485e+00 -1.43693655e+00  9.25174730e-01
 -2.75792486e+00 -2.64095441e-06 -9.76531813e-04  2.74369534e+00
 -6.32332878e-06  2.51449003e-03], f(x) = -0.007925389778719313
Iteration: 737, x = [-9.44847312e-01 -1.75100681e-07 -1.82280883e-01 -3.39269416e+00
  1.22450466e-05 -1.69426647e+00  3.34698917e+00  1.43554883e+00
  9.27981561e-01  3.34799485e+00 -1.43693655e+00  9.25174730e-01
 -2.75792486e+00 -2.64095441e-06 -9.76531813e-04  2.74369534e+00
 -6.32332878e-06  2.51449003e-03], f(x) = -0.007925389778719313
Iteration: 738, x = [-9.44847312e-01 -1.75100681e-07 -1.82280883e-01 -3.39269416e+00
  1.22450466e-05 -1.69426647e+00  3.34698917e+00  1.43554883e+00
  9.27981561e-01  3.34799485e+00 -1.43693655e+00  9.25174730e-01
 -2.75792486e+00 -2.64095441e-06 -9.76531813e-04  2.74369534e+00
 -6.32332878e-06  2.51449003e-03], f(x) = -0.007925389778719313
Iteration: 739, x = [-9.44836101e-01 -1.74881833e-07 -1.82325953e-01 -3.39273044e+00
  1.22477445e-05 -1.69425066e+00  3.34699401e+00  1.43554049e+00
  9.27974582e-01  3.34798803e+00 -1.43694237e+00  9.25168273e-01
 -2.75790575e+00 -2.63812022e-06 -9.78791430e-04  2.74368303e+00
 -6.31534037e-06  2.51598376e-03], f(x) = -0.00792538978755548
Iteration: 740, x = [-9.44836101e-01 -1.74881833e-07 -1.82325953e-01 -3.39273044e+00
  1.22477445e-05 -1.69425066e+00  3.34699401e+00  1.43554049e+00
  9.27974582e-01  3.34798803e+00 -1.43694237e+00  9.25168273e-01
 -2.75790575e+00 -2.63812022e-06 -9.78791430e-04  2.74368303e+00
 -6.31534037e-06  2.51598376e-03], f(x) = -0.00792538978755548
Iteration: 741, x = [-9.44836101e-01 -1.74881833e-07 -1.82325953e-01 -3.39273044e+00
  1.22477445e-05 -1.69425066e+00  3.34699401e+00  1.43554049e+00
  9.27974582e-01  3.34798803e+00 -1.43694237e+00  9.25168273e-01
 -2.75790575e+00 -2.63812022e-06 -9.78791430e-04  2.74368303e+00
 -6.31534037e-06  2.51598376e-03], f(x) = -0.00792538978755548
Iteration: 742, x = [-9.44836101e-01 -1.74881833e-07 -1.82325953e-01 -3.39273044e+00
  1.22477445e-05 -1.69425066e+00  3.34699401e+00  1.43554049e+00
  9.27974582e-01  3.34798803e+00 -1.43694237e+00  9.25168273e-01
 -2.75790575e+00 -2.63812022e-06 -9.78791430e-04  2.74368303e+00
 -6.31534037e-06  2.51598376e-03], f(x) = -0.00792538978755548
Iteration: 743, x = [-9.44836101e-01 -1.74881833e-07 -1.82325953e-01 -3.39273044e+00
  1.22477445e-05 -1.69425066e+00  3.34699401e+00  1.43554049e+00
  9.27974582e-01  3.34798803e+00 -1.43694237e+00  9.25168273e-01
 -2.75790575e+00 -2.63812022e-06 -9.78791430e-04  2.74368303e+00
 -6.31534037e-06  2.51598376e-03], f(x) = -0.00792538978755548
Iteration: 744, x = [-9.44836101e-01 -1.74881833e-07 -1.82325953e-01 -3.39273044e+00
  1.22477445e-05 -1.69425066e+00  3.34699401e+00  1.43554049e+00
  9.27974582e-01  3.34798803e+00 -1.43694237e+00  9.25168273e-01
 -2.75790575e+00 -2.63812022e-06 -9.78791430e-04  2.74368303e+00
 -6.31534037e-06  2.51598376e-03], f(x) = -0.00792538978755548
Iteration: 745, x = [-9.44836101e-01 -1.74881833e-07 -1.82325953e-01 -3.39273044e+00
  1.22477445e-05 -1.69425066e+00  3.34699401e+00  1.43554049e+00
  9.27974582e-01  3.34798803e+00 -1.43694237e+00  9.25168273e-01
 -2.75790575e+00 -2.63812022e-06 -9.78791430e-04  2.74368303e+00
 -6.31534037e-06  2.51598376e-03], f(x) = -0.00792538978755548
Iteration: 746, x = [-9.44827146e-01 -1.74846541e-07 -1.82331578e-01 -3.39272365e+00
  1.22614944e-05 -1.69424483e+00  3.34694396e+00  1.43554414e+00
  9.28002210e-01  3.34794024e+00 -1.43694684e+00  9.25186893e-01
 -2.75789853e+00 -2.63888086e-06 -9.75497158e-04  2.74367916e+00
 -6.31569537e-06  2.51618998e-03], f(x) = -0.007925389789277182
Iteration: 747, x = [-9.44827146e-01 -1.74846541e-07 -1.82331578e-01 -3.39272365e+00
  1.22614944e-05 -1.69424483e+00  3.34694396e+00  1.43554414e+00
  9.28002210e-01  3.34794024e+00 -1.43694684e+00  9.25186893e-01
 -2.75789853e+00 -2.63888086e-06 -9.75497158e-04  2.74367916e+00
 -6.31569537e-06  2.51618998e-03], f(x) = -0.007925389789277182
Iteration: 748, x = [-9.44827146e-01 -1.74846541e-07 -1.82331578e-01 -3.39272365e+00
  1.22614944e-05 -1.69424483e+00  3.34694396e+00  1.43554414e+00
  9.28002210e-01  3.34794024e+00 -1.43694684e+00  9.25186893e-01
 -2.75789853e+00 -2.63888086e-06 -9.75497158e-04  2.74367916e+00
 -6.31569537e-06  2.51618998e-03], f(x) = -0.007925389789277182
Iteration: 749, x = [-9.44827146e-01 -1.74846541e-07 -1.82331578e-01 -3.39272365e+00
  1.22614944e-05 -1.69424483e+00  3.34694396e+00  1.43554414e+00
  9.28002210e-01  3.34794024e+00 -1.43694684e+00  9.25186893e-01
 -2.75789853e+00 -2.63888086e-06 -9.75497158e-04  2.74367916e+00
 -6.31569537e-06  2.51618998e-03], f(x) = -0.007925389789277182
Iteration: 750, x = [-9.44839855e-01 -1.75008616e-07 -1.82334739e-01 -3.39273270e+00
  1.22504380e-05 -1.69425036e+00  3.34697130e+00  1.43554402e+00
  9.27967469e-01  3.34795227e+00 -1.43694283e+00  9.25166949e-01
 -2.75790736e+00 -2.63854527e-06 -9.78117393e-04  2.74365433e+00
 -6.31059294e-06  2.51596800e-03], f(x) = -0.007925389795203065
Iteration: 751, x = [-9.44839855e-01 -1.75008616e-07 -1.82334739e-01 -3.39273270e+00
  1.22504380e-05 -1.69425036e+00  3.34697130e+00  1.43554402e+00
  9.27967469e-01  3.34795227e+00 -1.43694283e+00  9.25166949e-01
 -2.75790736e+00 -2.63854527e-06 -9.78117393e-04  2.74365433e+00
 -6.31059294e-06  2.51596800e-03], f(x) = -0.007925389795203065
Iteration: 752, x = [-9.44839855e-01 -1.75008616e-07 -1.82334739e-01 -3.39273270e+00
  1.22504380e-05 -1.69425036e+00  3.34697130e+00  1.43554402e+00
  9.27967469e-01  3.34795227e+00 -1.43694283e+00  9.25166949e-01
 -2.75790736e+00 -2.63854527e-06 -9.78117393e-04  2.74365433e+00
 -6.31059294e-06  2.51596800e-03], f(x) = -0.007925389795203065
Iteration: 753, x = [-9.44839855e-01 -1.75008616e-07 -1.82334739e-01 -3.39273270e+00
  1.22504380e-05 -1.69425036e+00  3.34697130e+00  1.43554402e+00
  9.27967469e-01  3.34795227e+00 -1.43694283e+00  9.25166949e-01
 -2.75790736e+00 -2.63854527e-06 -9.78117393e-04  2.74365433e+00
 -6.31059294e-06  2.51596800e-03], f(x) = -0.007925389795203065
Iteration: 754, x = [-9.44839855e-01 -1.75008616e-07 -1.82334739e-01 -3.39273270e+00
  1.22504380e-05 -1.69425036e+00  3.34697130e+00  1.43554402e+00
  9.27967469e-01  3.34795227e+00 -1.43694283e+00  9.25166949e-01
 -2.75790736e+00 -2.63854527e-06 -9.78117393e-04  2.74365433e+00
 -6.31059294e-06  2.51596800e-03], f(x) = -0.007925389795203065
Iteration: 755, x = [-9.44822149e-01 -1.74961802e-07 -1.82341659e-01 -3.39271977e+00
  1.22605081e-05 -1.69424309e+00  3.34694230e+00  1.43553860e+00
  9.28023990e-01  3.34789236e+00 -1.43694901e+00  9.25216978e-01
 -2.75788271e+00 -2.64140594e-06 -9.76116256e-04  2.74368871e+00
 -6.30917475e-06  2.51657119e-03], f(x) = -0.007925389814842174
Iteration: 756, x = [-9.44822149e-01 -1.74961802e-07 -1.82341659e-01 -3.39271977e+00
  1.22605081e-05 -1.69424309e+00  3.34694230e+00  1.43553860e+00
  9.28023990e-01  3.34789236e+00 -1.43694901e+00  9.25216978e-01
 -2.75788271e+00 -2.64140594e-06 -9.76116256e-04  2.74368871e+00
 -6.30917475e-06  2.51657119e-03], f(x) = -0.007925389814842174
Iteration: 757, x = [-9.44822149e-01 -1.74961802e-07 -1.82341659e-01 -3.39271977e+00
  1.22605081e-05 -1.69424309e+00  3.34694230e+00  1.43553860e+00
  9.28023990e-01  3.34789236e+00 -1.43694901e+00  9.25216978e-01
 -2.75788271e+00 -2.64140594e-06 -9.76116256e-04  2.74368871e+00
 -6.30917475e-06  2.51657119e-03], f(x) = -0.007925389814842174
Iteration: 758, x = [-9.44822149e-01 -1.74961802e-07 -1.82341659e-01 -3.39271977e+00
  1.22605081e-05 -1.69424309e+00  3.34694230e+00  1.43553860e+00
  9.28023990e-01  3.34789236e+00 -1.43694901e+00  9.25216978e-01
 -2.75788271e+00 -2.64140594e-06 -9.76116256e-04  2.74368871e+00
 -6.30917475e-06  2.51657119e-03], f(x) = -0.007925389814842174
Iteration: 759, x = [-9.44822149e-01 -1.74961802e-07 -1.82341659e-01 -3.39271977e+00
  1.22605081e-05 -1.69424309e+00  3.34694230e+00  1.43553860e+00
  9.28023990e-01  3.34789236e+00 -1.43694901e+00  9.25216978e-01
 -2.75788271e+00 -2.64140594e-06 -9.76116256e-04  2.74368871e+00
 -6.30917475e-06  2.51657119e-03], f(x) = -0.007925389814842174
Iteration: 760, x = [-9.44822149e-01 -1.74961802e-07 -1.82341659e-01 -3.39271977e+00
  1.22605081e-05 -1.69424309e+00  3.34694230e+00  1.43553860e+00
  9.28023990e-01  3.34789236e+00 -1.43694901e+00  9.25216978e-01
 -2.75788271e+00 -2.64140594e-06 -9.76116256e-04  2.74368871e+00
 -6.30917475e-06  2.51657119e-03], f(x) = -0.007925389814842174
Iteration: 761, x = [-9.44822149e-01 -1.74961802e-07 -1.82341659e-01 -3.39271977e+00
  1.22605081e-05 -1.69424309e+00  3.34694230e+00  1.43553860e+00
  9.28023990e-01  3.34789236e+00 -1.43694901e+00  9.25216978e-01
 -2.75788271e+00 -2.64140594e-06 -9.76116256e-04  2.74368871e+00
 -6.30917475e-06  2.51657119e-03], f(x) = -0.007925389814842174
Iteration: 762, x = [-9.44822149e-01 -1.74961802e-07 -1.82341659e-01 -3.39271977e+00
  1.22605081e-05 -1.69424309e+00  3.34694230e+00  1.43553860e+00
  9.28023990e-01  3.34789236e+00 -1.43694901e+00  9.25216978e-01
 -2.75788271e+00 -2.64140594e-06 -9.76116256e-04  2.74368871e+00
 -6.30917475e-06  2.51657119e-03], f(x) = -0.007925389814842174
Iteration: 763, x = [-9.44822149e-01 -1.74961802e-07 -1.82341659e-01 -3.39271977e+00
  1.22605081e-05 -1.69424309e+00  3.34694230e+00  1.43553860e+00
  9.28023990e-01  3.34789236e+00 -1.43694901e+00  9.25216978e-01
 -2.75788271e+00 -2.64140594e-06 -9.76116256e-04  2.74368871e+00
 -6.30917475e-06  2.51657119e-03], f(x) = -0.007925389814842174
Iteration: 764, x = [-9.44822149e-01 -1.74961802e-07 -1.82341659e-01 -3.39271977e+00
  1.22605081e-05 -1.69424309e+00  3.34694230e+00  1.43553860e+00
  9.28023990e-01  3.34789236e+00 -1.43694901e+00  9.25216978e-01
 -2.75788271e+00 -2.64140594e-06 -9.76116256e-04  2.74368871e+00
 -6.30917475e-06  2.51657119e-03], f(x) = -0.007925389814842174
Iteration: 765, x = [-9.44822149e-01 -1.74961802e-07 -1.82341659e-01 -3.39271977e+00
  1.22605081e-05 -1.69424309e+00  3.34694230e+00  1.43553860e+00
  9.28023990e-01  3.34789236e+00 -1.43694901e+00  9.25216978e-01
 -2.75788271e+00 -2.64140594e-06 -9.76116256e-04  2.74368871e+00
 -6.30917475e-06  2.51657119e-03], f(x) = -0.007925389814842174
Iteration: 766, x = [-9.44822149e-01 -1.74961802e-07 -1.82341659e-01 -3.39271977e+00
  1.22605081e-05 -1.69424309e+00  3.34694230e+00  1.43553860e+00
  9.28023990e-01  3.34789236e+00 -1.43694901e+00  9.25216978e-01
 -2.75788271e+00 -2.64140594e-06 -9.76116256e-04  2.74368871e+00
 -6.30917475e-06  2.51657119e-03], f(x) = -0.007925389814842174
Iteration: 767, x = [-9.44822149e-01 -1.74961802e-07 -1.82341659e-01 -3.39271977e+00
  1.22605081e-05 -1.69424309e+00  3.34694230e+00  1.43553860e+00
  9.28023990e-01  3.34789236e+00 -1.43694901e+00  9.25216978e-01
 -2.75788271e+00 -2.64140594e-06 -9.76116256e-04  2.74368871e+00
 -6.30917475e-06  2.51657119e-03], f(x) = -0.007925389814842174
Iteration: 768, x = [-9.44822149e-01 -1.74961802e-07 -1.82341659e-01 -3.39271977e+00
  1.22605081e-05 -1.69424309e+00  3.34694230e+00  1.43553860e+00
  9.28023990e-01  3.34789236e+00 -1.43694901e+00  9.25216978e-01
 -2.75788271e+00 -2.64140594e-06 -9.76116256e-04  2.74368871e+00
 -6.30917475e-06  2.51657119e-03], f(x) = -0.007925389814842174
Iteration: 769, x = [-9.44822149e-01 -1.74961802e-07 -1.82341659e-01 -3.39271977e+00
  1.22605081e-05 -1.69424309e+00  3.34694230e+00  1.43553860e+00
  9.28023990e-01  3.34789236e+00 -1.43694901e+00  9.25216978e-01
 -2.75788271e+00 -2.64140594e-06 -9.76116256e-04  2.74368871e+00
 -6.30917475e-06  2.51657119e-03], f(x) = -0.007925389814842174
Iteration: 770, x = [-9.44822149e-01 -1.74961802e-07 -1.82341659e-01 -3.39271977e+00
  1.22605081e-05 -1.69424309e+00  3.34694230e+00  1.43553860e+00
  9.28023990e-01  3.34789236e+00 -1.43694901e+00  9.25216978e-01
 -2.75788271e+00 -2.64140594e-06 -9.76116256e-04  2.74368871e+00
 -6.30917475e-06  2.51657119e-03], f(x) = -0.007925389814842174
Iteration: 771, x = [-9.44822149e-01 -1.74961802e-07 -1.82341659e-01 -3.39271977e+00
  1.22605081e-05 -1.69424309e+00  3.34694230e+00  1.43553860e+00
  9.28023990e-01  3.34789236e+00 -1.43694901e+00  9.25216978e-01
 -2.75788271e+00 -2.64140594e-06 -9.76116256e-04  2.74368871e+00
 -6.30917475e-06  2.51657119e-03], f(x) = -0.007925389814842174
Iteration: 772, x = [-9.44817067e-01 -1.74819544e-07 -1.82351074e-01 -3.39273750e+00
  1.22426095e-05 -1.69424022e+00  3.34698489e+00  1.43553619e+00
  9.28003421e-01  3.34793579e+00 -1.43695481e+00  9.25199304e-01
 -2.75788468e+00 -2.63897802e-06 -9.77124682e-04  2.74370307e+00
 -6.30793451e-06  2.52025026e-03], f(x) = -0.007925389816909198
Iteration: 773, x = [-9.44817067e-01 -1.74819544e-07 -1.82351074e-01 -3.39273750e+00
  1.22426095e-05 -1.69424022e+00  3.34698489e+00  1.43553619e+00
  9.28003421e-01  3.34793579e+00 -1.43695481e+00  9.25199304e-01
 -2.75788468e+00 -2.63897802e-06 -9.77124682e-04  2.74370307e+00
 -6.30793451e-06  2.52025026e-03], f(x) = -0.007925389816909198
Iteration: 774, x = [-9.44817067e-01 -1.74819544e-07 -1.82351074e-01 -3.39273750e+00
  1.22426095e-05 -1.69424022e+00  3.34698489e+00  1.43553619e+00
  9.28003421e-01  3.34793579e+00 -1.43695481e+00  9.25199304e-01
 -2.75788468e+00 -2.63897802e-06 -9.77124682e-04  2.74370307e+00
 -6.30793451e-06  2.52025026e-03], f(x) = -0.007925389816909198
Iteration: 775, x = [-9.44825282e-01 -1.74986689e-07 -1.82331167e-01 -3.39272147e+00
  1.22537702e-05 -1.69424454e+00  3.34696878e+00  1.43554366e+00
  9.28003253e-01  3.34791366e+00 -1.43695298e+00  9.25196739e-01
 -2.75789324e+00 -2.63949278e-06 -9.75982024e-04  2.74368816e+00
 -6.30483468e-06  2.51928283e-03], f(x) = -0.007925389819387441
Iteration: 776, x = [-9.44825282e-01 -1.74986689e-07 -1.82331167e-01 -3.39272147e+00
  1.22537702e-05 -1.69424454e+00  3.34696878e+00  1.43554366e+00
  9.28003253e-01  3.34791366e+00 -1.43695298e+00  9.25196739e-01
 -2.75789324e+00 -2.63949278e-06 -9.75982024e-04  2.74368816e+00
 -6.30483468e-06  2.51928283e-03], f(x) = -0.007925389819387441
Iteration: 777, x = [-9.44833470e-01 -1.75029114e-07 -1.82328412e-01 -3.39273003e+00
  1.22402468e-05 -1.69424942e+00  3.34702121e+00  1.43553972e+00
  9.27975725e-01  3.34795674e+00 -1.43694945e+00  9.25179256e-01
 -2.75789874e+00 -2.63863922e-06 -9.79456287e-04  2.74369250e+00
 -6.30254686e-06  2.51940745e-03], f(x) = -0.007925389827312996
Iteration: 778, x = [-9.44833470e-01 -1.75029114e-07 -1.82328412e-01 -3.39273003e+00
  1.22402468e-05 -1.69424942e+00  3.34702121e+00  1.43553972e+00
  9.27975725e-01  3.34795674e+00 -1.43694945e+00  9.25179256e-01
 -2.75789874e+00 -2.63863922e-06 -9.79456287e-04  2.74369250e+00
 -6.30254686e-06  2.51940745e-03], f(x) = -0.007925389827312996
Iteration: 779, x = [-9.44793316e-01 -1.74656496e-07 -1.82390017e-01 -3.39273978e+00
  1.22258946e-05 -1.69422217e+00  3.34698516e+00  1.43553190e+00
  9.28033881e-01  3.34788386e+00 -1.43696318e+00  9.25244660e-01
 -2.75785590e+00 -2.64014350e-06 -9.76479233e-04  2.74372308e+00
 -6.30790911e-06  2.52430373e-03], f(x) = -0.007925389836447437
Iteration: 780, x = [-9.44793316e-01 -1.74656496e-07 -1.82390017e-01 -3.39273978e+00
  1.22258946e-05 -1.69422217e+00  3.34698516e+00  1.43553190e+00
  9.28033881e-01  3.34788386e+00 -1.43696318e+00  9.25244660e-01
 -2.75785590e+00 -2.64014350e-06 -9.76479233e-04  2.74372308e+00
 -6.30790911e-06  2.52430373e-03], f(x) = -0.007925389836447437
Iteration: 781, x = [-9.44793316e-01 -1.74656496e-07 -1.82390017e-01 -3.39273978e+00
  1.22258946e-05 -1.69422217e+00  3.34698516e+00  1.43553190e+00
  9.28033881e-01  3.34788386e+00 -1.43696318e+00  9.25244660e-01
 -2.75785590e+00 -2.64014350e-06 -9.76479233e-04  2.74372308e+00
 -6.30790911e-06  2.52430373e-03], f(x) = -0.007925389836447437
Iteration: 782, x = [-9.44816781e-01 -1.74911213e-07 -1.82333477e-01 -3.39271841e+00
  1.22537253e-05 -1.69424315e+00  3.34699136e+00  1.43553532e+00
  9.28020132e-01  3.34791834e+00 -1.43695701e+00  9.25210258e-01
 -2.75788472e+00 -2.63915682e-06 -9.76465856e-04  2.74371760e+00
 -6.30313746e-06  2.51999157e-03], f(x) = -0.007925389838982394
Iteration: 783, x = [-9.44841682e-01 -1.75446551e-07 -1.82283195e-01 -3.39269459e+00
  1.22233639e-05 -1.69426054e+00  3.34702166e+00  1.43553362e+00
  9.27964796e-01  3.34791153e+00 -1.43696687e+00  9.25166899e-01
 -2.75791149e+00 -2.64337093e-06 -9.73681982e-04  2.74364490e+00
 -6.29623288e-06  2.52409332e-03], f(x) = -0.007925389843198486
Iteration: 784, x = [-9.44839510e-01 -1.75296056e-07 -1.82306958e-01 -3.39271654e+00
  1.22320527e-05 -1.69425395e+00  3.34700727e+00  1.43552622e+00
  9.27971220e-01  3.34792780e+00 -1.43695463e+00  9.25174992e-01
 -2.75791047e+00 -2.64056873e-06 -9.76106045e-04  2.74365773e+00
 -6.30267545e-06  2.52076430e-03], f(x) = -0.007925389857952036
Iteration: 785, x = [-9.44839510e-01 -1.75296056e-07 -1.82306958e-01 -3.39271654e+00
  1.22320527e-05 -1.69425395e+00  3.34700727e+00  1.43552622e+00
  9.27971220e-01  3.34792780e+00 -1.43695463e+00  9.25174992e-01
 -2.75791047e+00 -2.64056873e-06 -9.76106045e-04  2.74365773e+00
 -6.30267545e-06  2.52076430e-03], f(x) = -0.007925389857952036
Iteration: 786, x = [-9.44839510e-01 -1.75296056e-07 -1.82306958e-01 -3.39271654e+00
  1.22320527e-05 -1.69425395e+00  3.34700727e+00  1.43552622e+00
  9.27971220e-01  3.34792780e+00 -1.43695463e+00  9.25174992e-01
 -2.75791047e+00 -2.64056873e-06 -9.76106045e-04  2.74365773e+00
 -6.30267545e-06  2.52076430e-03], f(x) = -0.007925389857952036
Iteration: 787, x = [-9.44839510e-01 -1.75296056e-07 -1.82306958e-01 -3.39271654e+00
  1.22320527e-05 -1.69425395e+00  3.34700727e+00  1.43552622e+00
  9.27971220e-01  3.34792780e+00 -1.43695463e+00  9.25174992e-01
 -2.75791047e+00 -2.64056873e-06 -9.76106045e-04  2.74365773e+00
 -6.30267545e-06  2.52076430e-03], f(x) = -0.007925389857952036
Iteration: 788, x = [-9.44839510e-01 -1.75296056e-07 -1.82306958e-01 -3.39271654e+00
  1.22320527e-05 -1.69425395e+00  3.34700727e+00  1.43552622e+00
  9.27971220e-01  3.34792780e+00 -1.43695463e+00  9.25174992e-01
 -2.75791047e+00 -2.64056873e-06 -9.76106045e-04  2.74365773e+00
 -6.30267545e-06  2.52076430e-03], f(x) = -0.007925389857952036
Iteration: 789, x = [-9.44839510e-01 -1.75296056e-07 -1.82306958e-01 -3.39271654e+00
  1.22320527e-05 -1.69425395e+00  3.34700727e+00  1.43552622e+00
  9.27971220e-01  3.34792780e+00 -1.43695463e+00  9.25174992e-01
 -2.75791047e+00 -2.64056873e-06 -9.76106045e-04  2.74365773e+00
 -6.30267545e-06  2.52076430e-03], f(x) = -0.007925389857952036
Iteration: 790, x = [-9.44816309e-01 -1.75045351e-07 -1.82334715e-01 -3.39270870e+00
  1.22456883e-05 -1.69424691e+00  3.34695181e+00  1.43553053e+00
  9.28025469e-01  3.34786197e+00 -1.43695785e+00  9.25226923e-01
 -2.75788177e+00 -2.64109030e-06 -9.75662022e-04  2.74367867e+00
 -6.30046959e-06  2.52101954e-03], f(x) = -0.007925389858292968
Iteration: 791, x = [-9.44809413e-01 -1.75063061e-07 -1.82371711e-01 -3.39274727e+00
  1.22103141e-05 -1.69422229e+00  3.34702560e+00  1.43551808e+00
  9.28002182e-01  3.34786970e+00 -1.43697540e+00  9.25207660e-01
 -2.75786810e+00 -2.64085309e-06 -9.72958585e-04  2.74369261e+00
 -6.29891545e-06  2.52807297e-03], f(x) = -0.007925389869806865
Iteration: 792, x = [-9.44809413e-01 -1.75063061e-07 -1.82371711e-01 -3.39274727e+00
  1.22103141e-05 -1.69422229e+00  3.34702560e+00  1.43551808e+00
  9.28002182e-01  3.34786970e+00 -1.43697540e+00  9.25207660e-01
 -2.75786810e+00 -2.64085309e-06 -9.72958585e-04  2.74369261e+00
 -6.29891545e-06  2.52807297e-03], f(x) = -0.007925389869806865
Iteration: 793, x = [-9.44809413e-01 -1.75063061e-07 -1.82371711e-01 -3.39274727e+00
  1.22103141e-05 -1.69422229e+00  3.34702560e+00  1.43551808e+00
  9.28002182e-01  3.34786970e+00 -1.43697540e+00  9.25207660e-01
 -2.75786810e+00 -2.64085309e-06 -9.72958585e-04  2.74369261e+00
 -6.29891545e-06  2.52807297e-03], f(x) = -0.007925389869806865
Iteration: 794, x = [-9.44825004e-01 -1.75168537e-07 -1.82329928e-01 -3.39272363e+00
  1.22234051e-05 -1.69424512e+00  3.34703703e+00  1.43552768e+00
  9.27976503e-01  3.34791558e+00 -1.43696732e+00  9.25182518e-01
 -2.75789530e+00 -2.63909083e-06 -9.76105044e-04  2.74368104e+00
 -6.29360067e-06  2.52520158e-03], f(x) = -0.007925389871054723
Iteration: 795, x = [-9.44825004e-01 -1.75168537e-07 -1.82329928e-01 -3.39272363e+00
  1.22234051e-05 -1.69424512e+00  3.34703703e+00  1.43552768e+00
  9.27976503e-01  3.34791558e+00 -1.43696732e+00  9.25182518e-01
 -2.75789530e+00 -2.63909083e-06 -9.76105044e-04  2.74368104e+00
 -6.29360067e-06  2.52520158e-03], f(x) = -0.007925389871054723
Iteration: 796, x = [-9.44825004e-01 -1.75168537e-07 -1.82329928e-01 -3.39272363e+00
  1.22234051e-05 -1.69424512e+00  3.34703703e+00  1.43552768e+00
  9.27976503e-01  3.34791558e+00 -1.43696732e+00  9.25182518e-01
 -2.75789530e+00 -2.63909083e-06 -9.76105044e-04  2.74368104e+00
 -6.29360067e-06  2.52520158e-03], f(x) = -0.007925389871054723
Iteration: 797, x = [-9.44816296e-01 -1.75312701e-07 -1.82339722e-01 -3.39271322e+00
  1.22055365e-05 -1.69424296e+00  3.34704685e+00  1.43550678e+00
  9.27996774e-01  3.34786395e+00 -1.43697660e+00  9.25214978e-01
 -2.75787631e+00 -2.64228875e-06 -9.75476236e-04  2.74367956e+00
 -6.28820048e-06  2.52776815e-03], f(x) = -0.00792538988739264
Iteration: 798, x = [-9.44816296e-01 -1.75312701e-07 -1.82339722e-01 -3.39271322e+00
  1.22055365e-05 -1.69424296e+00  3.34704685e+00  1.43550678e+00
  9.27996774e-01  3.34786395e+00 -1.43697660e+00  9.25214978e-01
 -2.75787631e+00 -2.64228875e-06 -9.75476236e-04  2.74367956e+00
 -6.28820048e-06  2.52776815e-03], f(x) = -0.00792538988739264
Iteration: 799, x = [-9.44816296e-01 -1.75312701e-07 -1.82339722e-01 -3.39271322e+00
  1.22055365e-05 -1.69424296e+00  3.34704685e+00  1.43550678e+00
  9.27996774e-01  3.34786395e+00 -1.43697660e+00  9.25214978e-01
 -2.75787631e+00 -2.64228875e-06 -9.75476236e-04  2.74367956e+00
 -6.28820048e-06  2.52776815e-03], f(x) = -0.00792538988739264
Iteration: 800, x = [-9.44816296e-01 -1.75312701e-07 -1.82339722e-01 -3.39271322e+00
  1.22055365e-05 -1.69424296e+00  3.34704685e+00  1.43550678e+00
  9.27996774e-01  3.34786395e+00 -1.43697660e+00  9.25214978e-01
 -2.75787631e+00 -2.64228875e-06 -9.75476236e-04  2.74367956e+00
 -6.28820048e-06  2.52776815e-03], f(x) = -0.00792538988739264
Iteration: 801, x = [-9.44816296e-01 -1.75312701e-07 -1.82339722e-01 -3.39271322e+00
  1.22055365e-05 -1.69424296e+00  3.34704685e+00  1.43550678e+00
  9.27996774e-01  3.34786395e+00 -1.43697660e+00  9.25214978e-01
 -2.75787631e+00 -2.64228875e-06 -9.75476236e-04  2.74367956e+00
 -6.28820048e-06  2.52776815e-03], f(x) = -0.00792538988739264
Iteration: 802, x = [-9.44816296e-01 -1.75312701e-07 -1.82339722e-01 -3.39271322e+00
  1.22055365e-05 -1.69424296e+00  3.34704685e+00  1.43550678e+00
  9.27996774e-01  3.34786395e+00 -1.43697660e+00  9.25214978e-01
 -2.75787631e+00 -2.64228875e-06 -9.75476236e-04  2.74367956e+00
 -6.28820048e-06  2.52776815e-03], f(x) = -0.00792538988739264
Iteration: 803, x = [-9.44816296e-01 -1.75312701e-07 -1.82339722e-01 -3.39271322e+00
  1.22055365e-05 -1.69424296e+00  3.34704685e+00  1.43550678e+00
  9.27996774e-01  3.34786395e+00 -1.43697660e+00  9.25214978e-01
 -2.75787631e+00 -2.64228875e-06 -9.75476236e-04  2.74367956e+00
 -6.28820048e-06  2.52776815e-03], f(x) = -0.00792538988739264
Iteration: 804, x = [-9.44816296e-01 -1.75312701e-07 -1.82339722e-01 -3.39271322e+00
  1.22055365e-05 -1.69424296e+00  3.34704685e+00  1.43550678e+00
  9.27996774e-01  3.34786395e+00 -1.43697660e+00  9.25214978e-01
 -2.75787631e+00 -2.64228875e-06 -9.75476236e-04  2.74367956e+00
 -6.28820048e-06  2.52776815e-03], f(x) = -0.00792538988739264
Iteration: 805, x = [-9.44823320e-01 -1.75720639e-07 -1.82269775e-01 -3.39266551e+00
  1.21550629e-05 -1.69425477e+00  3.34707911e+00  1.43550865e+00
  9.27994558e-01  3.34784639e+00 -1.43699308e+00  9.25212134e-01
 -2.75789434e+00 -2.65037590e-06 -9.68410381e-04  2.74367431e+00
 -6.29429227e-06  2.53666381e-03], f(x) = -0.007925389910470626
Iteration: 806, x = [-9.44823320e-01 -1.75720639e-07 -1.82269775e-01 -3.39266551e+00
  1.21550629e-05 -1.69425477e+00  3.34707911e+00  1.43550865e+00
  9.27994558e-01  3.34784639e+00 -1.43699308e+00  9.25212134e-01
 -2.75789434e+00 -2.65037590e-06 -9.68410381e-04  2.74367431e+00
 -6.29429227e-06  2.53666381e-03], f(x) = -0.007925389910470626
Iteration: 807, x = [-9.44823320e-01 -1.75720639e-07 -1.82269775e-01 -3.39266551e+00
  1.21550629e-05 -1.69425477e+00  3.34707911e+00  1.43550865e+00
  9.27994558e-01  3.34784639e+00 -1.43699308e+00  9.25212134e-01
 -2.75789434e+00 -2.65037590e-06 -9.68410381e-04  2.74367431e+00
 -6.29429227e-06  2.53666381e-03], f(x) = -0.007925389910470626
Iteration: 808, x = [-9.44823320e-01 -1.75720639e-07 -1.82269775e-01 -3.39266551e+00
  1.21550629e-05 -1.69425477e+00  3.34707911e+00  1.43550865e+00
  9.27994558e-01  3.34784639e+00 -1.43699308e+00  9.25212134e-01
 -2.75789434e+00 -2.65037590e-06 -9.68410381e-04  2.74367431e+00
 -6.29429227e-06  2.53666381e-03], f(x) = -0.007925389910470626
Iteration: 809, x = [-9.44823320e-01 -1.75720639e-07 -1.82269775e-01 -3.39266551e+00
  1.21550629e-05 -1.69425477e+00  3.34707911e+00  1.43550865e+00
  9.27994558e-01  3.34784639e+00 -1.43699308e+00  9.25212134e-01
 -2.75789434e+00 -2.65037590e-06 -9.68410381e-04  2.74367431e+00
 -6.29429227e-06  2.53666381e-03], f(x) = -0.007925389910470626
Iteration: 810, x = [-9.44823320e-01 -1.75720639e-07 -1.82269775e-01 -3.39266551e+00
  1.21550629e-05 -1.69425477e+00  3.34707911e+00  1.43550865e+00
  9.27994558e-01  3.34784639e+00 -1.43699308e+00  9.25212134e-01
 -2.75789434e+00 -2.65037590e-06 -9.68410381e-04  2.74367431e+00
 -6.29429227e-06  2.53666381e-03], f(x) = -0.007925389910470626
Iteration: 811, x = [-9.44818811e-01 -1.75597200e-07 -1.82325555e-01 -3.39271322e+00
  1.21723794e-05 -1.69423594e+00  3.34710800e+00  1.43550192e+00
  9.27973291e-01  3.34785093e+00 -1.43699736e+00  9.25193589e-01
 -2.75788091e+00 -2.64482879e-06 -9.71059311e-04  2.74367409e+00
 -6.28084228e-06  2.53619636e-03], f(x) = -0.007925389919084801
Iteration: 812, x = [-9.44818811e-01 -1.75597200e-07 -1.82325555e-01 -3.39271322e+00
  1.21723794e-05 -1.69423594e+00  3.34710800e+00  1.43550192e+00
  9.27973291e-01  3.34785093e+00 -1.43699736e+00  9.25193589e-01
 -2.75788091e+00 -2.64482879e-06 -9.71059311e-04  2.74367409e+00
 -6.28084228e-06  2.53619636e-03], f(x) = -0.007925389919084801
Iteration: 813, x = [-9.44818811e-01 -1.75597200e-07 -1.82325555e-01 -3.39271322e+00
  1.21723794e-05 -1.69423594e+00  3.34710800e+00  1.43550192e+00
  9.27973291e-01  3.34785093e+00 -1.43699736e+00  9.25193589e-01
 -2.75788091e+00 -2.64482879e-06 -9.71059311e-04  2.74367409e+00
 -6.28084228e-06  2.53619636e-03], f(x) = -0.007925389919084801
Iteration: 814, x = [-9.44818811e-01 -1.75597200e-07 -1.82325555e-01 -3.39271322e+00
  1.21723794e-05 -1.69423594e+00  3.34710800e+00  1.43550192e+00
  9.27973291e-01  3.34785093e+00 -1.43699736e+00  9.25193589e-01
 -2.75788091e+00 -2.64482879e-06 -9.71059311e-04  2.74367409e+00
 -6.28084228e-06  2.53619636e-03], f(x) = -0.007925389919084801
Iteration: 815, x = [-9.44818811e-01 -1.75597200e-07 -1.82325555e-01 -3.39271322e+00
  1.21723794e-05 -1.69423594e+00  3.34710800e+00  1.43550192e+00
  9.27973291e-01  3.34785093e+00 -1.43699736e+00  9.25193589e-01
 -2.75788091e+00 -2.64482879e-06 -9.71059311e-04  2.74367409e+00
 -6.28084228e-06  2.53619636e-03], f(x) = -0.007925389919084801
Iteration: 816, x = [-9.44818811e-01 -1.75597200e-07 -1.82325555e-01 -3.39271322e+00
  1.21723794e-05 -1.69423594e+00  3.34710800e+00  1.43550192e+00
  9.27973291e-01  3.34785093e+00 -1.43699736e+00  9.25193589e-01
 -2.75788091e+00 -2.64482879e-06 -9.71059311e-04  2.74367409e+00
 -6.28084228e-06  2.53619636e-03], f(x) = -0.007925389919084801
Iteration: 817, x = [-9.44817700e-01 -1.75463101e-07 -1.82320104e-01 -3.39270007e+00
  1.22037627e-05 -1.69424592e+00  3.34706496e+00  1.43550694e+00
  9.28000069e-01  3.34784318e+00 -1.43698518e+00  9.25227415e-01
 -2.75787972e+00 -2.64393827e-06 -9.72421521e-04  2.74370112e+00
 -6.28448759e-06  2.53013544e-03], f(x) = -0.007925389926373027
Iteration: 818, x = [-9.44817700e-01 -1.75463101e-07 -1.82320104e-01 -3.39270007e+00
  1.22037627e-05 -1.69424592e+00  3.34706496e+00  1.43550694e+00
  9.28000069e-01  3.34784318e+00 -1.43698518e+00  9.25227415e-01
 -2.75787972e+00 -2.64393827e-06 -9.72421521e-04  2.74370112e+00
 -6.28448759e-06  2.53013544e-03], f(x) = -0.007925389926373027
Iteration: 819, x = [-9.44828758e-01 -1.75744299e-07 -1.82307050e-01 -3.39270303e+00
  1.21591620e-05 -1.69425029e+00  3.34714718e+00  1.43549666e+00
  9.27957840e-01  3.34786785e+00 -1.43699532e+00  9.25189244e-01
 -2.75789049e+00 -2.64608968e-06 -9.73685850e-04  2.74367496e+00
 -6.27793935e-06  2.53651227e-03], f(x) = -0.007925389927292569
Iteration: 820, x = [-9.44794587e-01 -1.75435549e-07 -1.82323315e-01 -3.39269200e+00
  1.21609897e-05 -1.69423544e+00  3.34713864e+00  1.43548549e+00
  9.28029527e-01  3.34783189e+00 -1.43700760e+00  9.25245833e-01
 -2.75786098e+00 -2.64626529e-06 -9.70344841e-04  2.74374339e+00
 -6.28153089e-06  2.53999703e-03], f(x) = -0.007925389957136387
Iteration: 821, x = [-9.44794587e-01 -1.75435549e-07 -1.82323315e-01 -3.39269200e+00
  1.21609897e-05 -1.69423544e+00  3.34713864e+00  1.43548549e+00
  9.28029527e-01  3.34783189e+00 -1.43700760e+00  9.25245833e-01
 -2.75786098e+00 -2.64626529e-06 -9.70344841e-04  2.74374339e+00
 -6.28153089e-06  2.53999703e-03], f(x) = -0.007925389957136387
Iteration: 822, x = [-9.44794587e-01 -1.75435549e-07 -1.82323315e-01 -3.39269200e+00
  1.21609897e-05 -1.69423544e+00  3.34713864e+00  1.43548549e+00
  9.28029527e-01  3.34783189e+00 -1.43700760e+00  9.25245833e-01
 -2.75786098e+00 -2.64626529e-06 -9.70344841e-04  2.74374339e+00
 -6.28153089e-06  2.53999703e-03], f(x) = -0.007925389957136387
Iteration: 823, x = [-9.44794587e-01 -1.75435549e-07 -1.82323315e-01 -3.39269200e+00
  1.21609897e-05 -1.69423544e+00  3.34713864e+00  1.43548549e+00
  9.28029527e-01  3.34783189e+00 -1.43700760e+00  9.25245833e-01
 -2.75786098e+00 -2.64626529e-06 -9.70344841e-04  2.74374339e+00
 -6.28153089e-06  2.53999703e-03], f(x) = -0.007925389957136387
Iteration: 824, x = [-9.44794587e-01 -1.75435549e-07 -1.82323315e-01 -3.39269200e+00
  1.21609897e-05 -1.69423544e+00  3.34713864e+00  1.43548549e+00
  9.28029527e-01  3.34783189e+00 -1.43700760e+00  9.25245833e-01
 -2.75786098e+00 -2.64626529e-06 -9.70344841e-04  2.74374339e+00
 -6.28153089e-06  2.53999703e-03], f(x) = -0.007925389957136387
Iteration: 825, x = [-9.44794587e-01 -1.75435549e-07 -1.82323315e-01 -3.39269200e+00
  1.21609897e-05 -1.69423544e+00  3.34713864e+00  1.43548549e+00
  9.28029527e-01  3.34783189e+00 -1.43700760e+00  9.25245833e-01
 -2.75786098e+00 -2.64626529e-06 -9.70344841e-04  2.74374339e+00
 -6.28153089e-06  2.53999703e-03], f(x) = -0.007925389957136387
Iteration: 826, x = [-9.44794587e-01 -1.75435549e-07 -1.82323315e-01 -3.39269200e+00
  1.21609897e-05 -1.69423544e+00  3.34713864e+00  1.43548549e+00
  9.28029527e-01  3.34783189e+00 -1.43700760e+00  9.25245833e-01
 -2.75786098e+00 -2.64626529e-06 -9.70344841e-04  2.74374339e+00
 -6.28153089e-06  2.53999703e-03], f(x) = -0.007925389957136387
Iteration: 827, x = [-9.44794587e-01 -1.75435549e-07 -1.82323315e-01 -3.39269200e+00
  1.21609897e-05 -1.69423544e+00  3.34713864e+00  1.43548549e+00
  9.28029527e-01  3.34783189e+00 -1.43700760e+00  9.25245833e-01
 -2.75786098e+00 -2.64626529e-06 -9.70344841e-04  2.74374339e+00
 -6.28153089e-06  2.53999703e-03], f(x) = -0.007925389957136387
Iteration: 828, x = [-9.44794587e-01 -1.75435549e-07 -1.82323315e-01 -3.39269200e+00
  1.21609897e-05 -1.69423544e+00  3.34713864e+00  1.43548549e+00
  9.28029527e-01  3.34783189e+00 -1.43700760e+00  9.25245833e-01
 -2.75786098e+00 -2.64626529e-06 -9.70344841e-04  2.74374339e+00
 -6.28153089e-06  2.53999703e-03], f(x) = -0.007925389957136387
Iteration: 829, x = [-9.44794587e-01 -1.75435549e-07 -1.82323315e-01 -3.39269200e+00
  1.21609897e-05 -1.69423544e+00  3.34713864e+00  1.43548549e+00
  9.28029527e-01  3.34783189e+00 -1.43700760e+00  9.25245833e-01
 -2.75786098e+00 -2.64626529e-06 -9.70344841e-04  2.74374339e+00
 -6.28153089e-06  2.53999703e-03], f(x) = -0.007925389957136387
Iteration: 830, x = [-9.44794587e-01 -1.75435549e-07 -1.82323315e-01 -3.39269200e+00
  1.21609897e-05 -1.69423544e+00  3.34713864e+00  1.43548549e+00
  9.28029527e-01  3.34783189e+00 -1.43700760e+00  9.25245833e-01
 -2.75786098e+00 -2.64626529e-06 -9.70344841e-04  2.74374339e+00
 -6.28153089e-06  2.53999703e-03], f(x) = -0.007925389957136387
Iteration: 831, x = [-9.44794587e-01 -1.75435549e-07 -1.82323315e-01 -3.39269200e+00
  1.21609897e-05 -1.69423544e+00  3.34713864e+00  1.43548549e+00
  9.28029527e-01  3.34783189e+00 -1.43700760e+00  9.25245833e-01
 -2.75786098e+00 -2.64626529e-06 -9.70344841e-04  2.74374339e+00
 -6.28153089e-06  2.53999703e-03], f(x) = -0.007925389957136387
Iteration: 832, x = [-9.44794587e-01 -1.75435549e-07 -1.82323315e-01 -3.39269200e+00
  1.21609897e-05 -1.69423544e+00  3.34713864e+00  1.43548549e+00
  9.28029527e-01  3.34783189e+00 -1.43700760e+00  9.25245833e-01
 -2.75786098e+00 -2.64626529e-06 -9.70344841e-04  2.74374339e+00
 -6.28153089e-06  2.53999703e-03], f(x) = -0.007925389957136387
Iteration: 833, x = [-9.44794587e-01 -1.75435549e-07 -1.82323315e-01 -3.39269200e+00
  1.21609897e-05 -1.69423544e+00  3.34713864e+00  1.43548549e+00
  9.28029527e-01  3.34783189e+00 -1.43700760e+00  9.25245833e-01
 -2.75786098e+00 -2.64626529e-06 -9.70344841e-04  2.74374339e+00
 -6.28153089e-06  2.53999703e-03], f(x) = -0.007925389957136387
Iteration: 834, x = [-9.44794587e-01 -1.75435549e-07 -1.82323315e-01 -3.39269200e+00
  1.21609897e-05 -1.69423544e+00  3.34713864e+00  1.43548549e+00
  9.28029527e-01  3.34783189e+00 -1.43700760e+00  9.25245833e-01
 -2.75786098e+00 -2.64626529e-06 -9.70344841e-04  2.74374339e+00
 -6.28153089e-06  2.53999703e-03], f(x) = -0.007925389957136387
Iteration: 835, x = [-9.44816646e-01 -1.75782068e-07 -1.82322754e-01 -3.39270231e+00
  1.21431353e-05 -1.69423947e+00  3.34718780e+00  1.43548142e+00
  9.27978193e-01  3.34784901e+00 -1.43700989e+00  9.25208550e-01
 -2.75787934e+00 -2.64612904e-06 -9.69452723e-04  2.74371955e+00
 -6.27783068e-06  2.54094447e-03], f(x) = -0.007925389963013086
Iteration: 836, x = [-9.44811011e-01 -1.75868748e-07 -1.82297334e-01 -3.39269054e+00
  1.21452340e-05 -1.69423920e+00  3.34713549e+00  1.43548423e+00
  9.27989983e-01  3.34779941e+00 -1.43700703e+00  9.25225375e-01
 -2.75787732e+00 -2.64918694e-06 -9.67870391e-04  2.74367985e+00
 -6.27676568e-06  2.54141932e-03], f(x) = -0.007925389977101321
Iteration: 837, x = [-9.44822291e-01 -1.75950421e-07 -1.82280185e-01 -3.39266151e+00
  1.21560777e-05 -1.69426261e+00  3.34715109e+00  1.43548150e+00
  9.27994161e-01  3.34782324e+00 -1.43700305e+00  9.25227307e-01
 -2.75789199e+00 -2.64849787e-06 -9.70418892e-04  2.74370081e+00
 -6.27500579e-06  2.53803821e-03], f(x) = -0.007925389978824322
Iteration: 838, x = [-9.44822291e-01 -1.75950421e-07 -1.82280185e-01 -3.39266151e+00
  1.21560777e-05 -1.69426261e+00  3.34715109e+00  1.43548150e+00
  9.27994161e-01  3.34782324e+00 -1.43700305e+00  9.25227307e-01
 -2.75789199e+00 -2.64849787e-06 -9.70418892e-04  2.74370081e+00
 -6.27500579e-06  2.53803821e-03], f(x) = -0.007925389978824322
Iteration: 839, x = [-9.44822291e-01 -1.75950421e-07 -1.82280185e-01 -3.39266151e+00
  1.21560777e-05 -1.69426261e+00  3.34715109e+00  1.43548150e+00
  9.27994161e-01  3.34782324e+00 -1.43700305e+00  9.25227307e-01
 -2.75789199e+00 -2.64849787e-06 -9.70418892e-04  2.74370081e+00
 -6.27500579e-06  2.53803821e-03], f(x) = -0.007925389978824322
Iteration: 840, x = [-9.44822291e-01 -1.75950421e-07 -1.82280185e-01 -3.39266151e+00
  1.21560777e-05 -1.69426261e+00  3.34715109e+00  1.43548150e+00
  9.27994161e-01  3.34782324e+00 -1.43700305e+00  9.25227307e-01
 -2.75789199e+00 -2.64849787e-06 -9.70418892e-04  2.74370081e+00
 -6.27500579e-06  2.53803821e-03], f(x) = -0.007925389978824322
Iteration: 841, x = [-9.44822291e-01 -1.75950421e-07 -1.82280185e-01 -3.39266151e+00
  1.21560777e-05 -1.69426261e+00  3.34715109e+00  1.43548150e+00
  9.27994161e-01  3.34782324e+00 -1.43700305e+00  9.25227307e-01
 -2.75789199e+00 -2.64849787e-06 -9.70418892e-04  2.74370081e+00
 -6.27500579e-06  2.53803821e-03], f(x) = -0.007925389978824322
Iteration: 842, x = [-9.44822291e-01 -1.75950421e-07 -1.82280185e-01 -3.39266151e+00
  1.21560777e-05 -1.69426261e+00  3.34715109e+00  1.43548150e+00
  9.27994161e-01  3.34782324e+00 -1.43700305e+00  9.25227307e-01
 -2.75789199e+00 -2.64849787e-06 -9.70418892e-04  2.74370081e+00
 -6.27500579e-06  2.53803821e-03], f(x) = -0.007925389978824322
Iteration: 843, x = [-9.44822291e-01 -1.75950421e-07 -1.82280185e-01 -3.39266151e+00
  1.21560777e-05 -1.69426261e+00  3.34715109e+00  1.43548150e+00
  9.27994161e-01  3.34782324e+00 -1.43700305e+00  9.25227307e-01
 -2.75789199e+00 -2.64849787e-06 -9.70418892e-04  2.74370081e+00
 -6.27500579e-06  2.53803821e-03], f(x) = -0.007925389978824322
Iteration: 844, x = [-9.44822291e-01 -1.75950421e-07 -1.82280185e-01 -3.39266151e+00
  1.21560777e-05 -1.69426261e+00  3.34715109e+00  1.43548150e+00
  9.27994161e-01  3.34782324e+00 -1.43700305e+00  9.25227307e-01
 -2.75789199e+00 -2.64849787e-06 -9.70418892e-04  2.74370081e+00
 -6.27500579e-06  2.53803821e-03], f(x) = -0.007925389978824322
Iteration: 845, x = [-9.44822291e-01 -1.75950421e-07 -1.82280185e-01 -3.39266151e+00
  1.21560777e-05 -1.69426261e+00  3.34715109e+00  1.43548150e+00
  9.27994161e-01  3.34782324e+00 -1.43700305e+00  9.25227307e-01
 -2.75789199e+00 -2.64849787e-06 -9.70418892e-04  2.74370081e+00
 -6.27500579e-06  2.53803821e-03], f(x) = -0.007925389978824322
Iteration: 846, x = [-9.44822291e-01 -1.75950421e-07 -1.82280185e-01 -3.39266151e+00
  1.21560777e-05 -1.69426261e+00  3.34715109e+00  1.43548150e+00
  9.27994161e-01  3.34782324e+00 -1.43700305e+00  9.25227307e-01
 -2.75789199e+00 -2.64849787e-06 -9.70418892e-04  2.74370081e+00
 -6.27500579e-06  2.53803821e-03], f(x) = -0.007925389978824322
Iteration: 847, x = [-9.44822291e-01 -1.75950421e-07 -1.82280185e-01 -3.39266151e+00
  1.21560777e-05 -1.69426261e+00  3.34715109e+00  1.43548150e+00
  9.27994161e-01  3.34782324e+00 -1.43700305e+00  9.25227307e-01
 -2.75789199e+00 -2.64849787e-06 -9.70418892e-04  2.74370081e+00
 -6.27500579e-06  2.53803821e-03], f(x) = -0.007925389978824322
Iteration: 848, x = [-9.44822291e-01 -1.75950421e-07 -1.82280185e-01 -3.39266151e+00
  1.21560777e-05 -1.69426261e+00  3.34715109e+00  1.43548150e+00
  9.27994161e-01  3.34782324e+00 -1.43700305e+00  9.25227307e-01
 -2.75789199e+00 -2.64849787e-06 -9.70418892e-04  2.74370081e+00
 -6.27500579e-06  2.53803821e-03], f(x) = -0.007925389978824322
Iteration: 849, x = [-9.44800778e-01 -1.75784007e-07 -1.82335544e-01 -3.39270076e+00
  1.21500762e-05 -1.69422930e+00  3.34713745e+00  1.43547807e+00
  9.28017566e-01  3.34777012e+00 -1.43701352e+00  9.25239279e-01
 -2.75786214e+00 -2.65045319e-06 -9.67291810e-04  2.74370013e+00
 -6.27929192e-06  2.54055216e-03], f(x) = -0.007925389986710014
Iteration: 850, x = [-9.44800778e-01 -1.75784007e-07 -1.82335544e-01 -3.39270076e+00
  1.21500762e-05 -1.69422930e+00  3.34713745e+00  1.43547807e+00
  9.28017566e-01  3.34777012e+00 -1.43701352e+00  9.25239279e-01
 -2.75786214e+00 -2.65045319e-06 -9.67291810e-04  2.74370013e+00
 -6.27929192e-06  2.54055216e-03], f(x) = -0.007925389986710014
Iteration: 851, x = [-9.44813180e-01 -1.75995710e-07 -1.82276906e-01 -3.39266441e+00
  1.21421568e-05 -1.69425049e+00  3.34719389e+00  1.43547785e+00
  9.28005315e-01  3.34780864e+00 -1.43702198e+00  9.25224037e-01
 -2.75788142e+00 -2.65069400e-06 -9.66883840e-04  2.74372639e+00
 -6.26986229e-06  2.54402371e-03], f(x) = -0.007925389990023346
Iteration: 852, x = [-9.44813180e-01 -1.75995710e-07 -1.82276906e-01 -3.39266441e+00
  1.21421568e-05 -1.69425049e+00  3.34719389e+00  1.43547785e+00
  9.28005315e-01  3.34780864e+00 -1.43702198e+00  9.25224037e-01
 -2.75788142e+00 -2.65069400e-06 -9.66883840e-04  2.74372639e+00
 -6.26986229e-06  2.54402371e-03], f(x) = -0.007925389990023346
Iteration: 853, x = [-9.44813180e-01 -1.75995710e-07 -1.82276906e-01 -3.39266441e+00
  1.21421568e-05 -1.69425049e+00  3.34719389e+00  1.43547785e+00
  9.28005315e-01  3.34780864e+00 -1.43702198e+00  9.25224037e-01
 -2.75788142e+00 -2.65069400e-06 -9.66883840e-04  2.74372639e+00
 -6.26986229e-06  2.54402371e-03], f(x) = -0.007925389990023346
Iteration: 854, x = [-9.44813180e-01 -1.75995710e-07 -1.82276906e-01 -3.39266441e+00
  1.21421568e-05 -1.69425049e+00  3.34719389e+00  1.43547785e+00
  9.28005315e-01  3.34780864e+00 -1.43702198e+00  9.25224037e-01
 -2.75788142e+00 -2.65069400e-06 -9.66883840e-04  2.74372639e+00
 -6.26986229e-06  2.54402371e-03], f(x) = -0.007925389990023346
Iteration: 855, x = [-9.44813180e-01 -1.75995710e-07 -1.82276906e-01 -3.39266441e+00
  1.21421568e-05 -1.69425049e+00  3.34719389e+00  1.43547785e+00
  9.28005315e-01  3.34780864e+00 -1.43702198e+00  9.25224037e-01
 -2.75788142e+00 -2.65069400e-06 -9.66883840e-04  2.74372639e+00
 -6.26986229e-06  2.54402371e-03], f(x) = -0.007925389990023346
Iteration: 856, x = [-9.44813180e-01 -1.75995710e-07 -1.82276906e-01 -3.39266441e+00
  1.21421568e-05 -1.69425049e+00  3.34719389e+00  1.43547785e+00
  9.28005315e-01  3.34780864e+00 -1.43702198e+00  9.25224037e-01
 -2.75788142e+00 -2.65069400e-06 -9.66883840e-04  2.74372639e+00
 -6.26986229e-06  2.54402371e-03], f(x) = -0.007925389990023346
Iteration: 857, x = [-9.44817001e-01 -1.76238970e-07 -1.82289203e-01 -3.39266576e+00
  1.21277941e-05 -1.69424923e+00  3.34718612e+00  1.43547059e+00
  9.27993476e-01  3.34776779e+00 -1.43702007e+00  9.25234411e-01
 -2.75788217e+00 -2.65179388e-06 -9.66242844e-04  2.74369598e+00
 -6.26782018e-06  2.54452016e-03], f(x) = -0.00792539000754447
Iteration: 858, x = [-9.44817001e-01 -1.76238970e-07 -1.82289203e-01 -3.39266576e+00
  1.21277941e-05 -1.69424923e+00  3.34718612e+00  1.43547059e+00
  9.27993476e-01  3.34776779e+00 -1.43702007e+00  9.25234411e-01
 -2.75788217e+00 -2.65179388e-06 -9.66242844e-04  2.74369598e+00
 -6.26782018e-06  2.54452016e-03], f(x) = -0.00792539000754447
Iteration: 859, x = [-9.44817001e-01 -1.76238970e-07 -1.82289203e-01 -3.39266576e+00
  1.21277941e-05 -1.69424923e+00  3.34718612e+00  1.43547059e+00
  9.27993476e-01  3.34776779e+00 -1.43702007e+00  9.25234411e-01
 -2.75788217e+00 -2.65179388e-06 -9.66242844e-04  2.74369598e+00
 -6.26782018e-06  2.54452016e-03], f(x) = -0.00792539000754447
Iteration: 860, x = [-9.44817001e-01 -1.76238970e-07 -1.82289203e-01 -3.39266576e+00
  1.21277941e-05 -1.69424923e+00  3.34718612e+00  1.43547059e+00
  9.27993476e-01  3.34776779e+00 -1.43702007e+00  9.25234411e-01
 -2.75788217e+00 -2.65179388e-06 -9.66242844e-04  2.74369598e+00
 -6.26782018e-06  2.54452016e-03], f(x) = -0.00792539000754447
Iteration: 861, x = [-9.44801922e-01 -1.75848276e-07 -1.82323096e-01 -3.39269266e+00
  1.21505163e-05 -1.69423832e+00  3.34718789e+00  1.43546710e+00
  9.28011118e-01  3.34779323e+00 -1.43701695e+00  9.25241119e-01
 -2.75786817e+00 -2.64696617e-06 -9.69262368e-04  2.74372954e+00
 -6.26749146e-06  2.54231435e-03], f(x) = -0.00792539000842486
Iteration: 862, x = [-9.44801922e-01 -1.75848276e-07 -1.82323096e-01 -3.39269266e+00
  1.21505163e-05 -1.69423832e+00  3.34718789e+00  1.43546710e+00
  9.28011118e-01  3.34779323e+00 -1.43701695e+00  9.25241119e-01
 -2.75786817e+00 -2.64696617e-06 -9.69262368e-04  2.74372954e+00
 -6.26749146e-06  2.54231435e-03], f(x) = -0.00792539000842486
Iteration: 863, x = [-9.44801922e-01 -1.75848276e-07 -1.82323096e-01 -3.39269266e+00
  1.21505163e-05 -1.69423832e+00  3.34718789e+00  1.43546710e+00
  9.28011118e-01  3.34779323e+00 -1.43701695e+00  9.25241119e-01
 -2.75786817e+00 -2.64696617e-06 -9.69262368e-04  2.74372954e+00
 -6.26749146e-06  2.54231435e-03], f(x) = -0.00792539000842486
Iteration: 864, x = [-9.44801922e-01 -1.75848276e-07 -1.82323096e-01 -3.39269266e+00
  1.21505163e-05 -1.69423832e+00  3.34718789e+00  1.43546710e+00
  9.28011118e-01  3.34779323e+00 -1.43701695e+00  9.25241119e-01
 -2.75786817e+00 -2.64696617e-06 -9.69262368e-04  2.74372954e+00
 -6.26749146e-06  2.54231435e-03], f(x) = -0.00792539000842486
Iteration: 865, x = [-9.44801922e-01 -1.75848276e-07 -1.82323096e-01 -3.39269266e+00
  1.21505163e-05 -1.69423832e+00  3.34718789e+00  1.43546710e+00
  9.28011118e-01  3.34779323e+00 -1.43701695e+00  9.25241119e-01
 -2.75786817e+00 -2.64696617e-06 -9.69262368e-04  2.74372954e+00
 -6.26749146e-06  2.54231435e-03], f(x) = -0.00792539000842486
Iteration: 866, x = [-9.44801922e-01 -1.75848276e-07 -1.82323096e-01 -3.39269266e+00
  1.21505163e-05 -1.69423832e+00  3.34718789e+00  1.43546710e+00
  9.28011118e-01  3.34779323e+00 -1.43701695e+00  9.25241119e-01
 -2.75786817e+00 -2.64696617e-06 -9.69262368e-04  2.74372954e+00
 -6.26749146e-06  2.54231435e-03], f(x) = -0.00792539000842486
Iteration: 867, x = [-9.44801922e-01 -1.75848276e-07 -1.82323096e-01 -3.39269266e+00
  1.21505163e-05 -1.69423832e+00  3.34718789e+00  1.43546710e+00
  9.28011118e-01  3.34779323e+00 -1.43701695e+00  9.25241119e-01
 -2.75786817e+00 -2.64696617e-06 -9.69262368e-04  2.74372954e+00
 -6.26749146e-06  2.54231435e-03], f(x) = -0.00792539000842486
Iteration: 868, x = [-9.44801922e-01 -1.75848276e-07 -1.82323096e-01 -3.39269266e+00
  1.21505163e-05 -1.69423832e+00  3.34718789e+00  1.43546710e+00
  9.28011118e-01  3.34779323e+00 -1.43701695e+00  9.25241119e-01
 -2.75786817e+00 -2.64696617e-06 -9.69262368e-04  2.74372954e+00
 -6.26749146e-06  2.54231435e-03], f(x) = -0.00792539000842486
Iteration: 869, x = [-9.44801922e-01 -1.75848276e-07 -1.82323096e-01 -3.39269266e+00
  1.21505163e-05 -1.69423832e+00  3.34718789e+00  1.43546710e+00
  9.28011118e-01  3.34779323e+00 -1.43701695e+00  9.25241119e-01
 -2.75786817e+00 -2.64696617e-06 -9.69262368e-04  2.74372954e+00
 -6.26749146e-06  2.54231435e-03], f(x) = -0.00792539000842486
Iteration: 870, x = [-9.44801922e-01 -1.75848276e-07 -1.82323096e-01 -3.39269266e+00
  1.21505163e-05 -1.69423832e+00  3.34718789e+00  1.43546710e+00
  9.28011118e-01  3.34779323e+00 -1.43701695e+00  9.25241119e-01
 -2.75786817e+00 -2.64696617e-06 -9.69262368e-04  2.74372954e+00
 -6.26749146e-06  2.54231435e-03], f(x) = -0.00792539000842486
Iteration: 871, x = [-9.44799915e-01 -1.75903391e-07 -1.82311973e-01 -3.39268836e+00
  1.21294525e-05 -1.69423802e+00  3.34721015e+00  1.43546534e+00
  9.28017151e-01  3.34779136e+00 -1.43701777e+00  9.25252649e-01
 -2.75786457e+00 -2.65092923e-06 -9.68718498e-04  2.74374252e+00
 -6.27340165e-06  2.54425482e-03], f(x) = -0.007925390012589021
Iteration: 872, x = [-9.44799915e-01 -1.75903391e-07 -1.82311973e-01 -3.39268836e+00
  1.21294525e-05 -1.69423802e+00  3.34721015e+00  1.43546534e+00
  9.28017151e-01  3.34779136e+00 -1.43701777e+00  9.25252649e-01
 -2.75786457e+00 -2.65092923e-06 -9.68718498e-04  2.74374252e+00
 -6.27340165e-06  2.54425482e-03], f(x) = -0.007925390012589021
Iteration: 873, x = [-9.44799915e-01 -1.75903391e-07 -1.82311973e-01 -3.39268836e+00
  1.21294525e-05 -1.69423802e+00  3.34721015e+00  1.43546534e+00
  9.28017151e-01  3.34779136e+00 -1.43701777e+00  9.25252649e-01
 -2.75786457e+00 -2.65092923e-06 -9.68718498e-04  2.74374252e+00
 -6.27340165e-06  2.54425482e-03], f(x) = -0.007925390012589021
Iteration: 874, x = [-9.44799915e-01 -1.75903391e-07 -1.82311973e-01 -3.39268836e+00
  1.21294525e-05 -1.69423802e+00  3.34721015e+00  1.43546534e+00
  9.28017151e-01  3.34779136e+00 -1.43701777e+00  9.25252649e-01
 -2.75786457e+00 -2.65092923e-06 -9.68718498e-04  2.74374252e+00
 -6.27340165e-06  2.54425482e-03], f(x) = -0.007925390012589021
Iteration: 875, x = [-9.44827275e-01 -1.76362955e-07 -1.82242838e-01 -3.39265020e+00
  1.21363683e-05 -1.69426322e+00  3.34719336e+00  1.43546597e+00
  9.27992259e-01  3.34779278e+00 -1.43701955e+00  9.25219102e-01
 -2.75790038e+00 -2.65321902e-06 -9.65911055e-04  2.74369427e+00
 -6.27054961e-06  2.54237726e-03], f(x) = -0.007925390013218705
Iteration: 876, x = [-9.44827275e-01 -1.76362955e-07 -1.82242838e-01 -3.39265020e+00
  1.21363683e-05 -1.69426322e+00  3.34719336e+00  1.43546597e+00
  9.27992259e-01  3.34779278e+00 -1.43701955e+00  9.25219102e-01
 -2.75790038e+00 -2.65321902e-06 -9.65911055e-04  2.74369427e+00
 -6.27054961e-06  2.54237726e-03], f(x) = -0.007925390013218705
Iteration: 877, x = [-9.44827275e-01 -1.76362955e-07 -1.82242838e-01 -3.39265020e+00
  1.21363683e-05 -1.69426322e+00  3.34719336e+00  1.43546597e+00
  9.27992259e-01  3.34779278e+00 -1.43701955e+00  9.25219102e-01
 -2.75790038e+00 -2.65321902e-06 -9.65911055e-04  2.74369427e+00
 -6.27054961e-06  2.54237726e-03], f(x) = -0.007925390013218705
Iteration: 878, x = [-9.44804743e-01 -1.76102450e-07 -1.82301994e-01 -3.39266874e+00
  1.21377730e-05 -1.69424632e+00  3.34720412e+00  1.43546999e+00
  9.28008082e-01  3.34776493e+00 -1.43702485e+00  9.25243485e-01
 -2.75787232e+00 -2.65065266e-06 -9.66537642e-04  2.74372185e+00
 -6.26248866e-06  2.54490488e-03], f(x) = -0.007925390016780168
Iteration: 879, x = [-9.44821495e-01 -1.76184297e-07 -1.82280223e-01 -3.39266524e+00
  1.21563156e-05 -1.69425518e+00  3.34718746e+00  1.43547184e+00
  9.27998535e-01  3.34779446e+00 -1.43701174e+00  9.25223381e-01
 -2.75789148e+00 -2.65035803e-06 -9.67418175e-04  2.74370701e+00
 -6.27007019e-06  2.53924337e-03], f(x) = -0.007925390019709598
Iteration: 880, x = [-9.44821495e-01 -1.76184297e-07 -1.82280223e-01 -3.39266524e+00
  1.21563156e-05 -1.69425518e+00  3.34718746e+00  1.43547184e+00
  9.27998535e-01  3.34779446e+00 -1.43701174e+00  9.25223381e-01
 -2.75789148e+00 -2.65035803e-06 -9.67418175e-04  2.74370701e+00
 -6.27007019e-06  2.53924337e-03], f(x) = -0.007925390019709598
Iteration: 881, x = [-9.44821495e-01 -1.76184297e-07 -1.82280223e-01 -3.39266524e+00
  1.21563156e-05 -1.69425518e+00  3.34718746e+00  1.43547184e+00
  9.27998535e-01  3.34779446e+00 -1.43701174e+00  9.25223381e-01
 -2.75789148e+00 -2.65035803e-06 -9.67418175e-04  2.74370701e+00
 -6.27007019e-06  2.53924337e-03], f(x) = -0.007925390019709598
Iteration: 882, x = [-9.44821495e-01 -1.76184297e-07 -1.82280223e-01 -3.39266524e+00
  1.21563156e-05 -1.69425518e+00  3.34718746e+00  1.43547184e+00
  9.27998535e-01  3.34779446e+00 -1.43701174e+00  9.25223381e-01
 -2.75789148e+00 -2.65035803e-06 -9.67418175e-04  2.74370701e+00
 -6.27007019e-06  2.53924337e-03], f(x) = -0.007925390019709598
Iteration: 883, x = [-9.44821495e-01 -1.76184297e-07 -1.82280223e-01 -3.39266524e+00
  1.21563156e-05 -1.69425518e+00  3.34718746e+00  1.43547184e+00
  9.27998535e-01  3.34779446e+00 -1.43701174e+00  9.25223381e-01
 -2.75789148e+00 -2.65035803e-06 -9.67418175e-04  2.74370701e+00
 -6.27007019e-06  2.53924337e-03], f(x) = -0.007925390019709598
Iteration: 884, x = [-9.44807612e-01 -1.76404214e-07 -1.82283582e-01 -3.39266035e+00
  1.21074055e-05 -1.69424420e+00  3.34723794e+00  1.43544734e+00
  9.28006463e-01  3.34774047e+00 -1.43703506e+00  9.25242135e-01
 -2.75787519e+00 -2.65391554e-06 -9.63617168e-04  2.74370873e+00
 -6.26262880e-06  2.54943949e-03], f(x) = -0.007925390030116993
Iteration: 885, x = [-9.44807612e-01 -1.76404214e-07 -1.82283582e-01 -3.39266035e+00
  1.21074055e-05 -1.69424420e+00  3.34723794e+00  1.43544734e+00
  9.28006463e-01  3.34774047e+00 -1.43703506e+00  9.25242135e-01
 -2.75787519e+00 -2.65391554e-06 -9.63617168e-04  2.74370873e+00
 -6.26262880e-06  2.54943949e-03], f(x) = -0.007925390030116993
Iteration: 886, x = [-9.44807612e-01 -1.76404214e-07 -1.82283582e-01 -3.39266035e+00
  1.21074055e-05 -1.69424420e+00  3.34723794e+00  1.43544734e+00
  9.28006463e-01  3.34774047e+00 -1.43703506e+00  9.25242135e-01
 -2.75787519e+00 -2.65391554e-06 -9.63617168e-04  2.74370873e+00
 -6.26262880e-06  2.54943949e-03], f(x) = -0.007925390030116993
Iteration: 887, x = [-9.44807612e-01 -1.76404214e-07 -1.82283582e-01 -3.39266035e+00
  1.21074055e-05 -1.69424420e+00  3.34723794e+00  1.43544734e+00
  9.28006463e-01  3.34774047e+00 -1.43703506e+00  9.25242135e-01
 -2.75787519e+00 -2.65391554e-06 -9.63617168e-04  2.74370873e+00
 -6.26262880e-06  2.54943949e-03], f(x) = -0.007925390030116993
Iteration: 888, x = [-9.44807612e-01 -1.76404214e-07 -1.82283582e-01 -3.39266035e+00
  1.21074055e-05 -1.69424420e+00  3.34723794e+00  1.43544734e+00
  9.28006463e-01  3.34774047e+00 -1.43703506e+00  9.25242135e-01
 -2.75787519e+00 -2.65391554e-06 -9.63617168e-04  2.74370873e+00
 -6.26262880e-06  2.54943949e-03], f(x) = -0.007925390030116993
Iteration: 889, x = [-9.44807612e-01 -1.76404214e-07 -1.82283582e-01 -3.39266035e+00
  1.21074055e-05 -1.69424420e+00  3.34723794e+00  1.43544734e+00
  9.28006463e-01  3.34774047e+00 -1.43703506e+00  9.25242135e-01
 -2.75787519e+00 -2.65391554e-06 -9.63617168e-04  2.74370873e+00
 -6.26262880e-06  2.54943949e-03], f(x) = -0.007925390030116993
Iteration: 890, x = [-9.44807612e-01 -1.76404214e-07 -1.82283582e-01 -3.39266035e+00
  1.21074055e-05 -1.69424420e+00  3.34723794e+00  1.43544734e+00
  9.28006463e-01  3.34774047e+00 -1.43703506e+00  9.25242135e-01
 -2.75787519e+00 -2.65391554e-06 -9.63617168e-04  2.74370873e+00
 -6.26262880e-06  2.54943949e-03], f(x) = -0.007925390030116993
Iteration: 891, x = [-9.44807612e-01 -1.76404214e-07 -1.82283582e-01 -3.39266035e+00
  1.21074055e-05 -1.69424420e+00  3.34723794e+00  1.43544734e+00
  9.28006463e-01  3.34774047e+00 -1.43703506e+00  9.25242135e-01
 -2.75787519e+00 -2.65391554e-06 -9.63617168e-04  2.74370873e+00
 -6.26262880e-06  2.54943949e-03], f(x) = -0.007925390030116993
Iteration: 892, x = [-9.44807612e-01 -1.76404214e-07 -1.82283582e-01 -3.39266035e+00
  1.21074055e-05 -1.69424420e+00  3.34723794e+00  1.43544734e+00
  9.28006463e-01  3.34774047e+00 -1.43703506e+00  9.25242135e-01
 -2.75787519e+00 -2.65391554e-06 -9.63617168e-04  2.74370873e+00
 -6.26262880e-06  2.54943949e-03], f(x) = -0.007925390030116993
Iteration: 893, x = [-9.44807612e-01 -1.76404214e-07 -1.82283582e-01 -3.39266035e+00
  1.21074055e-05 -1.69424420e+00  3.34723794e+00  1.43544734e+00
  9.28006463e-01  3.34774047e+00 -1.43703506e+00  9.25242135e-01
 -2.75787519e+00 -2.65391554e-06 -9.63617168e-04  2.74370873e+00
 -6.26262880e-06  2.54943949e-03], f(x) = -0.007925390030116993
Iteration: 894, x = [-9.44812678e-01 -1.76366543e-07 -1.82268605e-01 -3.39265644e+00
  1.21249899e-05 -1.69424848e+00  3.34719128e+00  1.43546179e+00
  9.28013202e-01  3.34773990e+00 -1.43702342e+00  9.25246617e-01
 -2.75788244e+00 -2.65445713e-06 -9.63412321e-04  2.74370253e+00
 -6.27019822e-06  2.54536095e-03], f(x) = -0.007925390037667724
Iteration: 895, x = [-9.44812678e-01 -1.76366543e-07 -1.82268605e-01 -3.39265644e+00
  1.21249899e-05 -1.69424848e+00  3.34719128e+00  1.43546179e+00
  9.28013202e-01  3.34773990e+00 -1.43702342e+00  9.25246617e-01
 -2.75788244e+00 -2.65445713e-06 -9.63412321e-04  2.74370253e+00
 -6.27019822e-06  2.54536095e-03], f(x) = -0.007925390037667724
Iteration: 896, x = [-9.44812678e-01 -1.76366543e-07 -1.82268605e-01 -3.39265644e+00
  1.21249899e-05 -1.69424848e+00  3.34719128e+00  1.43546179e+00
  9.28013202e-01  3.34773990e+00 -1.43702342e+00  9.25246617e-01
 -2.75788244e+00 -2.65445713e-06 -9.63412321e-04  2.74370253e+00
 -6.27019822e-06  2.54536095e-03], f(x) = -0.007925390037667724
Iteration: 897, x = [-9.44812678e-01 -1.76366543e-07 -1.82268605e-01 -3.39265644e+00
  1.21249899e-05 -1.69424848e+00  3.34719128e+00  1.43546179e+00
  9.28013202e-01  3.34773990e+00 -1.43702342e+00  9.25246617e-01
 -2.75788244e+00 -2.65445713e-06 -9.63412321e-04  2.74370253e+00
 -6.27019822e-06  2.54536095e-03], f(x) = -0.007925390037667724
Iteration: 898, x = [-9.44812678e-01 -1.76366543e-07 -1.82268605e-01 -3.39265644e+00
  1.21249899e-05 -1.69424848e+00  3.34719128e+00  1.43546179e+00
  9.28013202e-01  3.34773990e+00 -1.43702342e+00  9.25246617e-01
 -2.75788244e+00 -2.65445713e-06 -9.63412321e-04  2.74370253e+00
 -6.27019822e-06  2.54536095e-03], f(x) = -0.007925390037667724
Iteration: 899, x = [-9.44812678e-01 -1.76366543e-07 -1.82268605e-01 -3.39265644e+00
  1.21249899e-05 -1.69424848e+00  3.34719128e+00  1.43546179e+00
  9.28013202e-01  3.34773990e+00 -1.43702342e+00  9.25246617e-01
 -2.75788244e+00 -2.65445713e-06 -9.63412321e-04  2.74370253e+00
 -6.27019822e-06  2.54536095e-03], f(x) = -0.007925390037667724
Iteration: 900, x = [-9.44812678e-01 -1.76366543e-07 -1.82268605e-01 -3.39265644e+00
  1.21249899e-05 -1.69424848e+00  3.34719128e+00  1.43546179e+00
  9.28013202e-01  3.34773990e+00 -1.43702342e+00  9.25246617e-01
 -2.75788244e+00 -2.65445713e-06 -9.63412321e-04  2.74370253e+00
 -6.27019822e-06  2.54536095e-03], f(x) = -0.007925390037667724
Iteration: 901, x = [-9.44812678e-01 -1.76366543e-07 -1.82268605e-01 -3.39265644e+00
  1.21249899e-05 -1.69424848e+00  3.34719128e+00  1.43546179e+00
  9.28013202e-01  3.34773990e+00 -1.43702342e+00  9.25246617e-01
 -2.75788244e+00 -2.65445713e-06 -9.63412321e-04  2.74370253e+00
 -6.27019822e-06  2.54536095e-03], f(x) = -0.007925390037667724
Iteration: 902, x = [-9.44812678e-01 -1.76366543e-07 -1.82268605e-01 -3.39265644e+00
  1.21249899e-05 -1.69424848e+00  3.34719128e+00  1.43546179e+00
  9.28013202e-01  3.34773990e+00 -1.43702342e+00  9.25246617e-01
 -2.75788244e+00 -2.65445713e-06 -9.63412321e-04  2.74370253e+00
 -6.27019822e-06  2.54536095e-03], f(x) = -0.007925390037667724
Iteration: 903, x = [-9.44812678e-01 -1.76366543e-07 -1.82268605e-01 -3.39265644e+00
  1.21249899e-05 -1.69424848e+00  3.34719128e+00  1.43546179e+00
  9.28013202e-01  3.34773990e+00 -1.43702342e+00  9.25246617e-01
 -2.75788244e+00 -2.65445713e-06 -9.63412321e-04  2.74370253e+00
 -6.27019822e-06  2.54536095e-03], f(x) = -0.007925390037667724
Iteration: 904, x = [-9.44812678e-01 -1.76366543e-07 -1.82268605e-01 -3.39265644e+00
  1.21249899e-05 -1.69424848e+00  3.34719128e+00  1.43546179e+00
  9.28013202e-01  3.34773990e+00 -1.43702342e+00  9.25246617e-01
 -2.75788244e+00 -2.65445713e-06 -9.63412321e-04  2.74370253e+00
 -6.27019822e-06  2.54536095e-03], f(x) = -0.007925390037667724
Iteration: 905, x = [-9.44821972e-01 -1.76483642e-07 -1.82264377e-01 -3.39266604e+00
  1.21273708e-05 -1.69425219e+00  3.34722481e+00  1.43545040e+00
  9.27996048e-01  3.34775874e+00 -1.43702389e+00  9.25227574e-01
 -2.75789237e+00 -2.65329759e-06 -9.65116744e-04  2.74369657e+00
 -6.26581458e-06  2.54460026e-03], f(x) = -0.007925390038807684
Iteration: 906, x = [-9.44821972e-01 -1.76483642e-07 -1.82264377e-01 -3.39266604e+00
  1.21273708e-05 -1.69425219e+00  3.34722481e+00  1.43545040e+00
  9.27996048e-01  3.34775874e+00 -1.43702389e+00  9.25227574e-01
 -2.75789237e+00 -2.65329759e-06 -9.65116744e-04  2.74369657e+00
 -6.26581458e-06  2.54460026e-03], f(x) = -0.007925390038807684
Iteration: 907, x = [-9.44821972e-01 -1.76483642e-07 -1.82264377e-01 -3.39266604e+00
  1.21273708e-05 -1.69425219e+00  3.34722481e+00  1.43545040e+00
  9.27996048e-01  3.34775874e+00 -1.43702389e+00  9.25227574e-01
 -2.75789237e+00 -2.65329759e-06 -9.65116744e-04  2.74369657e+00
 -6.26581458e-06  2.54460026e-03], f(x) = -0.007925390038807684
Iteration: 908, x = [-9.44821972e-01 -1.76483642e-07 -1.82264377e-01 -3.39266604e+00
  1.21273708e-05 -1.69425219e+00  3.34722481e+00  1.43545040e+00
  9.27996048e-01  3.34775874e+00 -1.43702389e+00  9.25227574e-01
 -2.75789237e+00 -2.65329759e-06 -9.65116744e-04  2.74369657e+00
 -6.26581458e-06  2.54460026e-03], f(x) = -0.007925390038807684
Iteration: 909, x = [-9.44800636e-01 -1.76328116e-07 -1.82296507e-01 -3.39267577e+00
  1.21151509e-05 -1.69423852e+00  3.34723071e+00  1.43544755e+00
  9.28016036e-01  3.34772063e+00 -1.43703533e+00  9.25258718e-01
 -2.75786748e+00 -2.65298436e-06 -9.64162353e-04  2.74372140e+00
 -6.25950038e-06  2.54943979e-03], f(x) = -0.007925390043267384
Iteration: 910, x = [-9.44800636e-01 -1.76328116e-07 -1.82296507e-01 -3.39267577e+00
  1.21151509e-05 -1.69423852e+00  3.34723071e+00  1.43544755e+00
  9.28016036e-01  3.34772063e+00 -1.43703533e+00  9.25258718e-01
 -2.75786748e+00 -2.65298436e-06 -9.64162353e-04  2.74372140e+00
 -6.25950038e-06  2.54943979e-03], f(x) = -0.007925390043267384
Iteration: 911, x = [-9.44800636e-01 -1.76328116e-07 -1.82296507e-01 -3.39267577e+00
  1.21151509e-05 -1.69423852e+00  3.34723071e+00  1.43544755e+00
  9.28016036e-01  3.34772063e+00 -1.43703533e+00  9.25258718e-01
 -2.75786748e+00 -2.65298436e-06 -9.64162353e-04  2.74372140e+00
 -6.25950038e-06  2.54943979e-03], f(x) = -0.007925390043267384
Iteration: 912, x = [-9.44800636e-01 -1.76328116e-07 -1.82296507e-01 -3.39267577e+00
  1.21151509e-05 -1.69423852e+00  3.34723071e+00  1.43544755e+00
  9.28016036e-01  3.34772063e+00 -1.43703533e+00  9.25258718e-01
 -2.75786748e+00 -2.65298436e-06 -9.64162353e-04  2.74372140e+00
 -6.25950038e-06  2.54943979e-03], f(x) = -0.007925390043267384
Iteration: 913, x = [-9.44800636e-01 -1.76328116e-07 -1.82296507e-01 -3.39267577e+00
  1.21151509e-05 -1.69423852e+00  3.34723071e+00  1.43544755e+00
  9.28016036e-01  3.34772063e+00 -1.43703533e+00  9.25258718e-01
 -2.75786748e+00 -2.65298436e-06 -9.64162353e-04  2.74372140e+00
 -6.25950038e-06  2.54943979e-03], f(x) = -0.007925390043267384
Iteration: 914, x = [-9.44800636e-01 -1.76328116e-07 -1.82296507e-01 -3.39267577e+00
  1.21151509e-05 -1.69423852e+00  3.34723071e+00  1.43544755e+00
  9.28016036e-01  3.34772063e+00 -1.43703533e+00  9.25258718e-01
 -2.75786748e+00 -2.65298436e-06 -9.64162353e-04  2.74372140e+00
 -6.25950038e-06  2.54943979e-03], f(x) = -0.007925390043267384
Iteration: 915, x = [-9.44800636e-01 -1.76328116e-07 -1.82296507e-01 -3.39267577e+00
  1.21151509e-05 -1.69423852e+00  3.34723071e+00  1.43544755e+00
  9.28016036e-01  3.34772063e+00 -1.43703533e+00  9.25258718e-01
 -2.75786748e+00 -2.65298436e-06 -9.64162353e-04  2.74372140e+00
 -6.25950038e-06  2.54943979e-03], f(x) = -0.007925390043267384
Iteration: 916, x = [-9.44800636e-01 -1.76328116e-07 -1.82296507e-01 -3.39267577e+00
  1.21151509e-05 -1.69423852e+00  3.34723071e+00  1.43544755e+00
  9.28016036e-01  3.34772063e+00 -1.43703533e+00  9.25258718e-01
 -2.75786748e+00 -2.65298436e-06 -9.64162353e-04  2.74372140e+00
 -6.25950038e-06  2.54943979e-03], f(x) = -0.007925390043267384
Iteration: 917, x = [-9.44805661e-01 -1.76420198e-07 -1.82278237e-01 -3.39266006e+00
  1.21270698e-05 -1.69424594e+00  3.34723730e+00  1.43544796e+00
  9.28019314e-01  3.34772964e+00 -1.43703247e+00  9.25255500e-01
 -2.75787623e+00 -2.65293260e-06 -9.63353402e-04  2.74372970e+00
 -6.25923365e-06  2.54746232e-03], f(x) = -0.007925390051152942
Iteration: 918, x = [-9.44805661e-01 -1.76420198e-07 -1.82278237e-01 -3.39266006e+00
  1.21270698e-05 -1.69424594e+00  3.34723730e+00  1.43544796e+00
  9.28019314e-01  3.34772964e+00 -1.43703247e+00  9.25255500e-01
 -2.75787623e+00 -2.65293260e-06 -9.63353402e-04  2.74372970e+00
 -6.25923365e-06  2.54746232e-03], f(x) = -0.007925390051152942
Iteration: 919, x = [-9.44805661e-01 -1.76420198e-07 -1.82278237e-01 -3.39266006e+00
  1.21270698e-05 -1.69424594e+00  3.34723730e+00  1.43544796e+00
  9.28019314e-01  3.34772964e+00 -1.43703247e+00  9.25255500e-01
 -2.75787623e+00 -2.65293260e-06 -9.63353402e-04  2.74372970e+00
 -6.25923365e-06  2.54746232e-03], f(x) = -0.007925390051152942
Iteration: 920, x = [-9.44805661e-01 -1.76420198e-07 -1.82278237e-01 -3.39266006e+00
  1.21270698e-05 -1.69424594e+00  3.34723730e+00  1.43544796e+00
  9.28019314e-01  3.34772964e+00 -1.43703247e+00  9.25255500e-01
 -2.75787623e+00 -2.65293260e-06 -9.63353402e-04  2.74372970e+00
 -6.25923365e-06  2.54746232e-03], f(x) = -0.007925390051152942
Iteration: 921, x = [-9.44805661e-01 -1.76420198e-07 -1.82278237e-01 -3.39266006e+00
  1.21270698e-05 -1.69424594e+00  3.34723730e+00  1.43544796e+00
  9.28019314e-01  3.34772964e+00 -1.43703247e+00  9.25255500e-01
 -2.75787623e+00 -2.65293260e-06 -9.63353402e-04  2.74372970e+00
 -6.25923365e-06  2.54746232e-03], f(x) = -0.007925390051152942
Iteration: 922, x = [-9.44805661e-01 -1.76420198e-07 -1.82278237e-01 -3.39266006e+00
  1.21270698e-05 -1.69424594e+00  3.34723730e+00  1.43544796e+00
  9.28019314e-01  3.34772964e+00 -1.43703247e+00  9.25255500e-01
 -2.75787623e+00 -2.65293260e-06 -9.63353402e-04  2.74372970e+00
 -6.25923365e-06  2.54746232e-03], f(x) = -0.007925390051152942
Iteration: 923, x = [-9.44805661e-01 -1.76420198e-07 -1.82278237e-01 -3.39266006e+00
  1.21270698e-05 -1.69424594e+00  3.34723730e+00  1.43544796e+00
  9.28019314e-01  3.34772964e+00 -1.43703247e+00  9.25255500e-01
 -2.75787623e+00 -2.65293260e-06 -9.63353402e-04  2.74372970e+00
 -6.25923365e-06  2.54746232e-03], f(x) = -0.007925390051152942
Iteration: 924, x = [-9.44805661e-01 -1.76420198e-07 -1.82278237e-01 -3.39266006e+00
  1.21270698e-05 -1.69424594e+00  3.34723730e+00  1.43544796e+00
  9.28019314e-01  3.34772964e+00 -1.43703247e+00  9.25255500e-01
 -2.75787623e+00 -2.65293260e-06 -9.63353402e-04  2.74372970e+00
 -6.25923365e-06  2.54746232e-03], f(x) = -0.007925390051152942
Iteration: 925, x = [-9.44805661e-01 -1.76420198e-07 -1.82278237e-01 -3.39266006e+00
  1.21270698e-05 -1.69424594e+00  3.34723730e+00  1.43544796e+00
  9.28019314e-01  3.34772964e+00 -1.43703247e+00  9.25255500e-01
 -2.75787623e+00 -2.65293260e-06 -9.63353402e-04  2.74372970e+00
 -6.25923365e-06  2.54746232e-03], f(x) = -0.007925390051152942
Iteration: 926, x = [-9.44805661e-01 -1.76420198e-07 -1.82278237e-01 -3.39266006e+00
  1.21270698e-05 -1.69424594e+00  3.34723730e+00  1.43544796e+00
  9.28019314e-01  3.34772964e+00 -1.43703247e+00  9.25255500e-01
 -2.75787623e+00 -2.65293260e-06 -9.63353402e-04  2.74372970e+00
 -6.25923365e-06  2.54746232e-03], f(x) = -0.007925390051152942
Iteration: 927, x = [-9.44805661e-01 -1.76420198e-07 -1.82278237e-01 -3.39266006e+00
  1.21270698e-05 -1.69424594e+00  3.34723730e+00  1.43544796e+00
  9.28019314e-01  3.34772964e+00 -1.43703247e+00  9.25255500e-01
 -2.75787623e+00 -2.65293260e-06 -9.63353402e-04  2.74372970e+00
 -6.25923365e-06  2.54746232e-03], f(x) = -0.007925390051152942
Iteration: 928, x = [-9.44805661e-01 -1.76420198e-07 -1.82278237e-01 -3.39266006e+00
  1.21270698e-05 -1.69424594e+00  3.34723730e+00  1.43544796e+00
  9.28019314e-01  3.34772964e+00 -1.43703247e+00  9.25255500e-01
 -2.75787623e+00 -2.65293260e-06 -9.63353402e-04  2.74372970e+00
 -6.25923365e-06  2.54746232e-03], f(x) = -0.007925390051152942
Iteration: 929, x = [-9.44805661e-01 -1.76420198e-07 -1.82278237e-01 -3.39266006e+00
  1.21270698e-05 -1.69424594e+00  3.34723730e+00  1.43544796e+00
  9.28019314e-01  3.34772964e+00 -1.43703247e+00  9.25255500e-01
 -2.75787623e+00 -2.65293260e-06 -9.63353402e-04  2.74372970e+00
 -6.25923365e-06  2.54746232e-03], f(x) = -0.007925390051152942
Iteration: 930, x = [-9.44805661e-01 -1.76420198e-07 -1.82278237e-01 -3.39266006e+00
  1.21270698e-05 -1.69424594e+00  3.34723730e+00  1.43544796e+00
  9.28019314e-01  3.34772964e+00 -1.43703247e+00  9.25255500e-01
 -2.75787623e+00 -2.65293260e-06 -9.63353402e-04  2.74372970e+00
 -6.25923365e-06  2.54746232e-03], f(x) = -0.007925390051152942
Iteration: 931, x = [-9.44805661e-01 -1.76420198e-07 -1.82278237e-01 -3.39266006e+00
  1.21270698e-05 -1.69424594e+00  3.34723730e+00  1.43544796e+00
  9.28019314e-01  3.34772964e+00 -1.43703247e+00  9.25255500e-01
 -2.75787623e+00 -2.65293260e-06 -9.63353402e-04  2.74372970e+00
 -6.25923365e-06  2.54746232e-03], f(x) = -0.007925390051152942
Iteration: 932, x = [-9.44805661e-01 -1.76420198e-07 -1.82278237e-01 -3.39266006e+00
  1.21270698e-05 -1.69424594e+00  3.34723730e+00  1.43544796e+00
  9.28019314e-01  3.34772964e+00 -1.43703247e+00  9.25255500e-01
 -2.75787623e+00 -2.65293260e-06 -9.63353402e-04  2.74372970e+00
 -6.25923365e-06  2.54746232e-03], f(x) = -0.007925390051152942
Iteration: 933, x = [-9.44805661e-01 -1.76420198e-07 -1.82278237e-01 -3.39266006e+00
  1.21270698e-05 -1.69424594e+00  3.34723730e+00  1.43544796e+00
  9.28019314e-01  3.34772964e+00 -1.43703247e+00  9.25255500e-01
 -2.75787623e+00 -2.65293260e-06 -9.63353402e-04  2.74372970e+00
 -6.25923365e-06  2.54746232e-03], f(x) = -0.007925390051152942
Iteration: 934, x = [-9.44805661e-01 -1.76420198e-07 -1.82278237e-01 -3.39266006e+00
  1.21270698e-05 -1.69424594e+00  3.34723730e+00  1.43544796e+00
  9.28019314e-01  3.34772964e+00 -1.43703247e+00  9.25255500e-01
 -2.75787623e+00 -2.65293260e-06 -9.63353402e-04  2.74372970e+00
 -6.25923365e-06  2.54746232e-03], f(x) = -0.007925390051152942
Iteration: 935, x = [-9.44805661e-01 -1.76420198e-07 -1.82278237e-01 -3.39266006e+00
  1.21270698e-05 -1.69424594e+00  3.34723730e+00  1.43544796e+00
  9.28019314e-01  3.34772964e+00 -1.43703247e+00  9.25255500e-01
 -2.75787623e+00 -2.65293260e-06 -9.63353402e-04  2.74372970e+00
 -6.25923365e-06  2.54746232e-03], f(x) = -0.007925390051152942
Iteration: 936, x = [-9.44805661e-01 -1.76420198e-07 -1.82278237e-01 -3.39266006e+00
  1.21270698e-05 -1.69424594e+00  3.34723730e+00  1.43544796e+00
  9.28019314e-01  3.34772964e+00 -1.43703247e+00  9.25255500e-01
 -2.75787623e+00 -2.65293260e-06 -9.63353402e-04  2.74372970e+00
 -6.25923365e-06  2.54746232e-03], f(x) = -0.007925390051152942
Iteration: 937, x = [-9.44805661e-01 -1.76420198e-07 -1.82278237e-01 -3.39266006e+00
  1.21270698e-05 -1.69424594e+00  3.34723730e+00  1.43544796e+00
  9.28019314e-01  3.34772964e+00 -1.43703247e+00  9.25255500e-01
 -2.75787623e+00 -2.65293260e-06 -9.63353402e-04  2.74372970e+00
 -6.25923365e-06  2.54746232e-03], f(x) = -0.007925390051152942
Iteration: 938, x = [-9.44805661e-01 -1.76420198e-07 -1.82278237e-01 -3.39266006e+00
  1.21270698e-05 -1.69424594e+00  3.34723730e+00  1.43544796e+00
  9.28019314e-01  3.34772964e+00 -1.43703247e+00  9.25255500e-01
 -2.75787623e+00 -2.65293260e-06 -9.63353402e-04  2.74372970e+00
 -6.25923365e-06  2.54746232e-03], f(x) = -0.007925390051152942
Iteration: 939, x = [-9.44805661e-01 -1.76420198e-07 -1.82278237e-01 -3.39266006e+00
  1.21270698e-05 -1.69424594e+00  3.34723730e+00  1.43544796e+00
  9.28019314e-01  3.34772964e+00 -1.43703247e+00  9.25255500e-01
 -2.75787623e+00 -2.65293260e-06 -9.63353402e-04  2.74372970e+00
 -6.25923365e-06  2.54746232e-03], f(x) = -0.007925390051152942
Iteration: 940, x = [-9.44805661e-01 -1.76420198e-07 -1.82278237e-01 -3.39266006e+00
  1.21270698e-05 -1.69424594e+00  3.34723730e+00  1.43544796e+00
  9.28019314e-01  3.34772964e+00 -1.43703247e+00  9.25255500e-01
 -2.75787623e+00 -2.65293260e-06 -9.63353402e-04  2.74372970e+00
 -6.25923365e-06  2.54746232e-03], f(x) = -0.007925390051152942
Iteration: 941, x = [-9.44806714e-01 -1.76483201e-07 -1.82284284e-01 -3.39266671e+00
  1.21279579e-05 -1.69424443e+00  3.34721790e+00  1.43544911e+00
  9.28017856e-01  3.34770442e+00 -1.43703490e+00  9.25256641e-01
 -2.75787613e+00 -2.65387813e-06 -9.61866070e-04  2.74371209e+00
 -6.25861078e-06  2.54772843e-03], f(x) = -0.007925390052305454
Iteration: 942, x = [-9.44802144e-01 -1.76527401e-07 -1.82276727e-01 -3.39266056e+00
  1.21222226e-05 -1.69424009e+00  3.34720729e+00  1.43544705e+00
  9.28027087e-01  3.34768006e+00 -1.43703605e+00  9.25267053e-01
 -2.75787156e+00 -2.65524127e-06 -9.60888612e-04  2.74370440e+00
 -6.25894779e-06  2.54893974e-03], f(x) = -0.007925390053620189
Iteration: 943, x = [-9.44802144e-01 -1.76527401e-07 -1.82276727e-01 -3.39266056e+00
  1.21222226e-05 -1.69424009e+00  3.34720729e+00  1.43544705e+00
  9.28027087e-01  3.34768006e+00 -1.43703605e+00  9.25267053e-01
 -2.75787156e+00 -2.65524127e-06 -9.60888612e-04  2.74370440e+00
 -6.25894779e-06  2.54893974e-03], f(x) = -0.007925390053620189
Iteration: 944, x = [-9.44819186e-01 -1.76656002e-07 -1.82260604e-01 -3.39265995e+00
  1.21245181e-05 -1.69425087e+00  3.34721664e+00  1.43544942e+00
  9.27996511e-01  3.34770950e+00 -1.43703046e+00  9.25240170e-01
 -2.75788944e+00 -2.65441676e-06 -9.61924799e-04  2.74368368e+00
 -6.25920095e-06  2.54682370e-03], f(x) = -0.007925390054385492
Iteration: 945, x = [-9.44819186e-01 -1.76656002e-07 -1.82260604e-01 -3.39265995e+00
  1.21245181e-05 -1.69425087e+00  3.34721664e+00  1.43544942e+00
  9.27996511e-01  3.34770950e+00 -1.43703046e+00  9.25240170e-01
 -2.75788944e+00 -2.65441676e-06 -9.61924799e-04  2.74368368e+00
 -6.25920095e-06  2.54682370e-03], f(x) = -0.007925390054385492
Iteration: 946, x = [-9.44819186e-01 -1.76656002e-07 -1.82260604e-01 -3.39265995e+00
  1.21245181e-05 -1.69425087e+00  3.34721664e+00  1.43544942e+00
  9.27996511e-01  3.34770950e+00 -1.43703046e+00  9.25240170e-01
 -2.75788944e+00 -2.65441676e-06 -9.61924799e-04  2.74368368e+00
 -6.25920095e-06  2.54682370e-03], f(x) = -0.007925390054385492
Iteration: 947, x = [-9.44809129e-01 -1.76602286e-07 -1.82275023e-01 -3.39266114e+00
  1.21160561e-05 -1.69424703e+00  3.34725249e+00  1.43544421e+00
  9.28006197e-01  3.34770769e+00 -1.43703739e+00  9.25255402e-01
 -2.75787792e+00 -2.65439691e-06 -9.62646315e-04  2.74371450e+00
 -6.25418714e-06  2.54920842e-03], f(x) = -0.007925390056483569
Iteration: 948, x = [-9.44809129e-01 -1.76602286e-07 -1.82275023e-01 -3.39266114e+00
  1.21160561e-05 -1.69424703e+00  3.34725249e+00  1.43544421e+00
  9.28006197e-01  3.34770769e+00 -1.43703739e+00  9.25255402e-01
 -2.75787792e+00 -2.65439691e-06 -9.62646315e-04  2.74371450e+00
 -6.25418714e-06  2.54920842e-03], f(x) = -0.007925390056483569
Iteration: 949, x = [-9.44809129e-01 -1.76602286e-07 -1.82275023e-01 -3.39266114e+00
  1.21160561e-05 -1.69424703e+00  3.34725249e+00  1.43544421e+00
  9.28006197e-01  3.34770769e+00 -1.43703739e+00  9.25255402e-01
 -2.75787792e+00 -2.65439691e-06 -9.62646315e-04  2.74371450e+00
 -6.25418714e-06  2.54920842e-03], f(x) = -0.007925390056483569
Iteration: 950, x = [-9.44809129e-01 -1.76602286e-07 -1.82275023e-01 -3.39266114e+00
  1.21160561e-05 -1.69424703e+00  3.34725249e+00  1.43544421e+00
  9.28006197e-01  3.34770769e+00 -1.43703739e+00  9.25255402e-01
 -2.75787792e+00 -2.65439691e-06 -9.62646315e-04  2.74371450e+00
 -6.25418714e-06  2.54920842e-03], f(x) = -0.007925390056483569
Iteration: 951, x = [-9.44809129e-01 -1.76602286e-07 -1.82275023e-01 -3.39266114e+00
  1.21160561e-05 -1.69424703e+00  3.34725249e+00  1.43544421e+00
  9.28006197e-01  3.34770769e+00 -1.43703739e+00  9.25255402e-01
 -2.75787792e+00 -2.65439691e-06 -9.62646315e-04  2.74371450e+00
 -6.25418714e-06  2.54920842e-03], f(x) = -0.007925390056483569
Iteration: 952, x = [-9.44801395e-01 -1.76464465e-07 -1.82285333e-01 -3.39266934e+00
  1.21260245e-05 -1.69424023e+00  3.34723107e+00  1.43544614e+00
  9.28019504e-01  3.34770204e+00 -1.43703578e+00  9.25261060e-01
 -2.75787241e+00 -2.65361630e-06 -9.61966715e-04  2.74371771e+00
 -6.25751977e-06  2.54844865e-03], f(x) = -0.007925390058975945
Iteration: 953, x = [-9.44801395e-01 -1.76464465e-07 -1.82285333e-01 -3.39266934e+00
  1.21260245e-05 -1.69424023e+00  3.34723107e+00  1.43544614e+00
  9.28019504e-01  3.34770204e+00 -1.43703578e+00  9.25261060e-01
 -2.75787241e+00 -2.65361630e-06 -9.61966715e-04  2.74371771e+00
 -6.25751977e-06  2.54844865e-03], f(x) = -0.007925390058975945
Iteration: 954, x = [-9.44801395e-01 -1.76464465e-07 -1.82285333e-01 -3.39266934e+00
  1.21260245e-05 -1.69424023e+00  3.34723107e+00  1.43544614e+00
  9.28019504e-01  3.34770204e+00 -1.43703578e+00  9.25261060e-01
 -2.75787241e+00 -2.65361630e-06 -9.61966715e-04  2.74371771e+00
 -6.25751977e-06  2.54844865e-03], f(x) = -0.007925390058975945
Iteration: 955, x = [-9.44801395e-01 -1.76464465e-07 -1.82285333e-01 -3.39266934e+00
  1.21260245e-05 -1.69424023e+00  3.34723107e+00  1.43544614e+00
  9.28019504e-01  3.34770204e+00 -1.43703578e+00  9.25261060e-01
 -2.75787241e+00 -2.65361630e-06 -9.61966715e-04  2.74371771e+00
 -6.25751977e-06  2.54844865e-03], f(x) = -0.007925390058975945
Iteration: 956, x = [-9.44801395e-01 -1.76464465e-07 -1.82285333e-01 -3.39266934e+00
  1.21260245e-05 -1.69424023e+00  3.34723107e+00  1.43544614e+00
  9.28019504e-01  3.34770204e+00 -1.43703578e+00  9.25261060e-01
 -2.75787241e+00 -2.65361630e-06 -9.61966715e-04  2.74371771e+00
 -6.25751977e-06  2.54844865e-03], f(x) = -0.007925390058975945
Iteration: 957, x = [-9.44801395e-01 -1.76464465e-07 -1.82285333e-01 -3.39266934e+00
  1.21260245e-05 -1.69424023e+00  3.34723107e+00  1.43544614e+00
  9.28019504e-01  3.34770204e+00 -1.43703578e+00  9.25261060e-01
 -2.75787241e+00 -2.65361630e-06 -9.61966715e-04  2.74371771e+00
 -6.25751977e-06  2.54844865e-03], f(x) = -0.007925390058975945
Iteration: 958, x = [-9.44801395e-01 -1.76464465e-07 -1.82285333e-01 -3.39266934e+00
  1.21260245e-05 -1.69424023e+00  3.34723107e+00  1.43544614e+00
  9.28019504e-01  3.34770204e+00 -1.43703578e+00  9.25261060e-01
 -2.75787241e+00 -2.65361630e-06 -9.61966715e-04  2.74371771e+00
 -6.25751977e-06  2.54844865e-03], f(x) = -0.007925390058975945
Iteration: 959, x = [-9.44801395e-01 -1.76464465e-07 -1.82285333e-01 -3.39266934e+00
  1.21260245e-05 -1.69424023e+00  3.34723107e+00  1.43544614e+00
  9.28019504e-01  3.34770204e+00 -1.43703578e+00  9.25261060e-01
 -2.75787241e+00 -2.65361630e-06 -9.61966715e-04  2.74371771e+00
 -6.25751977e-06  2.54844865e-03], f(x) = -0.007925390058975945
Iteration: 960, x = [-9.44801395e-01 -1.76464465e-07 -1.82285333e-01 -3.39266934e+00
  1.21260245e-05 -1.69424023e+00  3.34723107e+00  1.43544614e+00
  9.28019504e-01  3.34770204e+00 -1.43703578e+00  9.25261060e-01
 -2.75787241e+00 -2.65361630e-06 -9.61966715e-04  2.74371771e+00
 -6.25751977e-06  2.54844865e-03], f(x) = -0.007925390058975945
Iteration: 961, x = [-9.44801395e-01 -1.76464465e-07 -1.82285333e-01 -3.39266934e+00
  1.21260245e-05 -1.69424023e+00  3.34723107e+00  1.43544614e+00
  9.28019504e-01  3.34770204e+00 -1.43703578e+00  9.25261060e-01
 -2.75787241e+00 -2.65361630e-06 -9.61966715e-04  2.74371771e+00
 -6.25751977e-06  2.54844865e-03], f(x) = -0.007925390058975945
Iteration: 962, x = [-9.44801395e-01 -1.76464465e-07 -1.82285333e-01 -3.39266934e+00
  1.21260245e-05 -1.69424023e+00  3.34723107e+00  1.43544614e+00
  9.28019504e-01  3.34770204e+00 -1.43703578e+00  9.25261060e-01
 -2.75787241e+00 -2.65361630e-06 -9.61966715e-04  2.74371771e+00
 -6.25751977e-06  2.54844865e-03], f(x) = -0.007925390058975945
Iteration: 963, x = [-9.44801395e-01 -1.76464465e-07 -1.82285333e-01 -3.39266934e+00
  1.21260245e-05 -1.69424023e+00  3.34723107e+00  1.43544614e+00
  9.28019504e-01  3.34770204e+00 -1.43703578e+00  9.25261060e-01
 -2.75787241e+00 -2.65361630e-06 -9.61966715e-04  2.74371771e+00
 -6.25751977e-06  2.54844865e-03], f(x) = -0.007925390058975945
Iteration: 964, x = [-9.44801395e-01 -1.76464465e-07 -1.82285333e-01 -3.39266934e+00
  1.21260245e-05 -1.69424023e+00  3.34723107e+00  1.43544614e+00
  9.28019504e-01  3.34770204e+00 -1.43703578e+00  9.25261060e-01
 -2.75787241e+00 -2.65361630e-06 -9.61966715e-04  2.74371771e+00
 -6.25751977e-06  2.54844865e-03], f(x) = -0.007925390058975945
Iteration: 965, x = [-9.44801395e-01 -1.76464465e-07 -1.82285333e-01 -3.39266934e+00
  1.21260245e-05 -1.69424023e+00  3.34723107e+00  1.43544614e+00
  9.28019504e-01  3.34770204e+00 -1.43703578e+00  9.25261060e-01
 -2.75787241e+00 -2.65361630e-06 -9.61966715e-04  2.74371771e+00
 -6.25751977e-06  2.54844865e-03], f(x) = -0.007925390058975945
Iteration: 966, x = [-9.44801395e-01 -1.76464465e-07 -1.82285333e-01 -3.39266934e+00
  1.21260245e-05 -1.69424023e+00  3.34723107e+00  1.43544614e+00
  9.28019504e-01  3.34770204e+00 -1.43703578e+00  9.25261060e-01
 -2.75787241e+00 -2.65361630e-06 -9.61966715e-04  2.74371771e+00
 -6.25751977e-06  2.54844865e-03], f(x) = -0.007925390058975945
Iteration: 967, x = [-9.44801395e-01 -1.76464465e-07 -1.82285333e-01 -3.39266934e+00
  1.21260245e-05 -1.69424023e+00  3.34723107e+00  1.43544614e+00
  9.28019504e-01  3.34770204e+00 -1.43703578e+00  9.25261060e-01
 -2.75787241e+00 -2.65361630e-06 -9.61966715e-04  2.74371771e+00
 -6.25751977e-06  2.54844865e-03], f(x) = -0.007925390058975945
Iteration: 968, x = [-9.44820365e-01 -1.76908544e-07 -1.82259290e-01 -3.39266377e+00
  1.21208278e-05 -1.69424920e+00  3.34722882e+00  1.43544462e+00
  9.27992505e-01  3.34766577e+00 -1.43703906e+00  9.25246441e-01
 -2.75789144e+00 -2.65671772e-06 -9.59596907e-04  2.74367190e+00
 -6.25297324e-06  2.54859072e-03], f(x) = -0.007925390060891995
Iteration: 969, x = [-9.44820365e-01 -1.76908544e-07 -1.82259290e-01 -3.39266377e+00
  1.21208278e-05 -1.69424920e+00  3.34722882e+00  1.43544462e+00
  9.27992505e-01  3.34766577e+00 -1.43703906e+00  9.25246441e-01
 -2.75789144e+00 -2.65671772e-06 -9.59596907e-04  2.74367190e+00
 -6.25297324e-06  2.54859072e-03], f(x) = -0.007925390060891995
Iteration: 970, x = [-9.44820365e-01 -1.76908544e-07 -1.82259290e-01 -3.39266377e+00
  1.21208278e-05 -1.69424920e+00  3.34722882e+00  1.43544462e+00
  9.27992505e-01  3.34766577e+00 -1.43703906e+00  9.25246441e-01
 -2.75789144e+00 -2.65671772e-06 -9.59596907e-04  2.74367190e+00
 -6.25297324e-06  2.54859072e-03], f(x) = -0.007925390060891995
Iteration: 971, x = [-9.44820365e-01 -1.76908544e-07 -1.82259290e-01 -3.39266377e+00
  1.21208278e-05 -1.69424920e+00  3.34722882e+00  1.43544462e+00
  9.27992505e-01  3.34766577e+00 -1.43703906e+00  9.25246441e-01
 -2.75789144e+00 -2.65671772e-06 -9.59596907e-04  2.74367190e+00
 -6.25297324e-06  2.54859072e-03], f(x) = -0.007925390060891995
Iteration: 972, x = [-9.44820365e-01 -1.76908544e-07 -1.82259290e-01 -3.39266377e+00
  1.21208278e-05 -1.69424920e+00  3.34722882e+00  1.43544462e+00
  9.27992505e-01  3.34766577e+00 -1.43703906e+00  9.25246441e-01
 -2.75789144e+00 -2.65671772e-06 -9.59596907e-04  2.74367190e+00
 -6.25297324e-06  2.54859072e-03], f(x) = -0.007925390060891995
Iteration: 973, x = [-9.44807494e-01 -1.76771662e-07 -1.82265746e-01 -3.39265276e+00
  1.21156062e-05 -1.69424679e+00  3.34723968e+00  1.43543628e+00
  9.28017617e-01  3.34766590e+00 -1.43704200e+00  9.25264319e-01
 -2.75787895e+00 -2.65590617e-06 -9.59641017e-04  2.74370011e+00
 -6.25262298e-06  2.55019749e-03], f(x) = -0.007925390061019805
Iteration: 974, x = [-9.44807494e-01 -1.76771662e-07 -1.82265746e-01 -3.39265276e+00
  1.21156062e-05 -1.69424679e+00  3.34723968e+00  1.43543628e+00
  9.28017617e-01  3.34766590e+00 -1.43704200e+00  9.25264319e-01
 -2.75787895e+00 -2.65590617e-06 -9.59641017e-04  2.74370011e+00
 -6.25262298e-06  2.55019749e-03], f(x) = -0.007925390061019805
Iteration: 975, x = [-9.44807494e-01 -1.76771662e-07 -1.82265746e-01 -3.39265276e+00
  1.21156062e-05 -1.69424679e+00  3.34723968e+00  1.43543628e+00
  9.28017617e-01  3.34766590e+00 -1.43704200e+00  9.25264319e-01
 -2.75787895e+00 -2.65590617e-06 -9.59641017e-04  2.74370011e+00
 -6.25262298e-06  2.55019749e-03], f(x) = -0.007925390061019805
Iteration: 976, x = [-9.44807494e-01 -1.76771662e-07 -1.82265746e-01 -3.39265276e+00
  1.21156062e-05 -1.69424679e+00  3.34723968e+00  1.43543628e+00
  9.28017617e-01  3.34766590e+00 -1.43704200e+00  9.25264319e-01
 -2.75787895e+00 -2.65590617e-06 -9.59641017e-04  2.74370011e+00
 -6.25262298e-06  2.55019749e-03], f(x) = -0.007925390061019805
Iteration: 977, x = [-9.44807494e-01 -1.76771662e-07 -1.82265746e-01 -3.39265276e+00
  1.21156062e-05 -1.69424679e+00  3.34723968e+00  1.43543628e+00
  9.28017617e-01  3.34766590e+00 -1.43704200e+00  9.25264319e-01
 -2.75787895e+00 -2.65590617e-06 -9.59641017e-04  2.74370011e+00
 -6.25262298e-06  2.55019749e-03], f(x) = -0.007925390061019805
Iteration: 978, x = [-9.44805989e-01 -1.76679293e-07 -1.82279199e-01 -3.39266380e+00
  1.21271390e-05 -1.69424487e+00  3.34722664e+00  1.43544475e+00
  9.28016793e-01  3.34766945e+00 -1.43703621e+00  9.25270500e-01
 -2.75787556e+00 -2.65486390e-06 -9.61355666e-04  2.74370616e+00
 -6.25206929e-06  2.54826343e-03], f(x) = -0.007925390062412763
Iteration: 979, x = [-9.44805989e-01 -1.76679293e-07 -1.82279199e-01 -3.39266380e+00
  1.21271390e-05 -1.69424487e+00  3.34722664e+00  1.43544475e+00
  9.28016793e-01  3.34766945e+00 -1.43703621e+00  9.25270500e-01
 -2.75787556e+00 -2.65486390e-06 -9.61355666e-04  2.74370616e+00
 -6.25206929e-06  2.54826343e-03], f(x) = -0.007925390062412763
Iteration: 980, x = [-9.44805989e-01 -1.76679293e-07 -1.82279199e-01 -3.39266380e+00
  1.21271390e-05 -1.69424487e+00  3.34722664e+00  1.43544475e+00
  9.28016793e-01  3.34766945e+00 -1.43703621e+00  9.25270500e-01
 -2.75787556e+00 -2.65486390e-06 -9.61355666e-04  2.74370616e+00
 -6.25206929e-06  2.54826343e-03], f(x) = -0.007925390062412763
Iteration: 981, x = [-9.44805989e-01 -1.76679293e-07 -1.82279199e-01 -3.39266380e+00
  1.21271390e-05 -1.69424487e+00  3.34722664e+00  1.43544475e+00
  9.28016793e-01  3.34766945e+00 -1.43703621e+00  9.25270500e-01
 -2.75787556e+00 -2.65486390e-06 -9.61355666e-04  2.74370616e+00
 -6.25206929e-06  2.54826343e-03], f(x) = -0.007925390062412763
Iteration: 982, x = [-9.44808756e-01 -1.76793271e-07 -1.82264506e-01 -3.39265979e+00
  1.21114145e-05 -1.69424631e+00  3.34725836e+00  1.43543723e+00
  9.28008243e-01  3.34767491e+00 -1.43704309e+00  9.25262478e-01
 -2.75788087e+00 -2.65580897e-06 -9.60270346e-04  2.74370822e+00
 -6.25097800e-06  2.55109033e-03], f(x) = -0.007925390065051234
Iteration: 983, x = [-9.44808756e-01 -1.76793271e-07 -1.82264506e-01 -3.39265979e+00
  1.21114145e-05 -1.69424631e+00  3.34725836e+00  1.43543723e+00
  9.28008243e-01  3.34767491e+00 -1.43704309e+00  9.25262478e-01
 -2.75788087e+00 -2.65580897e-06 -9.60270346e-04  2.74370822e+00
 -6.25097800e-06  2.55109033e-03], f(x) = -0.007925390065051234
Iteration: 984, x = [-9.44808756e-01 -1.76793271e-07 -1.82264506e-01 -3.39265979e+00
  1.21114145e-05 -1.69424631e+00  3.34725836e+00  1.43543723e+00
  9.28008243e-01  3.34767491e+00 -1.43704309e+00  9.25262478e-01
 -2.75788087e+00 -2.65580897e-06 -9.60270346e-04  2.74370822e+00
 -6.25097800e-06  2.55109033e-03], f(x) = -0.007925390065051234
Iteration: 985, x = [-9.44808756e-01 -1.76793271e-07 -1.82264506e-01 -3.39265979e+00
  1.21114145e-05 -1.69424631e+00  3.34725836e+00  1.43543723e+00
  9.28008243e-01  3.34767491e+00 -1.43704309e+00  9.25262478e-01
 -2.75788087e+00 -2.65580897e-06 -9.60270346e-04  2.74370822e+00
 -6.25097800e-06  2.55109033e-03], f(x) = -0.007925390065051234
Iteration: 986, x = [-9.44808756e-01 -1.76793271e-07 -1.82264506e-01 -3.39265979e+00
  1.21114145e-05 -1.69424631e+00  3.34725836e+00  1.43543723e+00
  9.28008243e-01  3.34767491e+00 -1.43704309e+00  9.25262478e-01
 -2.75788087e+00 -2.65580897e-06 -9.60270346e-04  2.74370822e+00
 -6.25097800e-06  2.55109033e-03], f(x) = -0.007925390065051234
Iteration: 987, x = [-9.44808756e-01 -1.76793271e-07 -1.82264506e-01 -3.39265979e+00
  1.21114145e-05 -1.69424631e+00  3.34725836e+00  1.43543723e+00
  9.28008243e-01  3.34767491e+00 -1.43704309e+00  9.25262478e-01
 -2.75788087e+00 -2.65580897e-06 -9.60270346e-04  2.74370822e+00
 -6.25097800e-06  2.55109033e-03], f(x) = -0.007925390065051234
Iteration: 988, x = [-9.44808756e-01 -1.76793271e-07 -1.82264506e-01 -3.39265979e+00
  1.21114145e-05 -1.69424631e+00  3.34725836e+00  1.43543723e+00
  9.28008243e-01  3.34767491e+00 -1.43704309e+00  9.25262478e-01
 -2.75788087e+00 -2.65580897e-06 -9.60270346e-04  2.74370822e+00
 -6.25097800e-06  2.55109033e-03], f(x) = -0.007925390065051234
Iteration: 989, x = [-9.44808756e-01 -1.76793271e-07 -1.82264506e-01 -3.39265979e+00
  1.21114145e-05 -1.69424631e+00  3.34725836e+00  1.43543723e+00
  9.28008243e-01  3.34767491e+00 -1.43704309e+00  9.25262478e-01
 -2.75788087e+00 -2.65580897e-06 -9.60270346e-04  2.74370822e+00
 -6.25097800e-06  2.55109033e-03], f(x) = -0.007925390065051234
Iteration: 990, x = [-9.44808756e-01 -1.76793271e-07 -1.82264506e-01 -3.39265979e+00
  1.21114145e-05 -1.69424631e+00  3.34725836e+00  1.43543723e+00
  9.28008243e-01  3.34767491e+00 -1.43704309e+00  9.25262478e-01
 -2.75788087e+00 -2.65580897e-06 -9.60270346e-04  2.74370822e+00
 -6.25097800e-06  2.55109033e-03], f(x) = -0.007925390065051234
Iteration: 991, x = [-9.44808756e-01 -1.76793271e-07 -1.82264506e-01 -3.39265979e+00
  1.21114145e-05 -1.69424631e+00  3.34725836e+00  1.43543723e+00
  9.28008243e-01  3.34767491e+00 -1.43704309e+00  9.25262478e-01
 -2.75788087e+00 -2.65580897e-06 -9.60270346e-04  2.74370822e+00
 -6.25097800e-06  2.55109033e-03], f(x) = -0.007925390065051234
Iteration: 992, x = [-9.44808756e-01 -1.76793271e-07 -1.82264506e-01 -3.39265979e+00
  1.21114145e-05 -1.69424631e+00  3.34725836e+00  1.43543723e+00
  9.28008243e-01  3.34767491e+00 -1.43704309e+00  9.25262478e-01
 -2.75788087e+00 -2.65580897e-06 -9.60270346e-04  2.74370822e+00
 -6.25097800e-06  2.55109033e-03], f(x) = -0.007925390065051234
Iteration: 993, x = [-9.44808756e-01 -1.76793271e-07 -1.82264506e-01 -3.39265979e+00
  1.21114145e-05 -1.69424631e+00  3.34725836e+00  1.43543723e+00
  9.28008243e-01  3.34767491e+00 -1.43704309e+00  9.25262478e-01
 -2.75788087e+00 -2.65580897e-06 -9.60270346e-04  2.74370822e+00
 -6.25097800e-06  2.55109033e-03], f(x) = -0.007925390065051234
Iteration: 994, x = [-9.44808756e-01 -1.76793271e-07 -1.82264506e-01 -3.39265979e+00
  1.21114145e-05 -1.69424631e+00  3.34725836e+00  1.43543723e+00
  9.28008243e-01  3.34767491e+00 -1.43704309e+00  9.25262478e-01
 -2.75788087e+00 -2.65580897e-06 -9.60270346e-04  2.74370822e+00
 -6.25097800e-06  2.55109033e-03], f(x) = -0.007925390065051234
Iteration: 995, x = [-9.44808756e-01 -1.76793271e-07 -1.82264506e-01 -3.39265979e+00
  1.21114145e-05 -1.69424631e+00  3.34725836e+00  1.43543723e+00
  9.28008243e-01  3.34767491e+00 -1.43704309e+00  9.25262478e-01
 -2.75788087e+00 -2.65580897e-06 -9.60270346e-04  2.74370822e+00
 -6.25097800e-06  2.55109033e-03], f(x) = -0.007925390065051234
Iteration: 996, x = [-9.44808756e-01 -1.76793271e-07 -1.82264506e-01 -3.39265979e+00
  1.21114145e-05 -1.69424631e+00  3.34725836e+00  1.43543723e+00
  9.28008243e-01  3.34767491e+00 -1.43704309e+00  9.25262478e-01
 -2.75788087e+00 -2.65580897e-06 -9.60270346e-04  2.74370822e+00
 -6.25097800e-06  2.55109033e-03], f(x) = -0.007925390065051234
Iteration: 997, x = [-9.44811308e-01 -1.76871805e-07 -1.82267659e-01 -3.39266421e+00
  1.21141896e-05 -1.69424511e+00  3.34724343e+00  1.43543687e+00
  9.28004765e-01  3.34765889e+00 -1.43704033e+00  9.25260076e-01
 -2.75788306e+00 -2.65646059e-06 -9.59779459e-04  2.74368666e+00
 -6.25184366e-06  2.54998563e-03], f(x) = -0.007925390065280272
Iteration: 998, x = [-9.44811308e-01 -1.76871805e-07 -1.82267659e-01 -3.39266421e+00
  1.21141896e-05 -1.69424511e+00  3.34724343e+00  1.43543687e+00
  9.28004765e-01  3.34765889e+00 -1.43704033e+00  9.25260076e-01
 -2.75788306e+00 -2.65646059e-06 -9.59779459e-04  2.74368666e+00
 -6.25184366e-06  2.54998563e-03], f(x) = -0.007925390065280272
Iteration: 999, x = [-9.44811308e-01 -1.76871805e-07 -1.82267659e-01 -3.39266421e+00
  1.21141896e-05 -1.69424511e+00  3.34724343e+00  1.43543687e+00
  9.28004765e-01  3.34765889e+00 -1.43704033e+00  9.25260076e-01
 -2.75788306e+00 -2.65646059e-06 -9.59779459e-04  2.74368666e+00
 -6.25184366e-06  2.54998563e-03], f(x) = -0.007925390065280272
Iteration: 1000, x = [-9.44816992e-01 -1.76924895e-07 -1.82257401e-01 -3.39266413e+00
  1.21211868e-05 -1.69425049e+00  3.34726146e+00  1.43544108e+00
  9.27992479e-01  3.34767450e+00 -1.43704002e+00  9.25251821e-01
 -2.75789075e+00 -2.65610478e-06 -9.60704157e-04  2.74369265e+00
 -6.24796079e-06  2.54931688e-03], f(x) = -0.007925390067066343
Iteration: 1001, x = [-9.44816992e-01 -1.76924895e-07 -1.82257401e-01 -3.39266413e+00
  1.21211868e-05 -1.69425049e+00  3.34726146e+00  1.43544108e+00
  9.27992479e-01  3.34767450e+00 -1.43704002e+00  9.25251821e-01
 -2.75789075e+00 -2.65610478e-06 -9.60704157e-04  2.74369265e+00
 -6.24796079e-06  2.54931688e-03], f(x) = -0.007925390067066343
Iteration: 1002, x = [-9.44816992e-01 -1.76924895e-07 -1.82257401e-01 -3.39266413e+00
  1.21211868e-05 -1.69425049e+00  3.34726146e+00  1.43544108e+00
  9.27992479e-01  3.34767450e+00 -1.43704002e+00  9.25251821e-01
 -2.75789075e+00 -2.65610478e-06 -9.60704157e-04  2.74369265e+00
 -6.24796079e-06  2.54931688e-03], f(x) = -0.007925390067066343
Iteration: 1003, x = [-9.44816992e-01 -1.76924895e-07 -1.82257401e-01 -3.39266413e+00
  1.21211868e-05 -1.69425049e+00  3.34726146e+00  1.43544108e+00
  9.27992479e-01  3.34767450e+00 -1.43704002e+00  9.25251821e-01
 -2.75789075e+00 -2.65610478e-06 -9.60704157e-04  2.74369265e+00
 -6.24796079e-06  2.54931688e-03], f(x) = -0.007925390067066343
Iteration: 1004, x = [-9.44816992e-01 -1.76924895e-07 -1.82257401e-01 -3.39266413e+00
  1.21211868e-05 -1.69425049e+00  3.34726146e+00  1.43544108e+00
  9.27992479e-01  3.34767450e+00 -1.43704002e+00  9.25251821e-01
 -2.75789075e+00 -2.65610478e-06 -9.60704157e-04  2.74369265e+00
 -6.24796079e-06  2.54931688e-03], f(x) = -0.007925390067066343
Iteration: 1005, x = [-9.44816992e-01 -1.76924895e-07 -1.82257401e-01 -3.39266413e+00
  1.21211868e-05 -1.69425049e+00  3.34726146e+00  1.43544108e+00
  9.27992479e-01  3.34767450e+00 -1.43704002e+00  9.25251821e-01
 -2.75789075e+00 -2.65610478e-06 -9.60704157e-04  2.74369265e+00
 -6.24796079e-06  2.54931688e-03], f(x) = -0.007925390067066343
Iteration: 1006, x = [-9.44816992e-01 -1.76924895e-07 -1.82257401e-01 -3.39266413e+00
  1.21211868e-05 -1.69425049e+00  3.34726146e+00  1.43544108e+00
  9.27992479e-01  3.34767450e+00 -1.43704002e+00  9.25251821e-01
 -2.75789075e+00 -2.65610478e-06 -9.60704157e-04  2.74369265e+00
 -6.24796079e-06  2.54931688e-03], f(x) = -0.007925390067066343
Iteration: 1007, x = [-9.44816992e-01 -1.76924895e-07 -1.82257401e-01 -3.39266413e+00
  1.21211868e-05 -1.69425049e+00  3.34726146e+00  1.43544108e+00
  9.27992479e-01  3.34767450e+00 -1.43704002e+00  9.25251821e-01
 -2.75789075e+00 -2.65610478e-06 -9.60704157e-04  2.74369265e+00
 -6.24796079e-06  2.54931688e-03], f(x) = -0.007925390067066343
Iteration: 1008, x = [-9.44816992e-01 -1.76924895e-07 -1.82257401e-01 -3.39266413e+00
  1.21211868e-05 -1.69425049e+00  3.34726146e+00  1.43544108e+00
  9.27992479e-01  3.34767450e+00 -1.43704002e+00  9.25251821e-01
 -2.75789075e+00 -2.65610478e-06 -9.60704157e-04  2.74369265e+00
 -6.24796079e-06  2.54931688e-03], f(x) = -0.007925390067066343
Iteration: 1009, x = [-9.44816992e-01 -1.76924895e-07 -1.82257401e-01 -3.39266413e+00
  1.21211868e-05 -1.69425049e+00  3.34726146e+00  1.43544108e+00
  9.27992479e-01  3.34767450e+00 -1.43704002e+00  9.25251821e-01
 -2.75789075e+00 -2.65610478e-06 -9.60704157e-04  2.74369265e+00
 -6.24796079e-06  2.54931688e-03], f(x) = -0.007925390067066343
Iteration: 1010, x = [-9.44816992e-01 -1.76924895e-07 -1.82257401e-01 -3.39266413e+00
  1.21211868e-05 -1.69425049e+00  3.34726146e+00  1.43544108e+00
  9.27992479e-01  3.34767450e+00 -1.43704002e+00  9.25251821e-01
 -2.75789075e+00 -2.65610478e-06 -9.60704157e-04  2.74369265e+00
 -6.24796079e-06  2.54931688e-03], f(x) = -0.007925390067066343
Iteration: 1011, x = [-9.44816992e-01 -1.76924895e-07 -1.82257401e-01 -3.39266413e+00
  1.21211868e-05 -1.69425049e+00  3.34726146e+00  1.43544108e+00
  9.27992479e-01  3.34767450e+00 -1.43704002e+00  9.25251821e-01
 -2.75789075e+00 -2.65610478e-06 -9.60704157e-04  2.74369265e+00
 -6.24796079e-06  2.54931688e-03], f(x) = -0.007925390067066343
Iteration: 1012, x = [-9.44816992e-01 -1.76924895e-07 -1.82257401e-01 -3.39266413e+00
  1.21211868e-05 -1.69425049e+00  3.34726146e+00  1.43544108e+00
  9.27992479e-01  3.34767450e+00 -1.43704002e+00  9.25251821e-01
 -2.75789075e+00 -2.65610478e-06 -9.60704157e-04  2.74369265e+00
 -6.24796079e-06  2.54931688e-03], f(x) = -0.007925390067066343
Iteration: 1013, x = [-9.44816992e-01 -1.76924895e-07 -1.82257401e-01 -3.39266413e+00
  1.21211868e-05 -1.69425049e+00  3.34726146e+00  1.43544108e+00
  9.27992479e-01  3.34767450e+00 -1.43704002e+00  9.25251821e-01
 -2.75789075e+00 -2.65610478e-06 -9.60704157e-04  2.74369265e+00
 -6.24796079e-06  2.54931688e-03], f(x) = -0.007925390067066343
Iteration: 1014, x = [-9.44816992e-01 -1.76924895e-07 -1.82257401e-01 -3.39266413e+00
  1.21211868e-05 -1.69425049e+00  3.34726146e+00  1.43544108e+00
  9.27992479e-01  3.34767450e+00 -1.43704002e+00  9.25251821e-01
 -2.75789075e+00 -2.65610478e-06 -9.60704157e-04  2.74369265e+00
 -6.24796079e-06  2.54931688e-03], f(x) = -0.007925390067066343
Iteration: 1015, x = [-9.44816992e-01 -1.76924895e-07 -1.82257401e-01 -3.39266413e+00
  1.21211868e-05 -1.69425049e+00  3.34726146e+00  1.43544108e+00
  9.27992479e-01  3.34767450e+00 -1.43704002e+00  9.25251821e-01
 -2.75789075e+00 -2.65610478e-06 -9.60704157e-04  2.74369265e+00
 -6.24796079e-06  2.54931688e-03], f(x) = -0.007925390067066343
Iteration: 1016, x = [-9.44816992e-01 -1.76924895e-07 -1.82257401e-01 -3.39266413e+00
  1.21211868e-05 -1.69425049e+00  3.34726146e+00  1.43544108e+00
  9.27992479e-01  3.34767450e+00 -1.43704002e+00  9.25251821e-01
 -2.75789075e+00 -2.65610478e-06 -9.60704157e-04  2.74369265e+00
 -6.24796079e-06  2.54931688e-03], f(x) = -0.007925390067066343
Iteration: 1017, x = [-9.44816992e-01 -1.76924895e-07 -1.82257401e-01 -3.39266413e+00
  1.21211868e-05 -1.69425049e+00  3.34726146e+00  1.43544108e+00
  9.27992479e-01  3.34767450e+00 -1.43704002e+00  9.25251821e-01
 -2.75789075e+00 -2.65610478e-06 -9.60704157e-04  2.74369265e+00
 -6.24796079e-06  2.54931688e-03], f(x) = -0.007925390067066343
Iteration: 1018, x = [-9.44816445e-01 -1.76974581e-07 -1.82250591e-01 -3.39265434e+00
  1.21099552e-05 -1.69425127e+00  3.34725782e+00  1.43543671e+00
  9.27997648e-01  3.34766324e+00 -1.43704119e+00  9.25255007e-01
 -2.75789001e+00 -2.65809180e-06 -9.59507643e-04  2.74368480e+00
 -6.25153560e-06  2.55011663e-03], f(x) = -0.007925390067147079
Iteration: 1019, x = [-9.44816445e-01 -1.76974581e-07 -1.82250591e-01 -3.39265434e+00
  1.21099552e-05 -1.69425127e+00  3.34725782e+00  1.43543671e+00
  9.27997648e-01  3.34766324e+00 -1.43704119e+00  9.25255007e-01
 -2.75789001e+00 -2.65809180e-06 -9.59507643e-04  2.74368480e+00
 -6.25153560e-06  2.55011663e-03], f(x) = -0.007925390067147079
Iteration: 1020, x = [-9.44816445e-01 -1.76974581e-07 -1.82250591e-01 -3.39265434e+00
  1.21099552e-05 -1.69425127e+00  3.34725782e+00  1.43543671e+00
  9.27997648e-01  3.34766324e+00 -1.43704119e+00  9.25255007e-01
 -2.75789001e+00 -2.65809180e-06 -9.59507643e-04  2.74368480e+00
 -6.25153560e-06  2.55011663e-03], f(x) = -0.007925390067147079
Iteration: 1021, x = [-9.44816445e-01 -1.76974581e-07 -1.82250591e-01 -3.39265434e+00
  1.21099552e-05 -1.69425127e+00  3.34725782e+00  1.43543671e+00
  9.27997648e-01  3.34766324e+00 -1.43704119e+00  9.25255007e-01
 -2.75789001e+00 -2.65809180e-06 -9.59507643e-04  2.74368480e+00
 -6.25153560e-06  2.55011663e-03], f(x) = -0.007925390067147079
Iteration: 1022, x = [-9.44810893e-01 -1.76888790e-07 -1.82262732e-01 -3.39266063e+00
  1.21195928e-05 -1.69424733e+00  3.34724686e+00  1.43543699e+00
  9.28006833e-01  3.34765509e+00 -1.43704173e+00  9.25264597e-01
 -2.75788396e+00 -2.65611099e-06 -9.59595262e-04  2.74369467e+00
 -6.24873313e-06  2.54998870e-03], f(x) = -0.007925390067620029
Iteration: 1023, x = [-9.44810893e-01 -1.76888790e-07 -1.82262732e-01 -3.39266063e+00
  1.21195928e-05 -1.69424733e+00  3.34724686e+00  1.43543699e+00
  9.28006833e-01  3.34765509e+00 -1.43704173e+00  9.25264597e-01
 -2.75788396e+00 -2.65611099e-06 -9.59595262e-04  2.74369467e+00
 -6.24873313e-06  2.54998870e-03], f(x) = -0.007925390067620029
Iteration: 1024, x = [-9.44810893e-01 -1.76888790e-07 -1.82262732e-01 -3.39266063e+00
  1.21195928e-05 -1.69424733e+00  3.34724686e+00  1.43543699e+00
  9.28006833e-01  3.34765509e+00 -1.43704173e+00  9.25264597e-01
 -2.75788396e+00 -2.65611099e-06 -9.59595262e-04  2.74369467e+00
 -6.24873313e-06  2.54998870e-03], f(x) = -0.007925390067620029
Iteration: 1025, x = [-9.44810893e-01 -1.76888790e-07 -1.82262732e-01 -3.39266063e+00
  1.21195928e-05 -1.69424733e+00  3.34724686e+00  1.43543699e+00
  9.28006833e-01  3.34765509e+00 -1.43704173e+00  9.25264597e-01
 -2.75788396e+00 -2.65611099e-06 -9.59595262e-04  2.74369467e+00
 -6.24873313e-06  2.54998870e-03], f(x) = -0.007925390067620029
Iteration: 1026, x = [-9.44810893e-01 -1.76888790e-07 -1.82262732e-01 -3.39266063e+00
  1.21195928e-05 -1.69424733e+00  3.34724686e+00  1.43543699e+00
  9.28006833e-01  3.34765509e+00 -1.43704173e+00  9.25264597e-01
 -2.75788396e+00 -2.65611099e-06 -9.59595262e-04  2.74369467e+00
 -6.24873313e-06  2.54998870e-03], f(x) = -0.007925390067620029
Iteration: 1027, x = [-9.44810893e-01 -1.76888790e-07 -1.82262732e-01 -3.39266063e+00
  1.21195928e-05 -1.69424733e+00  3.34724686e+00  1.43543699e+00
  9.28006833e-01  3.34765509e+00 -1.43704173e+00  9.25264597e-01
 -2.75788396e+00 -2.65611099e-06 -9.59595262e-04  2.74369467e+00
 -6.24873313e-06  2.54998870e-03], f(x) = -0.007925390067620029
Iteration: 1028, x = [-9.44813031e-01 -1.76987873e-07 -1.82259061e-01 -3.39265915e+00
  1.21178105e-05 -1.69424877e+00  3.34725512e+00  1.43543588e+00
  9.28002262e-01  3.34764617e+00 -1.43704268e+00  9.25264306e-01
 -2.75788638e+00 -2.65702902e-06 -9.59379555e-04  2.74368777e+00
 -6.24698884e-06  2.55018130e-03], f(x) = -0.00792539006782946
Iteration: 1029, x = [-9.44813031e-01 -1.76987873e-07 -1.82259061e-01 -3.39265915e+00
  1.21178105e-05 -1.69424877e+00  3.34725512e+00  1.43543588e+00
  9.28002262e-01  3.34764617e+00 -1.43704268e+00  9.25264306e-01
 -2.75788638e+00 -2.65702902e-06 -9.59379555e-04  2.74368777e+00
 -6.24698884e-06  2.55018130e-03], f(x) = -0.00792539006782946
Iteration: 1030, x = [-9.44813031e-01 -1.76987873e-07 -1.82259061e-01 -3.39265915e+00
  1.21178105e-05 -1.69424877e+00  3.34725512e+00  1.43543588e+00
  9.28002262e-01  3.34764617e+00 -1.43704268e+00  9.25264306e-01
 -2.75788638e+00 -2.65702902e-06 -9.59379555e-04  2.74368777e+00
 -6.24698884e-06  2.55018130e-03], f(x) = -0.00792539006782946
Iteration: 1031, x = [-9.44813031e-01 -1.76987873e-07 -1.82259061e-01 -3.39265915e+00
  1.21178105e-05 -1.69424877e+00  3.34725512e+00  1.43543588e+00
  9.28002262e-01  3.34764617e+00 -1.43704268e+00  9.25264306e-01
 -2.75788638e+00 -2.65702902e-06 -9.59379555e-04  2.74368777e+00
 -6.24698884e-06  2.55018130e-03], f(x) = -0.00792539006782946
Iteration: 1032, x = [-9.44813031e-01 -1.76987873e-07 -1.82259061e-01 -3.39265915e+00
  1.21178105e-05 -1.69424877e+00  3.34725512e+00  1.43543588e+00
  9.28002262e-01  3.34764617e+00 -1.43704268e+00  9.25264306e-01
 -2.75788638e+00 -2.65702902e-06 -9.59379555e-04  2.74368777e+00
 -6.24698884e-06  2.55018130e-03], f(x) = -0.00792539006782946
Iteration: 1033, x = [-9.44813031e-01 -1.76987873e-07 -1.82259061e-01 -3.39265915e+00
  1.21178105e-05 -1.69424877e+00  3.34725512e+00  1.43543588e+00
  9.28002262e-01  3.34764617e+00 -1.43704268e+00  9.25264306e-01
 -2.75788638e+00 -2.65702902e-06 -9.59379555e-04  2.74368777e+00
 -6.24698884e-06  2.55018130e-03], f(x) = -0.00792539006782946
Iteration: 1034, x = [-9.44813031e-01 -1.76987873e-07 -1.82259061e-01 -3.39265915e+00
  1.21178105e-05 -1.69424877e+00  3.34725512e+00  1.43543588e+00
  9.28002262e-01  3.34764617e+00 -1.43704268e+00  9.25264306e-01
 -2.75788638e+00 -2.65702902e-06 -9.59379555e-04  2.74368777e+00
 -6.24698884e-06  2.55018130e-03], f(x) = -0.00792539006782946
Iteration: 1035, x = [-9.44813031e-01 -1.76987873e-07 -1.82259061e-01 -3.39265915e+00
  1.21178105e-05 -1.69424877e+00  3.34725512e+00  1.43543588e+00
  9.28002262e-01  3.34764617e+00 -1.43704268e+00  9.25264306e-01
 -2.75788638e+00 -2.65702902e-06 -9.59379555e-04  2.74368777e+00
 -6.24698884e-06  2.55018130e-03], f(x) = -0.00792539006782946
Iteration: 1036, x = [-9.44813031e-01 -1.76987873e-07 -1.82259061e-01 -3.39265915e+00
  1.21178105e-05 -1.69424877e+00  3.34725512e+00  1.43543588e+00
  9.28002262e-01  3.34764617e+00 -1.43704268e+00  9.25264306e-01
 -2.75788638e+00 -2.65702902e-06 -9.59379555e-04  2.74368777e+00
 -6.24698884e-06  2.55018130e-03], f(x) = -0.00792539006782946
Iteration: 1037, x = [-9.44813031e-01 -1.76987873e-07 -1.82259061e-01 -3.39265915e+00
  1.21178105e-05 -1.69424877e+00  3.34725512e+00  1.43543588e+00
  9.28002262e-01  3.34764617e+00 -1.43704268e+00  9.25264306e-01
 -2.75788638e+00 -2.65702902e-06 -9.59379555e-04  2.74368777e+00
 -6.24698884e-06  2.55018130e-03], f(x) = -0.00792539006782946
Iteration: 1038, x = [-9.44813216e-01 -1.76870889e-07 -1.82263460e-01 -3.39266426e+00
  1.21192020e-05 -1.69424831e+00  3.34726404e+00  1.43543913e+00
  9.27997879e-01  3.34767337e+00 -1.43703915e+00  9.25258429e-01
 -2.75788675e+00 -2.65582836e-06 -9.60986323e-04  2.74369981e+00
 -6.24907265e-06  2.54935741e-03], f(x) = -0.007925390068639316
Iteration: 1039, x = [-9.44813216e-01 -1.76870889e-07 -1.82263460e-01 -3.39266426e+00
  1.21192020e-05 -1.69424831e+00  3.34726404e+00  1.43543913e+00
  9.27997879e-01  3.34767337e+00 -1.43703915e+00  9.25258429e-01
 -2.75788675e+00 -2.65582836e-06 -9.60986323e-04  2.74369981e+00
 -6.24907265e-06  2.54935741e-03], f(x) = -0.007925390068639316
Iteration: 1040, x = [-9.44813216e-01 -1.76870889e-07 -1.82263460e-01 -3.39266426e+00
  1.21192020e-05 -1.69424831e+00  3.34726404e+00  1.43543913e+00
  9.27997879e-01  3.34767337e+00 -1.43703915e+00  9.25258429e-01
 -2.75788675e+00 -2.65582836e-06 -9.60986323e-04  2.74369981e+00
 -6.24907265e-06  2.54935741e-03], f(x) = -0.007925390068639316
Iteration: 1041, x = [-9.44813216e-01 -1.76870889e-07 -1.82263460e-01 -3.39266426e+00
  1.21192020e-05 -1.69424831e+00  3.34726404e+00  1.43543913e+00
  9.27997879e-01  3.34767337e+00 -1.43703915e+00  9.25258429e-01
 -2.75788675e+00 -2.65582836e-06 -9.60986323e-04  2.74369981e+00
 -6.24907265e-06  2.54935741e-03], f(x) = -0.007925390068639316
Iteration: 1042, x = [-9.44813216e-01 -1.76870889e-07 -1.82263460e-01 -3.39266426e+00
  1.21192020e-05 -1.69424831e+00  3.34726404e+00  1.43543913e+00
  9.27997879e-01  3.34767337e+00 -1.43703915e+00  9.25258429e-01
 -2.75788675e+00 -2.65582836e-06 -9.60986323e-04  2.74369981e+00
 -6.24907265e-06  2.54935741e-03], f(x) = -0.007925390068639316
Iteration: 1043, x = [-9.44813216e-01 -1.76870889e-07 -1.82263460e-01 -3.39266426e+00
  1.21192020e-05 -1.69424831e+00  3.34726404e+00  1.43543913e+00
  9.27997879e-01  3.34767337e+00 -1.43703915e+00  9.25258429e-01
 -2.75788675e+00 -2.65582836e-06 -9.60986323e-04  2.74369981e+00
 -6.24907265e-06  2.54935741e-03], f(x) = -0.007925390068639316
Iteration: 1044, x = [-9.44813216e-01 -1.76870889e-07 -1.82263460e-01 -3.39266426e+00
  1.21192020e-05 -1.69424831e+00  3.34726404e+00  1.43543913e+00
  9.27997879e-01  3.34767337e+00 -1.43703915e+00  9.25258429e-01
 -2.75788675e+00 -2.65582836e-06 -9.60986323e-04  2.74369981e+00
 -6.24907265e-06  2.54935741e-03], f(x) = -0.007925390068639316
Iteration: 1045, x = [-9.44813216e-01 -1.76870889e-07 -1.82263460e-01 -3.39266426e+00
  1.21192020e-05 -1.69424831e+00  3.34726404e+00  1.43543913e+00
  9.27997879e-01  3.34767337e+00 -1.43703915e+00  9.25258429e-01
 -2.75788675e+00 -2.65582836e-06 -9.60986323e-04  2.74369981e+00
 -6.24907265e-06  2.54935741e-03], f(x) = -0.007925390068639316
Iteration: 1046, x = [-9.44813216e-01 -1.76870889e-07 -1.82263460e-01 -3.39266426e+00
  1.21192020e-05 -1.69424831e+00  3.34726404e+00  1.43543913e+00
  9.27997879e-01  3.34767337e+00 -1.43703915e+00  9.25258429e-01
 -2.75788675e+00 -2.65582836e-06 -9.60986323e-04  2.74369981e+00
 -6.24907265e-06  2.54935741e-03], f(x) = -0.007925390068639316
Iteration: 1047, x = [-9.44813216e-01 -1.76870889e-07 -1.82263460e-01 -3.39266426e+00
  1.21192020e-05 -1.69424831e+00  3.34726404e+00  1.43543913e+00
  9.27997879e-01  3.34767337e+00 -1.43703915e+00  9.25258429e-01
 -2.75788675e+00 -2.65582836e-06 -9.60986323e-04  2.74369981e+00
 -6.24907265e-06  2.54935741e-03], f(x) = -0.007925390068639316
Iteration: 1048, x = [-9.44813216e-01 -1.76870889e-07 -1.82263460e-01 -3.39266426e+00
  1.21192020e-05 -1.69424831e+00  3.34726404e+00  1.43543913e+00
  9.27997879e-01  3.34767337e+00 -1.43703915e+00  9.25258429e-01
 -2.75788675e+00 -2.65582836e-06 -9.60986323e-04  2.74369981e+00
 -6.24907265e-06  2.54935741e-03], f(x) = -0.007925390068639316
Iteration: 1049, x = [-9.44813216e-01 -1.76870889e-07 -1.82263460e-01 -3.39266426e+00
  1.21192020e-05 -1.69424831e+00  3.34726404e+00  1.43543913e+00
  9.27997879e-01  3.34767337e+00 -1.43703915e+00  9.25258429e-01
 -2.75788675e+00 -2.65582836e-06 -9.60986323e-04  2.74369981e+00
 -6.24907265e-06  2.54935741e-03], f(x) = -0.007925390068639316
Iteration: 1050, x = [-9.44813216e-01 -1.76870889e-07 -1.82263460e-01 -3.39266426e+00
  1.21192020e-05 -1.69424831e+00  3.34726404e+00  1.43543913e+00
  9.27997879e-01  3.34767337e+00 -1.43703915e+00  9.25258429e-01
 -2.75788675e+00 -2.65582836e-06 -9.60986323e-04  2.74369981e+00
 -6.24907265e-06  2.54935741e-03], f(x) = -0.007925390068639316
Iteration: 1051, x = [-9.44813216e-01 -1.76870889e-07 -1.82263460e-01 -3.39266426e+00
  1.21192020e-05 -1.69424831e+00  3.34726404e+00  1.43543913e+00
  9.27997879e-01  3.34767337e+00 -1.43703915e+00  9.25258429e-01
 -2.75788675e+00 -2.65582836e-06 -9.60986323e-04  2.74369981e+00
 -6.24907265e-06  2.54935741e-03], f(x) = -0.007925390068639316
Iteration: 1052, x = [-9.44813216e-01 -1.76870889e-07 -1.82263460e-01 -3.39266426e+00
  1.21192020e-05 -1.69424831e+00  3.34726404e+00  1.43543913e+00
  9.27997879e-01  3.34767337e+00 -1.43703915e+00  9.25258429e-01
 -2.75788675e+00 -2.65582836e-06 -9.60986323e-04  2.74369981e+00
 -6.24907265e-06  2.54935741e-03], f(x) = -0.007925390068639316
Iteration: 1053, x = [-9.44813216e-01 -1.76870889e-07 -1.82263460e-01 -3.39266426e+00
  1.21192020e-05 -1.69424831e+00  3.34726404e+00  1.43543913e+00
  9.27997879e-01  3.34767337e+00 -1.43703915e+00  9.25258429e-01
 -2.75788675e+00 -2.65582836e-06 -9.60986323e-04  2.74369981e+00
 -6.24907265e-06  2.54935741e-03], f(x) = -0.007925390068639316
Iteration: 1054, x = [-9.44813215e-01 -1.76901157e-07 -1.82261497e-01 -3.39266201e+00
  1.21163708e-05 -1.69424873e+00  3.34726513e+00  1.43543749e+00
  9.27998715e-01  3.34766895e+00 -1.43704098e+00  9.25259530e-01
 -2.75788651e+00 -2.65609949e-06 -9.60512856e-04  2.74369903e+00
 -6.24857066e-06  2.54997730e-03], f(x) = -0.007925390069149397
Iteration: 1055, x = [-9.44813215e-01 -1.76901157e-07 -1.82261497e-01 -3.39266201e+00
  1.21163708e-05 -1.69424873e+00  3.34726513e+00  1.43543749e+00
  9.27998715e-01  3.34766895e+00 -1.43704098e+00  9.25259530e-01
 -2.75788651e+00 -2.65609949e-06 -9.60512856e-04  2.74369903e+00
 -6.24857066e-06  2.54997730e-03], f(x) = -0.007925390069149397
Iteration: 1056, x = [-9.44813215e-01 -1.76901157e-07 -1.82261497e-01 -3.39266201e+00
  1.21163708e-05 -1.69424873e+00  3.34726513e+00  1.43543749e+00
  9.27998715e-01  3.34766895e+00 -1.43704098e+00  9.25259530e-01
 -2.75788651e+00 -2.65609949e-06 -9.60512856e-04  2.74369903e+00
 -6.24857066e-06  2.54997730e-03], f(x) = -0.007925390069149397
Iteration: 1057, x = [-9.44813215e-01 -1.76901157e-07 -1.82261497e-01 -3.39266201e+00
  1.21163708e-05 -1.69424873e+00  3.34726513e+00  1.43543749e+00
  9.27998715e-01  3.34766895e+00 -1.43704098e+00  9.25259530e-01
 -2.75788651e+00 -2.65609949e-06 -9.60512856e-04  2.74369903e+00
 -6.24857066e-06  2.54997730e-03], f(x) = -0.007925390069149397
Iteration: 1058, x = [-9.44813215e-01 -1.76901157e-07 -1.82261497e-01 -3.39266201e+00
  1.21163708e-05 -1.69424873e+00  3.34726513e+00  1.43543749e+00
  9.27998715e-01  3.34766895e+00 -1.43704098e+00  9.25259530e-01
 -2.75788651e+00 -2.65609949e-06 -9.60512856e-04  2.74369903e+00
 -6.24857066e-06  2.54997730e-03], f(x) = -0.007925390069149397
Iteration: 1059, x = [-9.44813215e-01 -1.76901157e-07 -1.82261497e-01 -3.39266201e+00
  1.21163708e-05 -1.69424873e+00  3.34726513e+00  1.43543749e+00
  9.27998715e-01  3.34766895e+00 -1.43704098e+00  9.25259530e-01
 -2.75788651e+00 -2.65609949e-06 -9.60512856e-04  2.74369903e+00
 -6.24857066e-06  2.54997730e-03], f(x) = -0.007925390069149397
Iteration: 1060, x = [-9.44813215e-01 -1.76901157e-07 -1.82261497e-01 -3.39266201e+00
  1.21163708e-05 -1.69424873e+00  3.34726513e+00  1.43543749e+00
  9.27998715e-01  3.34766895e+00 -1.43704098e+00  9.25259530e-01
 -2.75788651e+00 -2.65609949e-06 -9.60512856e-04  2.74369903e+00
 -6.24857066e-06  2.54997730e-03], f(x) = -0.007925390069149397
Iteration: 1061, x = [-9.44813215e-01 -1.76901157e-07 -1.82261497e-01 -3.39266201e+00
  1.21163708e-05 -1.69424873e+00  3.34726513e+00  1.43543749e+00
  9.27998715e-01  3.34766895e+00 -1.43704098e+00  9.25259530e-01
 -2.75788651e+00 -2.65609949e-06 -9.60512856e-04  2.74369903e+00
 -6.24857066e-06  2.54997730e-03], f(x) = -0.007925390069149397
Iteration: 1062, x = [-9.44813215e-01 -1.76901157e-07 -1.82261497e-01 -3.39266201e+00
  1.21163708e-05 -1.69424873e+00  3.34726513e+00  1.43543749e+00
  9.27998715e-01  3.34766895e+00 -1.43704098e+00  9.25259530e-01
 -2.75788651e+00 -2.65609949e-06 -9.60512856e-04  2.74369903e+00
 -6.24857066e-06  2.54997730e-03], f(x) = -0.007925390069149397
Iteration: 1063, x = [-9.44813215e-01 -1.76901157e-07 -1.82261497e-01 -3.39266201e+00
  1.21163708e-05 -1.69424873e+00  3.34726513e+00  1.43543749e+00
  9.27998715e-01  3.34766895e+00 -1.43704098e+00  9.25259530e-01
 -2.75788651e+00 -2.65609949e-06 -9.60512856e-04  2.74369903e+00
 -6.24857066e-06  2.54997730e-03], f(x) = -0.007925390069149397
Iteration: 1064, x = [-9.44813215e-01 -1.76901157e-07 -1.82261497e-01 -3.39266201e+00
  1.21163708e-05 -1.69424873e+00  3.34726513e+00  1.43543749e+00
  9.27998715e-01  3.34766895e+00 -1.43704098e+00  9.25259530e-01
 -2.75788651e+00 -2.65609949e-06 -9.60512856e-04  2.74369903e+00
 -6.24857066e-06  2.54997730e-03], f(x) = -0.007925390069149397
Iteration: 1065, x = [-9.44813215e-01 -1.76901157e-07 -1.82261497e-01 -3.39266201e+00
  1.21163708e-05 -1.69424873e+00  3.34726513e+00  1.43543749e+00
  9.27998715e-01  3.34766895e+00 -1.43704098e+00  9.25259530e-01
 -2.75788651e+00 -2.65609949e-06 -9.60512856e-04  2.74369903e+00
 -6.24857066e-06  2.54997730e-03], f(x) = -0.007925390069149397
Iteration: 1066, x = [-9.44813215e-01 -1.76901157e-07 -1.82261497e-01 -3.39266201e+00
  1.21163708e-05 -1.69424873e+00  3.34726513e+00  1.43543749e+00
  9.27998715e-01  3.34766895e+00 -1.43704098e+00  9.25259530e-01
 -2.75788651e+00 -2.65609949e-06 -9.60512856e-04  2.74369903e+00
 -6.24857066e-06  2.54997730e-03], f(x) = -0.007925390069149397
Iteration: 1067, x = [-9.44813215e-01 -1.76901157e-07 -1.82261497e-01 -3.39266201e+00
  1.21163708e-05 -1.69424873e+00  3.34726513e+00  1.43543749e+00
  9.27998715e-01  3.34766895e+00 -1.43704098e+00  9.25259530e-01
 -2.75788651e+00 -2.65609949e-06 -9.60512856e-04  2.74369903e+00
 -6.24857066e-06  2.54997730e-03], f(x) = -0.007925390069149397
Iteration: 1068, x = [-9.44813548e-01 -1.76908133e-07 -1.82260923e-01 -3.39266191e+00
  1.21155773e-05 -1.69424898e+00  3.34726731e+00  1.43543789e+00
  9.27997106e-01  3.34766965e+00 -1.43704088e+00  9.25258862e-01
 -2.75788690e+00 -2.65626471e-06 -9.60618069e-04  2.74369821e+00
 -6.24847347e-06  2.55000590e-03], f(x) = -0.007925390069161346
Iteration: 1069, x = [-9.44813548e-01 -1.76908133e-07 -1.82260923e-01 -3.39266191e+00
  1.21155773e-05 -1.69424898e+00  3.34726731e+00  1.43543789e+00
  9.27997106e-01  3.34766965e+00 -1.43704088e+00  9.25258862e-01
 -2.75788690e+00 -2.65626471e-06 -9.60618069e-04  2.74369821e+00
 -6.24847347e-06  2.55000590e-03], f(x) = -0.007925390069161346
Iteration: 1070, x = [-9.44813548e-01 -1.76908133e-07 -1.82260923e-01 -3.39266191e+00
  1.21155773e-05 -1.69424898e+00  3.34726731e+00  1.43543789e+00
  9.27997106e-01  3.34766965e+00 -1.43704088e+00  9.25258862e-01
 -2.75788690e+00 -2.65626471e-06 -9.60618069e-04  2.74369821e+00
 -6.24847347e-06  2.55000590e-03], f(x) = -0.007925390069161346
Iteration: 1071, x = [-9.44813548e-01 -1.76908133e-07 -1.82260923e-01 -3.39266191e+00
  1.21155773e-05 -1.69424898e+00  3.34726731e+00  1.43543789e+00
  9.27997106e-01  3.34766965e+00 -1.43704088e+00  9.25258862e-01
 -2.75788690e+00 -2.65626471e-06 -9.60618069e-04  2.74369821e+00
 -6.24847347e-06  2.55000590e-03], f(x) = -0.007925390069161346
Iteration: 1072, x = [-9.44813548e-01 -1.76908133e-07 -1.82260923e-01 -3.39266191e+00
  1.21155773e-05 -1.69424898e+00  3.34726731e+00  1.43543789e+00
  9.27997106e-01  3.34766965e+00 -1.43704088e+00  9.25258862e-01
 -2.75788690e+00 -2.65626471e-06 -9.60618069e-04  2.74369821e+00
 -6.24847347e-06  2.55000590e-03], f(x) = -0.007925390069161346
Iteration: 1073, x = [-9.44813548e-01 -1.76908133e-07 -1.82260923e-01 -3.39266191e+00
  1.21155773e-05 -1.69424898e+00  3.34726731e+00  1.43543789e+00
  9.27997106e-01  3.34766965e+00 -1.43704088e+00  9.25258862e-01
 -2.75788690e+00 -2.65626471e-06 -9.60618069e-04  2.74369821e+00
 -6.24847347e-06  2.55000590e-03], f(x) = -0.007925390069161346
Iteration: 1074, x = [-9.44813548e-01 -1.76908133e-07 -1.82260923e-01 -3.39266191e+00
  1.21155773e-05 -1.69424898e+00  3.34726731e+00  1.43543789e+00
  9.27997106e-01  3.34766965e+00 -1.43704088e+00  9.25258862e-01
 -2.75788690e+00 -2.65626471e-06 -9.60618069e-04  2.74369821e+00
 -6.24847347e-06  2.55000590e-03], f(x) = -0.007925390069161346
Iteration: 1075, x = [-9.44813548e-01 -1.76908133e-07 -1.82260923e-01 -3.39266191e+00
  1.21155773e-05 -1.69424898e+00  3.34726731e+00  1.43543789e+00
  9.27997106e-01  3.34766965e+00 -1.43704088e+00  9.25258862e-01
 -2.75788690e+00 -2.65626471e-06 -9.60618069e-04  2.74369821e+00
 -6.24847347e-06  2.55000590e-03], f(x) = -0.007925390069161346
Iteration: 1076, x = [-9.44813548e-01 -1.76908133e-07 -1.82260923e-01 -3.39266191e+00
  1.21155773e-05 -1.69424898e+00  3.34726731e+00  1.43543789e+00
  9.27997106e-01  3.34766965e+00 -1.43704088e+00  9.25258862e-01
 -2.75788690e+00 -2.65626471e-06 -9.60618069e-04  2.74369821e+00
 -6.24847347e-06  2.55000590e-03], f(x) = -0.007925390069161346
Iteration: 1077, x = [-9.44813548e-01 -1.76908133e-07 -1.82260923e-01 -3.39266191e+00
  1.21155773e-05 -1.69424898e+00  3.34726731e+00  1.43543789e+00
  9.27997106e-01  3.34766965e+00 -1.43704088e+00  9.25258862e-01
 -2.75788690e+00 -2.65626471e-06 -9.60618069e-04  2.74369821e+00
 -6.24847347e-06  2.55000590e-03], f(x) = -0.007925390069161346
Iteration: 1078, x = [-9.44813548e-01 -1.76908133e-07 -1.82260923e-01 -3.39266191e+00
  1.21155773e-05 -1.69424898e+00  3.34726731e+00  1.43543789e+00
  9.27997106e-01  3.34766965e+00 -1.43704088e+00  9.25258862e-01
 -2.75788690e+00 -2.65626471e-06 -9.60618069e-04  2.74369821e+00
 -6.24847347e-06  2.55000590e-03], f(x) = -0.007925390069161346
Iteration: 1079, x = [-9.44813548e-01 -1.76908133e-07 -1.82260923e-01 -3.39266191e+00
  1.21155773e-05 -1.69424898e+00  3.34726731e+00  1.43543789e+00
  9.27997106e-01  3.34766965e+00 -1.43704088e+00  9.25258862e-01
 -2.75788690e+00 -2.65626471e-06 -9.60618069e-04  2.74369821e+00
 -6.24847347e-06  2.55000590e-03], f(x) = -0.007925390069161346
Iteration: 1080, x = [-9.44813548e-01 -1.76908133e-07 -1.82260923e-01 -3.39266191e+00
  1.21155773e-05 -1.69424898e+00  3.34726731e+00  1.43543789e+00
  9.27997106e-01  3.34766965e+00 -1.43704088e+00  9.25258862e-01
 -2.75788690e+00 -2.65626471e-06 -9.60618069e-04  2.74369821e+00
 -6.24847347e-06  2.55000590e-03], f(x) = -0.007925390069161346
Iteration: 1081, x = [-9.44813548e-01 -1.76908133e-07 -1.82260923e-01 -3.39266191e+00
  1.21155773e-05 -1.69424898e+00  3.34726731e+00  1.43543789e+00
  9.27997106e-01  3.34766965e+00 -1.43704088e+00  9.25258862e-01
 -2.75788690e+00 -2.65626471e-06 -9.60618069e-04  2.74369821e+00
 -6.24847347e-06  2.55000590e-03], f(x) = -0.007925390069161346
Iteration: 1082, x = [-9.44813548e-01 -1.76908133e-07 -1.82260923e-01 -3.39266191e+00
  1.21155773e-05 -1.69424898e+00  3.34726731e+00  1.43543789e+00
  9.27997106e-01  3.34766965e+00 -1.43704088e+00  9.25258862e-01
 -2.75788690e+00 -2.65626471e-06 -9.60618069e-04  2.74369821e+00
 -6.24847347e-06  2.55000590e-03], f(x) = -0.007925390069161346
Iteration: 1083, x = [-9.44813548e-01 -1.76908133e-07 -1.82260923e-01 -3.39266191e+00
  1.21155773e-05 -1.69424898e+00  3.34726731e+00  1.43543789e+00
  9.27997106e-01  3.34766965e+00 -1.43704088e+00  9.25258862e-01
 -2.75788690e+00 -2.65626471e-06 -9.60618069e-04  2.74369821e+00
 -6.24847347e-06  2.55000590e-03], f(x) = -0.007925390069161346
Iteration: 1084, x = [-9.44813548e-01 -1.76908133e-07 -1.82260923e-01 -3.39266191e+00
  1.21155773e-05 -1.69424898e+00  3.34726731e+00  1.43543789e+00
  9.27997106e-01  3.34766965e+00 -1.43704088e+00  9.25258862e-01
 -2.75788690e+00 -2.65626471e-06 -9.60618069e-04  2.74369821e+00
 -6.24847347e-06  2.55000590e-03], f(x) = -0.007925390069161346
Iteration: 1085, x = [-9.44813548e-01 -1.76908133e-07 -1.82260923e-01 -3.39266191e+00
  1.21155773e-05 -1.69424898e+00  3.34726731e+00  1.43543789e+00
  9.27997106e-01  3.34766965e+00 -1.43704088e+00  9.25258862e-01
 -2.75788690e+00 -2.65626471e-06 -9.60618069e-04  2.74369821e+00
 -6.24847347e-06  2.55000590e-03], f(x) = -0.007925390069161346
Iteration: 1086, x = [-9.44813548e-01 -1.76908133e-07 -1.82260923e-01 -3.39266191e+00
  1.21155773e-05 -1.69424898e+00  3.34726731e+00  1.43543789e+00
  9.27997106e-01  3.34766965e+00 -1.43704088e+00  9.25258862e-01
 -2.75788690e+00 -2.65626471e-06 -9.60618069e-04  2.74369821e+00
 -6.24847347e-06  2.55000590e-03], f(x) = -0.007925390069161346
Iteration: 1087, x = [-9.44813548e-01 -1.76908133e-07 -1.82260923e-01 -3.39266191e+00
  1.21155773e-05 -1.69424898e+00  3.34726731e+00  1.43543789e+00
  9.27997106e-01  3.34766965e+00 -1.43704088e+00  9.25258862e-01
 -2.75788690e+00 -2.65626471e-06 -9.60618069e-04  2.74369821e+00
 -6.24847347e-06  2.55000590e-03], f(x) = -0.007925390069161346
Iteration: 1088, x = [-9.44813548e-01 -1.76908133e-07 -1.82260923e-01 -3.39266191e+00
  1.21155773e-05 -1.69424898e+00  3.34726731e+00  1.43543789e+00
  9.27997106e-01  3.34766965e+00 -1.43704088e+00  9.25258862e-01
 -2.75788690e+00 -2.65626471e-06 -9.60618069e-04  2.74369821e+00
 -6.24847347e-06  2.55000590e-03], f(x) = -0.007925390069161346
Iteration: 1089, x = [-9.44813548e-01 -1.76908133e-07 -1.82260923e-01 -3.39266191e+00
  1.21155773e-05 -1.69424898e+00  3.34726731e+00  1.43543789e+00
  9.27997106e-01  3.34766965e+00 -1.43704088e+00  9.25258862e-01
 -2.75788690e+00 -2.65626471e-06 -9.60618069e-04  2.74369821e+00
 -6.24847347e-06  2.55000590e-03], f(x) = -0.007925390069161346
Iteration: 1090, x = [-9.44813548e-01 -1.76908133e-07 -1.82260923e-01 -3.39266191e+00
  1.21155773e-05 -1.69424898e+00  3.34726731e+00  1.43543789e+00
  9.27997106e-01  3.34766965e+00 -1.43704088e+00  9.25258862e-01
 -2.75788690e+00 -2.65626471e-06 -9.60618069e-04  2.74369821e+00
 -6.24847347e-06  2.55000590e-03], f(x) = -0.007925390069161346
Iteration: 1091, x = [-9.44813548e-01 -1.76908133e-07 -1.82260923e-01 -3.39266191e+00
  1.21155773e-05 -1.69424898e+00  3.34726731e+00  1.43543789e+00
  9.27997106e-01  3.34766965e+00 -1.43704088e+00  9.25258862e-01
 -2.75788690e+00 -2.65626471e-06 -9.60618069e-04  2.74369821e+00
 -6.24847347e-06  2.55000590e-03], f(x) = -0.007925390069161346
Iteration: 1092, x = [-9.44813548e-01 -1.76908133e-07 -1.82260923e-01 -3.39266191e+00
  1.21155773e-05 -1.69424898e+00  3.34726731e+00  1.43543789e+00
  9.27997106e-01  3.34766965e+00 -1.43704088e+00  9.25258862e-01
 -2.75788690e+00 -2.65626471e-06 -9.60618069e-04  2.74369821e+00
 -6.24847347e-06  2.55000590e-03], f(x) = -0.007925390069161346
Iteration: 1093, x = [-9.44813548e-01 -1.76908133e-07 -1.82260923e-01 -3.39266191e+00
  1.21155773e-05 -1.69424898e+00  3.34726731e+00  1.43543789e+00
  9.27997106e-01  3.34766965e+00 -1.43704088e+00  9.25258862e-01
 -2.75788690e+00 -2.65626471e-06 -9.60618069e-04  2.74369821e+00
 -6.24847347e-06  2.55000590e-03], f(x) = -0.007925390069161346
Iteration: 1094, x = [-9.44813548e-01 -1.76908133e-07 -1.82260923e-01 -3.39266191e+00
  1.21155773e-05 -1.69424898e+00  3.34726731e+00  1.43543789e+00
  9.27997106e-01  3.34766965e+00 -1.43704088e+00  9.25258862e-01
 -2.75788690e+00 -2.65626471e-06 -9.60618069e-04  2.74369821e+00
 -6.24847347e-06  2.55000590e-03], f(x) = -0.007925390069161346
Iteration: 1095, x = [-9.44813666e-01 -1.76912261e-07 -1.82260098e-01 -3.39266147e+00
  1.21157464e-05 -1.69424918e+00  3.34726669e+00  1.43543776e+00
  9.27997422e-01  3.34766899e+00 -1.43704096e+00  9.25259040e-01
 -2.75788715e+00 -2.65630033e-06 -9.60538189e-04  2.74369803e+00
 -6.24848216e-06  2.55000482e-03], f(x) = -0.007925390069586537
Iteration: 1096, x = [-9.44813666e-01 -1.76912261e-07 -1.82260098e-01 -3.39266147e+00
  1.21157464e-05 -1.69424918e+00  3.34726669e+00  1.43543776e+00
  9.27997422e-01  3.34766899e+00 -1.43704096e+00  9.25259040e-01
 -2.75788715e+00 -2.65630033e-06 -9.60538189e-04  2.74369803e+00
 -6.24848216e-06  2.55000482e-03], f(x) = -0.007925390069586537
Iteration: 1097, x = [-9.44813666e-01 -1.76912261e-07 -1.82260098e-01 -3.39266147e+00
  1.21157464e-05 -1.69424918e+00  3.34726669e+00  1.43543776e+00
  9.27997422e-01  3.34766899e+00 -1.43704096e+00  9.25259040e-01
 -2.75788715e+00 -2.65630033e-06 -9.60538189e-04  2.74369803e+00
 -6.24848216e-06  2.55000482e-03], f(x) = -0.007925390069586537
Iteration: 1098, x = [-9.44813666e-01 -1.76912261e-07 -1.82260098e-01 -3.39266147e+00
  1.21157464e-05 -1.69424918e+00  3.34726669e+00  1.43543776e+00
  9.27997422e-01  3.34766899e+00 -1.43704096e+00  9.25259040e-01
 -2.75788715e+00 -2.65630033e-06 -9.60538189e-04  2.74369803e+00
 -6.24848216e-06  2.55000482e-03], f(x) = -0.007925390069586537
Iteration: 1099, x = [-9.44813666e-01 -1.76912261e-07 -1.82260098e-01 -3.39266147e+00
  1.21157464e-05 -1.69424918e+00  3.34726669e+00  1.43543776e+00
  9.27997422e-01  3.34766899e+00 -1.43704096e+00  9.25259040e-01
 -2.75788715e+00 -2.65630033e-06 -9.60538189e-04  2.74369803e+00
 -6.24848216e-06  2.55000482e-03], f(x) = -0.007925390069586537
Iteration: 1100, x = [-9.44813666e-01 -1.76912261e-07 -1.82260098e-01 -3.39266147e+00
  1.21157464e-05 -1.69424918e+00  3.34726669e+00  1.43543776e+00
  9.27997422e-01  3.34766899e+00 -1.43704096e+00  9.25259040e-01
 -2.75788715e+00 -2.65630033e-06 -9.60538189e-04  2.74369803e+00
 -6.24848216e-06  2.55000482e-03], f(x) = -0.007925390069586537
Iteration: 1101, x = [-9.44813666e-01 -1.76912261e-07 -1.82260098e-01 -3.39266147e+00
  1.21157464e-05 -1.69424918e+00  3.34726669e+00  1.43543776e+00
  9.27997422e-01  3.34766899e+00 -1.43704096e+00  9.25259040e-01
 -2.75788715e+00 -2.65630033e-06 -9.60538189e-04  2.74369803e+00
 -6.24848216e-06  2.55000482e-03], f(x) = -0.007925390069586537
Iteration: 1102, x = [-9.44813666e-01 -1.76912261e-07 -1.82260098e-01 -3.39266147e+00
  1.21157464e-05 -1.69424918e+00  3.34726669e+00  1.43543776e+00
  9.27997422e-01  3.34766899e+00 -1.43704096e+00  9.25259040e-01
 -2.75788715e+00 -2.65630033e-06 -9.60538189e-04  2.74369803e+00
 -6.24848216e-06  2.55000482e-03], f(x) = -0.007925390069586537
Iteration: 1103, x = [-9.44813666e-01 -1.76912261e-07 -1.82260098e-01 -3.39266147e+00
  1.21157464e-05 -1.69424918e+00  3.34726669e+00  1.43543776e+00
  9.27997422e-01  3.34766899e+00 -1.43704096e+00  9.25259040e-01
 -2.75788715e+00 -2.65630033e-06 -9.60538189e-04  2.74369803e+00
 -6.24848216e-06  2.55000482e-03], f(x) = -0.007925390069586537
Iteration: 1104, x = [-9.44813666e-01 -1.76912261e-07 -1.82260098e-01 -3.39266147e+00
  1.21157464e-05 -1.69424918e+00  3.34726669e+00  1.43543776e+00
  9.27997422e-01  3.34766899e+00 -1.43704096e+00  9.25259040e-01
 -2.75788715e+00 -2.65630033e-06 -9.60538189e-04  2.74369803e+00
 -6.24848216e-06  2.55000482e-03], f(x) = -0.007925390069586537
Iteration: 1105, x = [-9.44813666e-01 -1.76912261e-07 -1.82260098e-01 -3.39266147e+00
  1.21157464e-05 -1.69424918e+00  3.34726669e+00  1.43543776e+00
  9.27997422e-01  3.34766899e+00 -1.43704096e+00  9.25259040e-01
 -2.75788715e+00 -2.65630033e-06 -9.60538189e-04  2.74369803e+00
 -6.24848216e-06  2.55000482e-03], f(x) = -0.007925390069586537
Iteration: 1106, x = [-9.44813666e-01 -1.76912261e-07 -1.82260098e-01 -3.39266147e+00
  1.21157464e-05 -1.69424918e+00  3.34726669e+00  1.43543776e+00
  9.27997422e-01  3.34766899e+00 -1.43704096e+00  9.25259040e-01
 -2.75788715e+00 -2.65630033e-06 -9.60538189e-04  2.74369803e+00
 -6.24848216e-06  2.55000482e-03], f(x) = -0.007925390069586537
Iteration: 1107, x = [-9.44813666e-01 -1.76912261e-07 -1.82260098e-01 -3.39266147e+00
  1.21157464e-05 -1.69424918e+00  3.34726669e+00  1.43543776e+00
  9.27997422e-01  3.34766899e+00 -1.43704096e+00  9.25259040e-01
 -2.75788715e+00 -2.65630033e-06 -9.60538189e-04  2.74369803e+00
 -6.24848216e-06  2.55000482e-03], f(x) = -0.007925390069586537
Iteration: 1108, x = [-9.44813666e-01 -1.76912261e-07 -1.82260098e-01 -3.39266147e+00
  1.21157464e-05 -1.69424918e+00  3.34726669e+00  1.43543776e+00
  9.27997422e-01  3.34766899e+00 -1.43704096e+00  9.25259040e-01
 -2.75788715e+00 -2.65630033e-06 -9.60538189e-04  2.74369803e+00
 -6.24848216e-06  2.55000482e-03], f(x) = -0.007925390069586537
Iteration: 1109, x = [-9.44813666e-01 -1.76912261e-07 -1.82260098e-01 -3.39266147e+00
  1.21157464e-05 -1.69424918e+00  3.34726669e+00  1.43543776e+00
  9.27997422e-01  3.34766899e+00 -1.43704096e+00  9.25259040e-01
 -2.75788715e+00 -2.65630033e-06 -9.60538189e-04  2.74369803e+00
 -6.24848216e-06  2.55000482e-03], f(x) = -0.007925390069586537
Iteration: 1110, x = [-9.44813666e-01 -1.76912261e-07 -1.82260098e-01 -3.39266147e+00
  1.21157464e-05 -1.69424918e+00  3.34726669e+00  1.43543776e+00
  9.27997422e-01  3.34766899e+00 -1.43704096e+00  9.25259040e-01
 -2.75788715e+00 -2.65630033e-06 -9.60538189e-04  2.74369803e+00
 -6.24848216e-06  2.55000482e-03], f(x) = -0.007925390069586537
Iteration: 1111, x = [-9.44813666e-01 -1.76912261e-07 -1.82260098e-01 -3.39266147e+00
  1.21157464e-05 -1.69424918e+00  3.34726669e+00  1.43543776e+00
  9.27997422e-01  3.34766899e+00 -1.43704096e+00  9.25259040e-01
 -2.75788715e+00 -2.65630033e-06 -9.60538189e-04  2.74369803e+00
 -6.24848216e-06  2.55000482e-03], f(x) = -0.007925390069586537
Iteration: 1112, x = [-9.44813666e-01 -1.76912261e-07 -1.82260098e-01 -3.39266147e+00
  1.21157464e-05 -1.69424918e+00  3.34726669e+00  1.43543776e+00
  9.27997422e-01  3.34766899e+00 -1.43704096e+00  9.25259040e-01
 -2.75788715e+00 -2.65630033e-06 -9.60538189e-04  2.74369803e+00
 -6.24848216e-06  2.55000482e-03], f(x) = -0.007925390069586537
Iteration: 1113, x = [-9.44813666e-01 -1.76912261e-07 -1.82260098e-01 -3.39266147e+00
  1.21157464e-05 -1.69424918e+00  3.34726669e+00  1.43543776e+00
  9.27997422e-01  3.34766899e+00 -1.43704096e+00  9.25259040e-01
 -2.75788715e+00 -2.65630033e-06 -9.60538189e-04  2.74369803e+00
 -6.24848216e-06  2.55000482e-03], f(x) = -0.007925390069586537
Iteration: 1114, x = [-9.44813666e-01 -1.76912261e-07 -1.82260098e-01 -3.39266147e+00
  1.21157464e-05 -1.69424918e+00  3.34726669e+00  1.43543776e+00
  9.27997422e-01  3.34766899e+00 -1.43704096e+00  9.25259040e-01
 -2.75788715e+00 -2.65630033e-06 -9.60538189e-04  2.74369803e+00
 -6.24848216e-06  2.55000482e-03], f(x) = -0.007925390069586537
Iteration: 1115, x = [-9.44813666e-01 -1.76912261e-07 -1.82260098e-01 -3.39266147e+00
  1.21157464e-05 -1.69424918e+00  3.34726669e+00  1.43543776e+00
  9.27997422e-01  3.34766899e+00 -1.43704096e+00  9.25259040e-01
 -2.75788715e+00 -2.65630033e-06 -9.60538189e-04  2.74369803e+00
 -6.24848216e-06  2.55000482e-03], f(x) = -0.007925390069586537
Iteration: 1116, x = [-9.44813666e-01 -1.76912261e-07 -1.82260098e-01 -3.39266147e+00
  1.21157464e-05 -1.69424918e+00  3.34726669e+00  1.43543776e+00
  9.27997422e-01  3.34766899e+00 -1.43704096e+00  9.25259040e-01
 -2.75788715e+00 -2.65630033e-06 -9.60538189e-04  2.74369803e+00
 -6.24848216e-06  2.55000482e-03], f(x) = -0.007925390069586537
Iteration: 1117, x = [-9.44813666e-01 -1.76912261e-07 -1.82260098e-01 -3.39266147e+00
  1.21157464e-05 -1.69424918e+00  3.34726669e+00  1.43543776e+00
  9.27997422e-01  3.34766899e+00 -1.43704096e+00  9.25259040e-01
 -2.75788715e+00 -2.65630033e-06 -9.60538189e-04  2.74369803e+00
 -6.24848216e-06  2.55000482e-03], f(x) = -0.007925390069586537
Iteration: 1118, x = [-9.44813666e-01 -1.76912261e-07 -1.82260098e-01 -3.39266147e+00
  1.21157464e-05 -1.69424918e+00  3.34726669e+00  1.43543776e+00
  9.27997422e-01  3.34766899e+00 -1.43704096e+00  9.25259040e-01
 -2.75788715e+00 -2.65630033e-06 -9.60538189e-04  2.74369803e+00
 -6.24848216e-06  2.55000482e-03], f(x) = -0.007925390069586537
Iteration: 1119, x = [-9.44813666e-01 -1.76912261e-07 -1.82260098e-01 -3.39266147e+00
  1.21157464e-05 -1.69424918e+00  3.34726669e+00  1.43543776e+00
  9.27997422e-01  3.34766899e+00 -1.43704096e+00  9.25259040e-01
 -2.75788715e+00 -2.65630033e-06 -9.60538189e-04  2.74369803e+00
 -6.24848216e-06  2.55000482e-03], f(x) = -0.007925390069586537
Iteration: 1120, x = [-9.44813666e-01 -1.76912261e-07 -1.82260098e-01 -3.39266147e+00
  1.21157464e-05 -1.69424918e+00  3.34726669e+00  1.43543776e+00
  9.27997422e-01  3.34766899e+00 -1.43704096e+00  9.25259040e-01
 -2.75788715e+00 -2.65630033e-06 -9.60538189e-04  2.74369803e+00
 -6.24848216e-06  2.55000482e-03], f(x) = -0.007925390069586537
Iteration: 1121, x = [-9.44813666e-01 -1.76912261e-07 -1.82260098e-01 -3.39266147e+00
  1.21157464e-05 -1.69424918e+00  3.34726669e+00  1.43543776e+00
  9.27997422e-01  3.34766899e+00 -1.43704096e+00  9.25259040e-01
 -2.75788715e+00 -2.65630033e-06 -9.60538189e-04  2.74369803e+00
 -6.24848216e-06  2.55000482e-03], f(x) = -0.007925390069586537
Iteration: 1122, x = [-9.44813607e-01 -1.76910224e-07 -1.82260321e-01 -3.39266160e+00
  1.21158052e-05 -1.69424911e+00  3.34726658e+00  1.43543781e+00
  9.27997473e-01  3.34766913e+00 -1.43704091e+00  9.25259063e-01
 -2.75788707e+00 -2.65627990e-06 -9.60555393e-04  2.74369812e+00
 -6.24851035e-06  2.54999343e-03], f(x) = -0.007925390069591757
Iteration: 1123, x = [-9.44813607e-01 -1.76910224e-07 -1.82260321e-01 -3.39266160e+00
  1.21158052e-05 -1.69424911e+00  3.34726658e+00  1.43543781e+00
  9.27997473e-01  3.34766913e+00 -1.43704091e+00  9.25259063e-01
 -2.75788707e+00 -2.65627990e-06 -9.60555393e-04  2.74369812e+00
 -6.24851035e-06  2.54999343e-03], f(x) = -0.007925390069591757
Iteration: 1124, x = [-9.44813607e-01 -1.76910224e-07 -1.82260321e-01 -3.39266160e+00
  1.21158052e-05 -1.69424911e+00  3.34726658e+00  1.43543781e+00
  9.27997473e-01  3.34766913e+00 -1.43704091e+00  9.25259063e-01
 -2.75788707e+00 -2.65627990e-06 -9.60555393e-04  2.74369812e+00
 -6.24851035e-06  2.54999343e-03], f(x) = -0.007925390069591757
Iteration: 1125, x = [-9.44813607e-01 -1.76910224e-07 -1.82260321e-01 -3.39266160e+00
  1.21158052e-05 -1.69424911e+00  3.34726658e+00  1.43543781e+00
  9.27997473e-01  3.34766913e+00 -1.43704091e+00  9.25259063e-01
 -2.75788707e+00 -2.65627990e-06 -9.60555393e-04  2.74369812e+00
 -6.24851035e-06  2.54999343e-03], f(x) = -0.007925390069591757
Iteration: 1126, x = [-9.44813607e-01 -1.76910224e-07 -1.82260321e-01 -3.39266160e+00
  1.21158052e-05 -1.69424911e+00  3.34726658e+00  1.43543781e+00
  9.27997473e-01  3.34766913e+00 -1.43704091e+00  9.25259063e-01
 -2.75788707e+00 -2.65627990e-06 -9.60555393e-04  2.74369812e+00
 -6.24851035e-06  2.54999343e-03], f(x) = -0.007925390069591757
Iteration: 1127, x = [-9.44813607e-01 -1.76910224e-07 -1.82260321e-01 -3.39266160e+00
  1.21158052e-05 -1.69424911e+00  3.34726658e+00  1.43543781e+00
  9.27997473e-01  3.34766913e+00 -1.43704091e+00  9.25259063e-01
 -2.75788707e+00 -2.65627990e-06 -9.60555393e-04  2.74369812e+00
 -6.24851035e-06  2.54999343e-03], f(x) = -0.007925390069591757
Iteration: 1128, x = [-9.44813607e-01 -1.76910224e-07 -1.82260321e-01 -3.39266160e+00
  1.21158052e-05 -1.69424911e+00  3.34726658e+00  1.43543781e+00
  9.27997473e-01  3.34766913e+00 -1.43704091e+00  9.25259063e-01
 -2.75788707e+00 -2.65627990e-06 -9.60555393e-04  2.74369812e+00
 -6.24851035e-06  2.54999343e-03], f(x) = -0.007925390069591757
Iteration: 1129, x = [-9.44813607e-01 -1.76910224e-07 -1.82260321e-01 -3.39266160e+00
  1.21158052e-05 -1.69424911e+00  3.34726658e+00  1.43543781e+00
  9.27997473e-01  3.34766913e+00 -1.43704091e+00  9.25259063e-01
 -2.75788707e+00 -2.65627990e-06 -9.60555393e-04  2.74369812e+00
 -6.24851035e-06  2.54999343e-03], f(x) = -0.007925390069591757
Iteration: 1130, x = [-9.44813607e-01 -1.76910224e-07 -1.82260321e-01 -3.39266160e+00
  1.21158052e-05 -1.69424911e+00  3.34726658e+00  1.43543781e+00
  9.27997473e-01  3.34766913e+00 -1.43704091e+00  9.25259063e-01
 -2.75788707e+00 -2.65627990e-06 -9.60555393e-04  2.74369812e+00
 -6.24851035e-06  2.54999343e-03], f(x) = -0.007925390069591757
Iteration: 1131, x = [-9.44813607e-01 -1.76910224e-07 -1.82260321e-01 -3.39266160e+00
  1.21158052e-05 -1.69424911e+00  3.34726658e+00  1.43543781e+00
  9.27997473e-01  3.34766913e+00 -1.43704091e+00  9.25259063e-01
 -2.75788707e+00 -2.65627990e-06 -9.60555393e-04  2.74369812e+00
 -6.24851035e-06  2.54999343e-03], f(x) = -0.007925390069591757
Iteration: 1132, x = [-9.44813607e-01 -1.76910224e-07 -1.82260321e-01 -3.39266160e+00
  1.21158052e-05 -1.69424911e+00  3.34726658e+00  1.43543781e+00
  9.27997473e-01  3.34766913e+00 -1.43704091e+00  9.25259063e-01
 -2.75788707e+00 -2.65627990e-06 -9.60555393e-04  2.74369812e+00
 -6.24851035e-06  2.54999343e-03], f(x) = -0.007925390069591757
Iteration: 1133, x = [-9.44813607e-01 -1.76910224e-07 -1.82260321e-01 -3.39266160e+00
  1.21158052e-05 -1.69424911e+00  3.34726658e+00  1.43543781e+00
  9.27997473e-01  3.34766913e+00 -1.43704091e+00  9.25259063e-01
 -2.75788707e+00 -2.65627990e-06 -9.60555393e-04  2.74369812e+00
 -6.24851035e-06  2.54999343e-03], f(x) = -0.007925390069591757
Iteration: 1134, x = [-9.44813607e-01 -1.76910224e-07 -1.82260321e-01 -3.39266160e+00
  1.21158052e-05 -1.69424911e+00  3.34726658e+00  1.43543781e+00
  9.27997473e-01  3.34766913e+00 -1.43704091e+00  9.25259063e-01
 -2.75788707e+00 -2.65627990e-06 -9.60555393e-04  2.74369812e+00
 -6.24851035e-06  2.54999343e-03], f(x) = -0.007925390069591757
Iteration: 1135, x = [-9.44813607e-01 -1.76910224e-07 -1.82260321e-01 -3.39266160e+00
  1.21158052e-05 -1.69424911e+00  3.34726658e+00  1.43543781e+00
  9.27997473e-01  3.34766913e+00 -1.43704091e+00  9.25259063e-01
 -2.75788707e+00 -2.65627990e-06 -9.60555393e-04  2.74369812e+00
 -6.24851035e-06  2.54999343e-03], f(x) = -0.007925390069591757
Iteration: 1136, x = [-9.44813607e-01 -1.76910224e-07 -1.82260321e-01 -3.39266160e+00
  1.21158052e-05 -1.69424911e+00  3.34726658e+00  1.43543781e+00
  9.27997473e-01  3.34766913e+00 -1.43704091e+00  9.25259063e-01
 -2.75788707e+00 -2.65627990e-06 -9.60555393e-04  2.74369812e+00
 -6.24851035e-06  2.54999343e-03], f(x) = -0.007925390069591757
Iteration: 1137, x = [-9.44813607e-01 -1.76910224e-07 -1.82260321e-01 -3.39266160e+00
  1.21158052e-05 -1.69424911e+00  3.34726658e+00  1.43543781e+00
  9.27997473e-01  3.34766913e+00 -1.43704091e+00  9.25259063e-01
 -2.75788707e+00 -2.65627990e-06 -9.60555393e-04  2.74369812e+00
 -6.24851035e-06  2.54999343e-03], f(x) = -0.007925390069591757
Iteration: 1138, x = [-9.44813607e-01 -1.76910224e-07 -1.82260321e-01 -3.39266160e+00
  1.21158052e-05 -1.69424911e+00  3.34726658e+00  1.43543781e+00
  9.27997473e-01  3.34766913e+00 -1.43704091e+00  9.25259063e-01
 -2.75788707e+00 -2.65627990e-06 -9.60555393e-04  2.74369812e+00
 -6.24851035e-06  2.54999343e-03], f(x) = -0.007925390069591757
Iteration: 1139, x = [-9.44813607e-01 -1.76910224e-07 -1.82260321e-01 -3.39266160e+00
  1.21158052e-05 -1.69424911e+00  3.34726658e+00  1.43543781e+00
  9.27997473e-01  3.34766913e+00 -1.43704091e+00  9.25259063e-01
 -2.75788707e+00 -2.65627990e-06 -9.60555393e-04  2.74369812e+00
 -6.24851035e-06  2.54999343e-03], f(x) = -0.007925390069591757
Iteration: 1140, x = [-9.44813607e-01 -1.76910224e-07 -1.82260321e-01 -3.39266160e+00
  1.21158052e-05 -1.69424911e+00  3.34726658e+00  1.43543781e+00
  9.27997473e-01  3.34766913e+00 -1.43704091e+00  9.25259063e-01
 -2.75788707e+00 -2.65627990e-06 -9.60555393e-04  2.74369812e+00
 -6.24851035e-06  2.54999343e-03], f(x) = -0.007925390069591757
Iteration: 1141, x = [-9.44813607e-01 -1.76910224e-07 -1.82260321e-01 -3.39266160e+00
  1.21158052e-05 -1.69424911e+00  3.34726658e+00  1.43543781e+00
  9.27997473e-01  3.34766913e+00 -1.43704091e+00  9.25259063e-01
 -2.75788707e+00 -2.65627990e-06 -9.60555393e-04  2.74369812e+00
 -6.24851035e-06  2.54999343e-03], f(x) = -0.007925390069591757
Iteration: 1142, x = [-9.44813607e-01 -1.76910224e-07 -1.82260321e-01 -3.39266160e+00
  1.21158052e-05 -1.69424911e+00  3.34726658e+00  1.43543781e+00
  9.27997473e-01  3.34766913e+00 -1.43704091e+00  9.25259063e-01
 -2.75788707e+00 -2.65627990e-06 -9.60555393e-04  2.74369812e+00
 -6.24851035e-06  2.54999343e-03], f(x) = -0.007925390069591757
Iteration: 1143, x = [-9.44813607e-01 -1.76910224e-07 -1.82260321e-01 -3.39266160e+00
  1.21158052e-05 -1.69424911e+00  3.34726658e+00  1.43543781e+00
  9.27997473e-01  3.34766913e+00 -1.43704091e+00  9.25259063e-01
 -2.75788707e+00 -2.65627990e-06 -9.60555393e-04  2.74369812e+00
 -6.24851035e-06  2.54999343e-03], f(x) = -0.007925390069591757
Iteration: 1144, x = [-9.44813607e-01 -1.76910224e-07 -1.82260321e-01 -3.39266160e+00
  1.21158052e-05 -1.69424911e+00  3.34726658e+00  1.43543781e+00
  9.27997473e-01  3.34766913e+00 -1.43704091e+00  9.25259063e-01
 -2.75788707e+00 -2.65627990e-06 -9.60555393e-04  2.74369812e+00
 -6.24851035e-06  2.54999343e-03], f(x) = -0.007925390069591757
Iteration: 1145, x = [-9.44813607e-01 -1.76910224e-07 -1.82260321e-01 -3.39266160e+00
  1.21158052e-05 -1.69424911e+00  3.34726658e+00  1.43543781e+00
  9.27997473e-01  3.34766913e+00 -1.43704091e+00  9.25259063e-01
 -2.75788707e+00 -2.65627990e-06 -9.60555393e-04  2.74369812e+00
 -6.24851035e-06  2.54999343e-03], f(x) = -0.007925390069591757
Iteration: 1146, x = [-9.44813607e-01 -1.76910224e-07 -1.82260321e-01 -3.39266160e+00
  1.21158052e-05 -1.69424911e+00  3.34726658e+00  1.43543781e+00
  9.27997473e-01  3.34766913e+00 -1.43704091e+00  9.25259063e-01
 -2.75788707e+00 -2.65627990e-06 -9.60555393e-04  2.74369812e+00
 -6.24851035e-06  2.54999343e-03], f(x) = -0.007925390069591757
Iteration: 1147, x = [-9.44813607e-01 -1.76910224e-07 -1.82260321e-01 -3.39266160e+00
  1.21158052e-05 -1.69424911e+00  3.34726658e+00  1.43543781e+00
  9.27997473e-01  3.34766913e+00 -1.43704091e+00  9.25259063e-01
 -2.75788707e+00 -2.65627990e-06 -9.60555393e-04  2.74369812e+00
 -6.24851035e-06  2.54999343e-03], f(x) = -0.007925390069591757
Iteration: 1148, x = [-9.44813607e-01 -1.76910224e-07 -1.82260321e-01 -3.39266160e+00
  1.21158052e-05 -1.69424911e+00  3.34726658e+00  1.43543781e+00
  9.27997473e-01  3.34766913e+00 -1.43704091e+00  9.25259063e-01
 -2.75788707e+00 -2.65627990e-06 -9.60555393e-04  2.74369812e+00
 -6.24851035e-06  2.54999343e-03], f(x) = -0.007925390069591757
Iteration: 1149, x = [-9.44813607e-01 -1.76910224e-07 -1.82260321e-01 -3.39266160e+00
  1.21158052e-05 -1.69424911e+00  3.34726658e+00  1.43543781e+00
  9.27997473e-01  3.34766913e+00 -1.43704091e+00  9.25259063e-01
 -2.75788707e+00 -2.65627990e-06 -9.60555393e-04  2.74369812e+00
 -6.24851035e-06  2.54999343e-03], f(x) = -0.007925390069591757
Iteration: 1150, x = [-9.44813607e-01 -1.76910224e-07 -1.82260321e-01 -3.39266160e+00
  1.21158052e-05 -1.69424911e+00  3.34726658e+00  1.43543781e+00
  9.27997473e-01  3.34766913e+00 -1.43704091e+00  9.25259063e-01
 -2.75788707e+00 -2.65627990e-06 -9.60555393e-04  2.74369812e+00
 -6.24851035e-06  2.54999343e-03], f(x) = -0.007925390069591757
Iteration: 1151, x = [-9.44813607e-01 -1.76910224e-07 -1.82260321e-01 -3.39266160e+00
  1.21158052e-05 -1.69424911e+00  3.34726658e+00  1.43543781e+00
  9.27997473e-01  3.34766913e+00 -1.43704091e+00  9.25259063e-01
 -2.75788707e+00 -2.65627990e-06 -9.60555393e-04  2.74369812e+00
 -6.24851035e-06  2.54999343e-03], f(x) = -0.007925390069591757
Iteration: 1152, x = [-9.44813607e-01 -1.76910224e-07 -1.82260321e-01 -3.39266160e+00
  1.21158052e-05 -1.69424911e+00  3.34726658e+00  1.43543781e+00
  9.27997473e-01  3.34766913e+00 -1.43704091e+00  9.25259063e-01
 -2.75788707e+00 -2.65627990e-06 -9.60555393e-04  2.74369812e+00
 -6.24851035e-06  2.54999343e-03], f(x) = -0.007925390069591757
Iteration: 1153, x = [-9.44813607e-01 -1.76910224e-07 -1.82260321e-01 -3.39266160e+00
  1.21158052e-05 -1.69424911e+00  3.34726658e+00  1.43543781e+00
  9.27997473e-01  3.34766913e+00 -1.43704091e+00  9.25259063e-01
 -2.75788707e+00 -2.65627990e-06 -9.60555393e-04  2.74369812e+00
 -6.24851035e-06  2.54999343e-03], f(x) = -0.007925390069591757
Iteration: 1154, x = [-9.44813607e-01 -1.76910224e-07 -1.82260321e-01 -3.39266160e+00
  1.21158052e-05 -1.69424911e+00  3.34726658e+00  1.43543781e+00
  9.27997473e-01  3.34766913e+00 -1.43704091e+00  9.25259063e-01
 -2.75788707e+00 -2.65627990e-06 -9.60555393e-04  2.74369812e+00
 -6.24851035e-06  2.54999343e-03], f(x) = -0.007925390069591757
Iteration: 1155, x = [-9.44813607e-01 -1.76910224e-07 -1.82260321e-01 -3.39266160e+00
  1.21158052e-05 -1.69424911e+00  3.34726658e+00  1.43543781e+00
  9.27997473e-01  3.34766913e+00 -1.43704091e+00  9.25259063e-01
 -2.75788707e+00 -2.65627990e-06 -9.60555393e-04  2.74369812e+00
 -6.24851035e-06  2.54999343e-03], f(x) = -0.007925390069591757
Iteration: 1156, x = [-9.44813607e-01 -1.76910224e-07 -1.82260321e-01 -3.39266160e+00
  1.21158052e-05 -1.69424911e+00  3.34726658e+00  1.43543781e+00
  9.27997473e-01  3.34766913e+00 -1.43704091e+00  9.25259063e-01
 -2.75788707e+00 -2.65627990e-06 -9.60555393e-04  2.74369812e+00
 -6.24851035e-06  2.54999343e-03], f(x) = -0.007925390069591757
Iteration: 1157, x = [-9.44813607e-01 -1.76910224e-07 -1.82260321e-01 -3.39266160e+00
  1.21158052e-05 -1.69424911e+00  3.34726658e+00  1.43543781e+00
  9.27997473e-01  3.34766913e+00 -1.43704091e+00  9.25259063e-01
 -2.75788707e+00 -2.65627990e-06 -9.60555393e-04  2.74369812e+00
 -6.24851035e-06  2.54999343e-03], f(x) = -0.007925390069591757
       message: Optimization terminated successfully.
       success: True
        status: 0
           fun: -0.007925390069591757
             x: [-9.448e-01 -1.769e-07 ... -6.249e-06  2.550e-03]
           nit: 1158
          nfev: 1793
 final_simplex: (array([[-9.448e-01, -1.769e-07, ..., -6.249e-06,
                         2.550e-03],
                       [-9.448e-01, -1.769e-07, ..., -6.249e-06,
                         2.550e-03],
                       ...,
                       [-9.448e-01, -1.769e-07, ..., -6.249e-06,
                         2.550e-03],
                       [-9.448e-01, -1.769e-07, ..., -6.249e-06,
                         2.550e-03]]), array([-7.925e-03, -7.925e-03, ..., -7.925e-03, -7.925e-03]))
...geometry optimization complete.
Minimum energy: -1739.4220531293251
Minimum geometry: [[-4.99973866e-01 -9.36168657e-08 -9.64480155e-02]
 [-1.79531933e+00  6.41140846e-06 -8.96558082e-01]
 [ 1.77129732e+00  7.59601032e-01  4.91075150e-01]
 [ 1.77151034e+00 -7.60449354e-01  4.89626046e-01]
 [-1.45941109e+00 -1.40564289e-06 -5.08304061e-04]
 [ 1.45190262e+00 -3.30656952e-06  1.34939851e-03]]
